cell_id,predicted_label
AAACAAGTATCTCCCA-1,1
AAACACCAATAACTGC-1,1
AAACAGAGCGACTCCT-1,0
AAACAGCTTTCAGAAG-1,1
AAACAGGGTCTATATT-1,1
AAACCGGGTAGGTACC-1,1
AAACCGTTCGTCCAGG-1,0
AAACCTAAGCAGCCGG-1,1
AAACCTCATGAAGTTG-1,1
AAACGAGACGGTTGAT-1,1
AAACGGTTGCGAACTG-1,0
AAACTCGGTTCGCAAT-1,1
AAACTGCTGGCTCCAA-1,0
AAACTTGCAAACGTAT-1,1
AAAGACCCAAGTCGCG-1,0
AAAGACTGGGCGCTTT-1,1
AAAGGCTACGGACCAT-1,1
AAAGGGATGTAGCAAG-1,1
AAAGGGCAGCTTGAAT-1,1
AAAGTAGCATTGCTCA-1,1
AAAGTCACTGATGTAA-1,0
AAAGTCGACCCTCAGT-1,1
AAAGTGTGATTTATCT-1,1
AAAGTTGACTCCCGTA-1,1
AAATAACCATACGGGA-1,0
AAATACCTATAAGCAT-1,0
AAATCCGATACACGCC-1,1
AAATCGTGTACCACAA-1,0
AAATCTAGCCCTGCTA-1,1
AAATGCTCGTTACGTT-1,0
AAATGGCATGTCTTGT-1,0
AAATGGCCCGTGCCCT-1,1
AAATTAACGGGTAGCT-1,0
AAATTACACGACTCTG-1,1
AAATTACCTATCGATG-1,1
AAATTGATAGTCCTTT-1,1
AAATTTGCGGGTGTGG-1,1
AACAACTGGTAGTTGC-1,1
AACAATACATTGTCGA-1,0
AACAATTACTCTACGC-1,1
AACACACGCTCGCCGC-1,1
AACACGACTGTACTGA-1,0
AACACGAGACGCGGCC-1,0
AACAGCTGTGTGGCAA-1,1
AACAGGAAATCGAATA-1,0
AACAGGATGGGCCGCG-1,0
AACAGGTAGTATGGAT-1,0
AACATATCAACTGGTG-1,1
AACATTGTGACTCGAG-1,1
AACCAAGACTTCTCTG-1,1
AACCATGGGATCGCTA-1,0
AACCCAGAGACGGAGA-1,0
AACCCGACAACCCGTG-1,1
AACCCTACTGTCAATA-1,1
AACCCTGGTGGAACCA-1,0
AACCGAGCTTGGTCAT-1,1
AACCGCTAAGGGATGC-1,1
AACCGTTGTGTTTGCT-1,1
AACCTCGCTTTAGCCC-1,1
AACCTTTAAATACGGT-1,0
AACCTTTACGACGTCT-1,1
AACGATAATGCCGTAG-1,0
AACGATAGAAGGGCCG-1,1
AACGATATGTCAACTG-1,1
AACGCATGATCTGGGT-1,1
AACGCGACCTTGGGCG-1,1
AACGCGGTCTCCAGCC-1,1
AACGCTGTTGCTGAAA-1,1
AACGGACGTACGTATA-1,1
AACGGCCATCTCCGGT-1,1
AACGTACTGTGGGTAC-1,1
AACGTCAGACTAGTGG-1,1
AACGTGATGAAGGACA-1,0
AACGTGCGAAAGTCTC-1,0
AACTACCCGTTTGTCA-1,1
AACTAGGCTTGGGTGT-1,1
AACTCAAGTTAATTGC-1,1
AACTCCAGAGCGTGTT-1,1
AACTCTCAATAGAGCG-1,1
AACTCTCAGTGTGCTC-1,1
AACTGATATTAGGCCT-1,1
AACTGGGTCCCGACGT-1,0
AACTTGCCCGTATGCA-1,1
AAGACCCAACTGAACA-1,1
AAGACTGCAAGCTACT-1,1
AAGAGATGAATCGGTA-1,1
AAGAGCTCTTTATCGG-1,1
AAGAGGATGTACGCGA-1,1
AAGAGGCATGGATCGC-1,1
AAGATTGGCGGAACGT-1,0
AAGCACCCTGCGTATC-1,1
AAGCATACTCTCCTGA-1,1
AAGCCGAAGCGGTTTA-1,1
AAGCGCAGGGCTTTGA-1,1
AAGCGTCCCTCATCGA-1,1
AAGCTAGATCGAGTAA-1,1
AAGCTCGTGCCAAGTC-1,0
AAGCTCTTTCATGGTG-1,1
AAGGAGCGGTTGGTGC-1,0
AAGGATCGATCGCTTG-1,0
AAGGATGAGGGACCTC-1,1
AAGGCGCGTAAAGCTT-1,1
AAGGCTGTGCTCATCG-1,1
AAGGGACAGATTCTGT-1,0
AAGGGACTATGCATTC-1,1
AAGGTATCCTAATATA-1,0
AAGGTGATAAACCAGC-1,1
AAGTAGAAGACCGGGT-1,1
AAGTAGTGACGCGAGG-1,1
AAGTCAATTGTCGTCA-1,1
AAGTGACGACCGAATT-1,0
AAGTGAGTCGGGTTTA-1,1
AAGTGCCTTGACTGTA-1,1
AAGTGCGTTAGAATCT-1,1
AAGTGTTTGGAGACGG-1,1
AAGTTCACTCCAAGCT-1,0
AAGTTCAGTCTGCGTA-1,0
AAGTTCGGCCAACAGG-1,1
AAGTTTATGGGCCCAA-1,1
AATAACAACGCTCGGC-1,1
AATAACACTAGAACAA-1,1
AATACCGGAGGGCTGT-1,1
AATAGAACAGAGTGGC-1,1
AATAGAATCTGTTTCA-1,1
AATATCAAGGTCGGAT-1,0
AATATCGAATCAATGC-1,1
AATATCGAGGGTTCTC-1,1
AATATTGGAGTATTGA-1,1
AATCATGTAAAGACTC-1,1
AATCCAAGGGCCTGAG-1,1
AATCGCCTCAGCGCCA-1,0
AATCGCGCAGAGGACT-1,0
AATCGGGACACTACGA-1,0
AATCGTGAGCCGAGCA-1,1
AATCTAGGTTTACTTG-1,1
AATCTATGCCGGAGCC-1,1
AATCTCTACTGTGGTT-1,1
AATCTGCGTTGGGACG-1,1
AATCTGGCTTTCTAGT-1,1
AATGACAGCAATGTCT-1,1
AATGACGTAGGATGTC-1,1
AATGACTGTCAGCCGG-1,1
AATGATGATACGCTAT-1,1
AATGATGCGACTCCTG-1,1
AATGCAACCGGGTACC-1,1
AATGCACCAAGCAATG-1,1
AATGGTCCACCGTTCA-1,1
AATGGTTCTCACAAGC-1,1
AATGTGCCCGAGGTGT-1,1
AATTAAAGGTCGGCGT-1,1
AATTAGCGCTGCAGCG-1,1
AATTCATAAGGGATCT-1,0
AATTCCAAGCATGTAC-1,1
AATTCGATTCGAGGAT-1,0
AATTCTAGAGTTAGGC-1,0
AATTGAACGCTCTGGT-1,1
AATTTGGGACATAGTA-1,1
AATTTGGTTCCAAAGA-1,0
ACAAATCGCACCGAAT-1,1
ACAAATGGTAGTGTTT-1,1
ACAACAGCATGAGCTA-1,0
ACAACGGTCCCTGCGA-1,1
ACAAGCAGTGCCTAGC-1,1
ACAAGGAAATCCGCCC-1,0
ACAAGGACAAGAGGTT-1,0
ACAAGGATGCTTTAGG-1,1
ACAAGGGCAGGCTCTG-1,1
ACAATAGTCGTACGTT-1,1
ACAATCCATTTAAACC-1,1
ACAATGAATACGGAGA-1,1
ACAATTGTGTCTCTTT-1,1
ACAATTTGAGCAGTGG-1,1
ACACAAAGACGGGTGG-1,1
ACACACCAGGACCAGT-1,1
ACACACTTTCTACACG-1,0
ACACCCAGCATGCAGC-1,1
ACACCCGAGAAATCCG-1,0
ACACCTTAAGTAGGGC-1,1
ACACCTTACTACTTGC-1,1
ACACGAGACTCCTTCT-1,1
ACACGGGAACTTAGGG-1,1
ACACTGATCAAGGTGT-1,1
ACAGAACTGAGAACAA-1,1
ACAGATTAGGTTAGTG-1,0
ACAGCATAGAGCCAGT-1,0
ACAGCGACATTCTCAT-1,1
ACAGCGCACCCGCAGC-1,1
ACAGGTGGAGGTGAGG-1,1
ACAGTAATACAACTTG-1,1
ACATAATAAGGCGGTG-1,0
ACATCAGCTGGGACGC-1,1
ACATCCCGGCCATACG-1,1
ACATCCTGGTAACTGT-1,1
ACATCGATCGTTTACC-1,0
ACATCGGTCAGCCGCG-1,1
ACATCGTATGCAATGG-1,1
ACATCGTTAACCTAGT-1,1
ACATGGCGCCAAAGTA-1,1
ACATTAGTTTATATCC-1,1
ACCAACGCTTATTTAT-1,1
ACCAAGAACGCGTGTC-1,1
ACCAATATGCAAGTTA-1,1
ACCACAAGTTTCTATC-1,0
ACCACCAATGTAACAA-1,1
ACCACGTGCAGCTATA-1,0
ACCAGTGCGGGAGACG-1,1
ACCATATCCGCAATAA-1,1
ACCATCCGCCAACTAG-1,1
ACCATCGTATATGGTA-1,0
ACCCAACGCCCGTGGC-1,1
ACCCACCTACATGCTC-1,0
ACCCATTTGTCCCTCT-1,1
ACCCGAGCGAAATTAC-1,1
ACCCGGAAACTCCCAG-1,1
ACCCGGATGACGCATC-1,0
ACCCGGTTACACTTCC-1,0
ACCCGTGTCATCAGTA-1,1
ACCCTCCCTTGCTATT-1,0
ACCCTTCATCTGCGAA-1,0
ACCGAAAGGGCCCTGC-1,1
ACCGACTGAGTCCCAC-1,1
ACCGATGGTAGCATCG-1,0
ACCGCGGTGGAAGTCG-1,0
ACCGGGCCTTTGTTGA-1,1
ACCTAAGTACCTTTCA-1,1
ACCTAATCGACTTCCT-1,0
ACCTACAGTATGTGGT-1,1
ACCTACTATAAATCTA-1,1
ACCTCCGTTATTCACC-1,1
ACCTGCGTGTCATGTT-1,1
ACGAAATGGGCGGCAC-1,1
ACGACTGGTCATACTC-1,1
ACGAGATATTTGCTTA-1,0
ACGAGGATACCACTCT-1,1
ACGAGTACGGATGCCC-1,1
ACGATACATAGAACTA-1,0
ACGATCATACATAGAG-1,1
ACGATCATCTTGTAAA-1,1
ACGATGCATATGTTAT-1,1
ACGATGGATCCGATGC-1,0
ACGCAATCACTACAGC-1,0
ACGCATACGTTTACTA-1,1
ACGCATTCGTGAGTAC-1,1
ACGCCAGATGATTTCT-1,0
ACGCCGCTAGACGACC-1,0
ACGCGAAGTCAGACGA-1,0
ACGCGCTACACAGGGT-1,1
ACGCGGGCCAAGGACA-1,1
ACGCTAGTGATACACT-1,1
ACGCTGTGAGGCGTAG-1,1
ACGGAATTTAGCAAAT-1,0
ACGGACTCTCAAAGCG-1,0
ACGGATGGTGCGGATA-1,1
ACGGCACTTGCTTGGG-1,0
ACGGCCAACATGGACT-1,1
ACGGCGACGATGGGAA-1,0
ACGGGAGTGTCGGCCC-1,1
ACGTACAGATTTCTCT-1,0
ACGTAGATTGCTGATG-1,0
ACGTATTACTCCGATC-1,1
ACGTGCGCCTCGTGCA-1,0
ACGTTAATGTCGAAGA-1,0
ACGTTAGATTTGCCCG-1,0
ACGTTCCGCGCTCCGT-1,0
ACGTTCGCAATCAATT-1,1
ACGTTCGTTCAGGAAA-1,1
ACGTTTAGTTGTGATC-1,0
ACTACCAGCTCTCTGG-1,1
ACTACGCGTTAGAATT-1,1
ACTAGTTGCGATCGTC-1,1
ACTATTCGTCCGTGGT-1,0
ACTATTTCCGGGCCCA-1,1
ACTCAAGTGCAAGGCT-1,1
ACTCAATAAAGGCACG-1,1
ACTCAGACCTGCTTCT-1,1
ACTCCAATATCATCAT-1,1
ACTCCCATTCCTAAAG-1,1
ACTCCCGAATTCGTTT-1,0
ACTCCCTAATGCTAAA-1,1
ACTCCCTAGAATAGTA-1,0
ACTCGTAACCCGTCCT-1,1
ACTCGTCAGTAATCCC-1,1
ACTCTCTGACTTAGGT-1,0
ACTCTTGTATAGTAAC-1,1
ACTGAAACGCCGTTAG-1,1
ACTGAATGGCGAAAGT-1,0
ACTGCCGTCGTAACTC-1,0
ACTGTACGATACACAT-1,1
ACTGTAGCACTTTGGA-1,0
ACTGTATACGCGAGCA-1,1
ACTGTCCAGGATTATA-1,1
ACTGTCTTCTTTAGAA-1,1
ACTGTGCTAGTAGATC-1,0
ACTTAGTACGACAAGA-1,1
ACTTATACTTACCCGG-1,1
ACTTATTAGGATCGGT-1,0
ACTTATTTATGTGCCA-1,1
ACTTCCATGCGGGACA-1,1
ACTTCGCCATACGCAC-1,1
ACTTGACTCCCTCTTT-1,0
ACTTGGGACCCGGTGG-1,0
ACTTGTAGTCCCTTCA-1,1
ACTTGTGGATGGAACG-1,1
ACTTTACCCTCATGAA-1,1
ACTTTCCTATAGCTTC-1,0
ACTTTGACTGCATCCT-1,1
AGAACGTGGTACATTC-1,1
AGAAGAGCGCCGTTCC-1,1
AGAAGGTACACTTCAC-1,1
AGAAGGTTGCCGAATT-1,1
AGAAGGTTGTAGGTCG-1,1
AGAAGTGATTCGTGAT-1,1
AGAATAAATCTTCAGG-1,1
AGAATTATGGATTCGA-1,1
AGAATTGTTTGACATA-1,0
AGACCATGGGATACAA-1,1
AGACCCACCGCTGATC-1,0
AGACCCGCCCTCCTCG-1,1
AGACCGGGAAACCCTG-1,1
AGACGAAGTGCCGGTC-1,1
AGACGACGATGCCGCT-1,1
AGACTAGCCTTCCAGA-1,0
AGACTGTTACCGGGTC-1,1
AGAGAACCGTCTAGGA-1,1
AGAGAAGGAGTACAAT-1,1
AGAGATCTCTAAAGCG-1,1
AGAGCAGTTATGAGAC-1,1
AGAGCGGGCTAATCAT-1,0
AGAGCGTACAAGCTCG-1,1
AGAGGCTTCGGAAACC-1,1
AGAGTAAACTTCACTA-1,1
AGATAACTTCAGGGCC-1,0
AGATACGACTTCATAT-1,1
AGATACTCAAGATCGA-1,1
AGATATAATACGACTA-1,1
AGATCGTGCATAAGAT-1,1
AGATCTCAGGTGTGAT-1,1
AGATGACTCGCCCACG-1,0
AGATGATGGAGTCTGG-1,1
AGATGCAAGACGTGCA-1,1
AGATTATAGGACGTTT-1,0
AGATTCACAACCGATA-1,1
AGCAAAGGCCGCTAGT-1,1
AGCAACATATCTTATT-1,1
AGCAACCGAAAGTAAT-1,1
AGCACCAGTACTCACG-1,1
AGCACTACCGGCCTGT-1,1
AGCACTACCTCACCAG-1,1
AGCACTTAAGGACGCC-1,0
AGCAGAAGGAGAAAGA-1,1
AGCATATCAATATGCT-1,1
AGCATCATTTCGAAAG-1,1
AGCATCGTCGATAATT-1,1
AGCCAAGCTTTGTGTC-1,1
AGCCACAGGTTACCCG-1,1
AGCCACTCCCGTGCTT-1,1
AGCCCATACATGTAAG-1,1
AGCCCGCAACAAGCAG-1,1
AGCCCGGTAGCCTGTA-1,1
AGCCCTAAGCGAAGTT-1,1
AGCCCTTCTAATCCGA-1,0
AGCCGTGGCTAAATGT-1,1
AGCCTAATACCCACGT-1,1
AGCGACAGGAACGGTC-1,1
AGCGACATCCCATTCA-1,1
AGCGACCAACGATATT-1,1
AGCGCGGGTGCCAATG-1,1
AGCGGACACTTCGTAG-1,1
AGCGGCGGTTAGCGGT-1,0
AGCGGGAAGGGTCCAT-1,1
AGCGGGTCTGACACTC-1,1
AGCGTGGTATTCTACT-1,0
AGCTAACAAGCAATGT-1,1
AGCTAAGTACGCAGGC-1,1
AGCTAGAAGCAGAAGT-1,1
AGCTATTTAATCCAAC-1,1
AGCTCTAGACGTTCCA-1,1
AGCTCTTCCCAGTGCA-1,0
AGCTCTTTACTCAGTT-1,0
AGCTGAAGTAAACCAA-1,0
AGCTGTAACCTCAATC-1,1
AGCTTGATCTTAACTT-1,1
AGGAAGCTGTCCGCCG-1,1
AGGACAGTCGAATCCC-1,1
AGGACATCGCACGTCG-1,0
AGGACGACCCATTAGA-1,0
AGGACGCTCGATGTTG-1,1
AGGAGGCCTTCGCGCG-1,1
AGGATAAAGTCGGGAT-1,1
AGGATATAGGGATTTA-1,1
AGGATCACGCGATCTG-1,1
AGGCAGATGCGTAAAC-1,0
AGGCAGGGAGCGTACT-1,1
AGGCATTGTCGTAGGG-1,1
AGGCCACCCGTTATGA-1,1
AGGCCCATTGTACAGG-1,0
AGGCCCTAGAACGCCA-1,0
AGGCCTGAGAATCTCG-1,1
AGGCTATGGTTAGCTT-1,1
AGGCTTCCCGAAGAAG-1,1
AGGGAAACGAGGTACT-1,1
AGGGACCGGCTGCGTT-1,1
AGGGAGACATACTTCG-1,1
AGGGCAGCGGCGTGGT-1,0
AGGGCGAGCAGCTGAT-1,1
AGGGCGTGATCGGCTA-1,1
AGGGCTGCAGTTACAG-1,0
AGGGTCAGAGCACTCG-1,0
AGGGTGCCGTTCTTTA-1,1
AGGGTGCTCTCGAGGG-1,1
AGGGTGGATAGTGCAT-1,0
AGGGTTCAGACGGTCC-1,0
AGGGTTCCCTTTGGTT-1,1
AGGGTTTAGTTCGGGA-1,0
AGGTAACCTCCTATTC-1,0
AGGTACGATATTGCCA-1,1
AGGTAGATCGAGATAT-1,1
AGGTAGGTACAAAGCT-1,1
AGGTATAATTGATAGT-1,1
AGGTCGCGGAGTTACT-1,1
AGGTGGTGACCTTCGC-1,1
AGGTGTATCGCCATGA-1,1
AGGTTGAGGCACGCTT-1,1
AGGTTTCACACACCTT-1,0
AGTAATGTCTTGCCGC-1,1
AGTACATCATTTATCA-1,1
AGTACGGCCCGTATCG-1,1
AGTACGGGCACCTGGC-1,0
AGTACTCTTATGCCCA-1,1
AGTAGGAAGGAAGTTG-1,1
AGTATAATACTAGGCA-1,1
AGTATGCTGGAGACCA-1,1
AGTATTTGGCACGACC-1,1
AGTCAACACCACCATC-1,0
AGTCAAGATGACACTT-1,1
AGTCACTAGCTCTCGA-1,1
AGTCAGCCACCGCCTG-1,0
AGTCCATTGGCTGATG-1,1
AGTCCCGCCTTTAATT-1,0
AGTCGACGGTCTCAAG-1,1
AGTCGGCCCAAACGAC-1,1
AGTCGGCTCAACTTTA-1,1
AGTCGGTTGCGTGAGA-1,1
AGTCGTATAAAGCAGA-1,1
AGTCGTCGACCACCAA-1,1
AGTCGTGGGCATTACG-1,1
AGTCTAAAGTATACTC-1,1
AGTCTCACAAGACTAC-1,1
AGTCTTCTCCTCAAAT-1,1
AGTCTTTAAAGTGTCC-1,1
AGTGAACAAACTTCTC-1,1
AGTGACCTACTTTACG-1,1
AGTGAGACTTCCAGTA-1,1
AGTGAGCCTCGCCGCC-1,1
AGTGATAACCTGCGCG-1,1
AGTGATATGAGTAGTT-1,1
AGTGATTCAAGCAGGA-1,1
AGTGCACGCTTAAGAA-1,1
AGTGCGTAGCTCGTAA-1,1
AGTGCTAAACACAGCA-1,1
AGTGCTTGCACGAATA-1,0
AGTGGCGGCAATTTGA-1,0
AGTGGCGTCTGAAGGT-1,1
AGTGGCTCCGTCGGCC-1,1
AGTGGTGTTACCCGTG-1,1
AGTGGTTGCGTATAGG-1,1
AGTGTATTGCGCATTG-1,1
AGTGTGGTCTATTGTG-1,1
AGTTAAACACTTGCGA-1,1
AGTTAAGCGGTCCCGG-1,1
AGTTAAGTCAACCGCT-1,1
AGTTACTCTATCGTGG-1,1
AGTTCCTACAGAATTA-1,0
AGTTCCTATTTATGTT-1,0
AGTTGACGGTCCTTGC-1,1
AGTTTCGCAGGTCGGA-1,1
AGTTTGCACCTGCCTC-1,0
AGTTTGGCACGGGTTG-1,1
AGTTTGGCCAGACCTA-1,1
ATAAACGGACCCGTAA-1,0
ATAAATATTAGCAGCT-1,0
ATAACGCCGGAGGGTC-1,1
ATAACGGAGTCCAACG-1,1
ATAAGGTGGAGAACAT-1,1
ATAAGTAGGATTCAGA-1,1
ATAAGTTACCGCGACG-1,0
ATAATAGCTGTTGAAT-1,0
ATAATAGTGTAGGGAC-1,1
ATAATCTTGGAGAACC-1,1
ATAATTAGCTAAGTAG-1,1
ATACAGGCCCTCCAAT-1,0
ATACCACGGGCAACTT-1,1
ATACCAGGCTAATAGA-1,1
ATACGCCGGCGAAACC-1,0
ATACGGAACGTCGTTT-1,1
ATACGGGTTTCGATTG-1,0
ATACGGTGAAGATGCA-1,0
ATACGTACTTAGCCAC-1,1
ATACGTCCACTCCTGT-1,1
ATACTAGCATGACCCT-1,0
ATACTGCCTTACACCG-1,1
ATACTTGTTCTCGAGC-1,0
ATAGACAACGGGACCT-1,0
ATAGACGAAGAGAAAG-1,0
ATAGAGTACTGGGACA-1,1
ATAGAGTTATCAACTT-1,1
ATAGGCGGCTATAGAA-1,1
ATAGGCTAGCTTCGCA-1,0
ATAGGGATATCCTTGA-1,0
ATAGGTTGGGCAGATG-1,1
ATAGTGAAGCGTTCTC-1,0
ATAGTTCCACCCACTC-1,1
ATATAAAGCGCTCGTG-1,1
ATATAAATGTAGCTGC-1,1
ATATCGGTAGGGAGAT-1,0
ATATCGTTCCTCGAAC-1,1
ATATCTCCCTCGTTAA-1,0
ATATCTTAGGGCCTTC-1,0
ATATGTCTCCCTAGCC-1,1
ATATTCAGTTAAACCT-1,1
ATATTCCCACAGGTCA-1,1
ATATTGCTGTCAAAGT-1,1
ATATTTAACCCTCAAG-1,0
ATCAAACACTGTTCCA-1,1
ATCAAACGAAGGTTTG-1,1
ATCAATCTGGGCTGCA-1,1
ATCACGTGCTAATTAA-1,1
ATCACTTCATCCTCGC-1,0
ATCAGACGGCACGCCG-1,0
ATCAGCCTCATGCTGC-1,1
ATCAGCTCGTCCACTA-1,1
ATCAGTAGGCAGGGAT-1,1
ATCCAACGCAGTCATA-1,1
ATCCAATGGAGGGTCC-1,1
ATCCAATGGTACCGAA-1,0
ATCCACATCGACAGAA-1,1
ATCCAGAGCAACAACC-1,1
ATCCAGGATTCGTGAA-1,0
ATCCTACCTAAGCTCT-1,0
ATCCTGAATCGCTGCG-1,0
ATCCTGCGTGGAATGG-1,0
ATCGACCCAATACAGA-1,0
ATCGACTCTTTCCGTT-1,0
ATCGCACGCCGGGAGA-1,1
ATCGCCAGTCAACATT-1,1
ATCGGCAAGCAGTCCA-1,1
ATCGGTTACCTAGTAA-1,0
ATCGTTAGCTAGCGGA-1,1
ATCTAATATCCTACGG-1,1
ATCTAGCTTGTGAGGG-1,1
ATCTCCCTGCAATCTA-1,1
ATCTGACATGGAAGGA-1,1
ATCTGCACCTCTGCGA-1,0
ATCTGCTGTTATCGCC-1,1
ATCTGGTTAAGACTGT-1,1
ATCTGTAATTGTACCC-1,1
ATCTTGACCTGCAACG-1,1
ATCTTGACTTGTCCAA-1,1
ATGAAGCCAAGGAGCC-1,1
ATGACGCCGGCTCTAA-1,1
ATGACGCGTTCTATCC-1,1
ATGACTATCAGCTGTG-1,1
ATGACTATGCGACATT-1,1
ATGAGGAGTGTTAATC-1,1
ATGATCGGGAATAGAC-1,0
ATGATGCAATGGTACA-1,1
ATGCACTACCGCATTG-1,1
ATGCATGATCCAGGAT-1,1
ATGCCATTTGCGACCA-1,1
ATGCCGGTCTTGCATA-1,1
ATGCCGGTTGATGGGA-1,1
ATGCGACAGTCCCATT-1,0
ATGCGAGTCCCACCAC-1,1
ATGCTCAGTGTTGCAT-1,1
ATGCTCTGGCGCGGTA-1,1
ATGGAGCAGGCCGTGA-1,1
ATGGATCCGGCGTCCG-1,0
ATGGATTGACCAAACG-1,1
ATGGCAGCCGAGAAAC-1,1
ATGGGACCTGCTGAAC-1,1
ATGGGCCTCGGCCTCT-1,1
ATGGTCGCGTGGTTTC-1,1
ATGTAAGGCTGCTCTT-1,1
ATGTACGATGACGTCG-1,1
ATGTAGCGCGCGTAGG-1,1
ATGTGCATCCGACGCA-1,1
ATGTGGACATCTTGAT-1,1
ATGTTACGAGCAATAC-1,1
ATGTTCGTCGACCCAC-1,1
ATGTTGTAGTCTGTTT-1,1
ATTAAACATGCGGACC-1,0
ATTAATACTACGCGGG-1,0
ATTAATGAACCAGTCG-1,1
ATTAATTCGGTCACTC-1,0
ATTACAACTACCGGCC-1,0
ATTACATGTCAGTCTT-1,1
ATTACGCGCTGGCAGG-1,1
ATTACTAGCCTCTTGC-1,0
ATTACTTACTGGGCAT-1,1
ATTAGATTCCTCAGCA-1,1
ATTAGATTGATAGCGG-1,1
ATTAGGCGATGCTTTC-1,1
ATTATACTTTGCTCGT-1,0
ATTATCGGAATGTACG-1,1
ATTATCTCGACAGATC-1,0
ATTATGCCATAGGGAG-1,0
ATTCAACCATTTAAGG-1,1
ATTCACTGATGTTGGA-1,0
ATTCAGGACCTATTTC-1,1
ATTCAGTAGCAGGGTC-1,1
ATTCATATACTGTCCA-1,0
ATTCATCGTTGAGGCA-1,1
ATTCCCACATAAACAA-1,1
ATTCCTCCGCCAGTGC-1,1
ATTCGACGCCGGGCCT-1,0
ATTCGTGCTATCTCTT-1,1
ATTGAAGATCTTAGTG-1,0
ATTGACGTAACTCGGT-1,0
ATTGATGAGTCCTAAC-1,1
ATTGCCTTTATGTTTG-1,1
ATTGCTGCTCCTCCAT-1,1
ATTGGATTACAGCGTA-1,1
ATTGTACAACTCGGCT-1,1
ATTGTCGCAATACCTT-1,1
ATTTACAGTTTACTGG-1,1
ATTTACTAAGTCCATT-1,1
ATTTCATTATTTCGCG-1,1
ATTTCCGGGTTCTGCG-1,1
ATTTGCGCGAGTAGCT-1,1
ATTTGTCTTGGGAGCT-1,0
ATTTGTTCCAGGGCTC-1,0
CAAACGAGTATCGCAG-1,0
CAAACGGTCGCACTTT-1,1
CAAACTACGATAGAGA-1,1
CAAACTATTGAGCTTC-1,1
CAAACTCGCGACGCCG-1,0
CAAAGATTATTGGGCC-1,1
CAAATCTCTCACAAGG-1,0
CAAATTGTCAGCAAGC-1,0
CAACGACCCGTTTACA-1,0
CAACGGTTCTTGATAC-1,1
CAACTATATCGAATGC-1,1
CAACTCCTTGATCCCG-1,1
CAACTGCTCATCCGAT-1,1
CAACTTGTAGTGGGCA-1,0
CAAGAGGGCGGAGTAC-1,0
CAAGATATTATAACGT-1,1
CAAGCAACGTCGGAGT-1,1
CAAGCACCAAATGCCT-1,0
CAAGCGGCACATAATT-1,1
CAAGGATCGCATGTTC-1,1
CAAGGTCCTATAGGCT-1,1
CAAGTAAGTGATAGAC-1,0
CAAGTGTGGTTGCAAA-1,1
CAATAAACCTTGGCCC-1,1
CAATACGCTCTGAGGC-1,1
CAATATTCTTGACCTA-1,1
CAATCCCTATACCAGC-1,0
CAATGCGAGAAGTATC-1,1
CAATGGATCTCTACCA-1,0
CAATGTGCCAACCCTT-1,1
CAATTAAGGGTGATGA-1,1
CAATTTCGTATAAGGG-1,1
CACAATGAGCTGCTAT-1,1
CACACACGCTAACGAG-1,1
CACACAGGGATAGATT-1,1
CACAGCACCCACGGCA-1,0
CACAGCTAGGGAGTGA-1,0
CACAGGGCCATATAGT-1,1
CACAGGGCCGTTGTCA-1,1
CACATATTAGCAGGAT-1,0
CACATGATTCAGCAAC-1,1
CACATTCTTTCGATGG-1,0
CACATTTCTTGTCAGA-1,1
CACCACGCCACACAGA-1,0
CACCAGTCAGCATGCA-1,1
CACCATCGGAGGAGAC-1,0
CACCCACACGTCACCC-1,1
CACCCACGAGGCAATT-1,1
CACCCGGTTTGTGACT-1,1
CACCCTAACAAGATCT-1,1
CACCCTTGGTGAGACC-1,1
CACCGATACACCGAGC-1,0
CACCGCCAGAAGGTTT-1,1
CACCGCCGACCAGCGA-1,0
CACCGTATCCCATCCG-1,1
CACCGTTAGGGATCAC-1,1
CACCGTTGCGCGATAT-1,1
CACCTAATAGAGTCGT-1,1
CACCTAATCAGTTTAC-1,1
CACCTCGATGGTGGAC-1,1
CACCTTGCGAAACTCG-1,0
CACCTTGGCGCCTTTG-1,1
CACGAAAGTTAGTCCC-1,0
CACGCACAGCGCAGCT-1,1
CACGCAGCGAGGCTTT-1,0
CACGCGGAACTGTTGC-1,1
CACGGGATTGAGGGTT-1,0
CACGTCGGCAACCTCT-1,0
CACGTTCGTGCTCTAG-1,1
CACGTTTCGTACACAC-1,1
CACTCAAGAGCTATGG-1,1
CACTCAGCTCTTGAGG-1,0
CACTCCTATGTAAGAT-1,1
CACTCCTCTCGGTCGG-1,1
CACTCGAGCTGAACAA-1,0
CACTCGGTTAGGAGGA-1,1
CACTCTTCTGCTAGCC-1,1
CACTGACGATTGTGGA-1,1
CACTGTCCAAGTGAGA-1,1
CACTTAATCAGACGGA-1,1
CACTTCGCCACAGGCT-1,1
CAGACACCGATCGCTG-1,0
CAGACCTGTAAGTGTT-1,1
CAGACGAACCTGATAC-1,0
CAGAGACGGTCACCCA-1,1
CAGAGCATGAGCTTGC-1,1
CAGAGGCGATGCATGA-1,1
CAGAGTGATTTAACGT-1,1
CAGATACTAACATAGT-1,1
CAGATCATTTAAAGTC-1,1
CAGATCCTGGTTTGAA-1,1
CAGCAGCCCGTTCCTT-1,1
CAGCAGTCCAGACTAT-1,0
CAGCAGTCTGTGCTGC-1,1
CAGCCGGGCCCTCTAT-1,1
CAGCCTCCTGCAGAGG-1,0
CAGCCTCTCCTCAAGA-1,1
CAGCGATTCCCTTCAA-1,1
CAGCTCACTGAGACAT-1,0
CAGCTCGACAAGTTAA-1,1
CAGCTCGTGCTTGTGT-1,1
CAGCTGGCGTAACCGT-1,1
CAGCTTAGTAGGTAGC-1,1
CAGGAAGACTTTATAT-1,1
CAGGATATATCGTTGT-1,0
CAGGCAGTCTTACCAG-1,1
CAGGCCGTTTGGGTGT-1,0
CAGGCGCACGGTGGTC-1,1
CAGGCGCCATGCTAGG-1,0
CAGTAACTATTTATTG-1,1
CAGTAATCCCTCCCAG-1,1
CAGTACATTCTCTAAA-1,1
CAGTACCAGTTTACGT-1,1
CAGTAGCCCACGCGGT-1,1
CAGTCGAGGATGCAAT-1,1
CAGTCTGTATACTGGG-1,0
CAGTGAATAAATGACT-1,0
CAGTGTCCGCAGAATG-1,1
CAGTGTCGGCTGGCCC-1,1
CAGTTCAAATTGACAC-1,0
CAGTTCCGCGGGTCGA-1,0
CATAACGGACAGTCGT-1,1
CATAAGAAGCTTGGCT-1,1
CATAAGCTCTCCGTCT-1,1
CATACAAAGCCGAACC-1,1
CATACACGGTTCCCAC-1,1
CATACCCGTACCCAGT-1,1
CATACGAACTAGCTGG-1,1
CATACGGCGTCTGGGC-1,0
CATACTATGTAATTGT-1,0
CATACTTAGGCAATAC-1,1
CATACTTCTTTCTCCG-1,1
CATAGCCGCCCGGGAT-1,1
CATAGCGTTGCCCACC-1,1
CATAGTACATTGAGAG-1,1
CATAGTAGCATAGTAG-1,1
CATAGTCCACAAGAAC-1,0
CATATACTACTGATAA-1,0
CATATAGGTACAGTCA-1,1
CATATGTCAGGCTACG-1,1
CATATTATTTGCCCTA-1,1
CATCATCTACCCGGAC-1,1
CATCATTACCCTGAGG-1,0
CATCCTCTCAAAGATC-1,1
CATCGGACGGGTTAAT-1,0
CATCTATCCCGTGTCT-1,1
CATCTTACACCACCTC-1,1
CATGAACCGACATTTG-1,0
CATGACTTCGCTGAAT-1,1
CATGAGATGCACTCTC-1,1
CATGATGCACAATTCT-1,0
CATGATGGAAGTTAGC-1,1
CATGCCAACTCGCAAA-1,0
CATGCGACCAGTTTAA-1,1
CATGCGTTAGACAGAA-1,0
CATGCTGGCTCCAATT-1,0
CATGGATTGTCTTCCG-1,1
CATGGCAGGAAGATCG-1,1
CATGGGTATGCCTTAT-1,1
CATGGGTCGGGTGTGG-1,0
CATGGTAAGTAGCGTT-1,0
CATGGTCTAGATACCG-1,1
CATGTAAGAGACATTT-1,1
CATGTCTCATTTATGG-1,0
CATTACGTCGGCCCGT-1,0
CATTATGCTTGTTGTG-1,1
CATTGCGAAATGGGCG-1,1
CATTTAGCGGACCATG-1,0
CATTTCTAGCAGACTA-1,0
CATTTGAGTGGTACGT-1,0
CCAAACAGAACCCTCG-1,1
CCAACCTTATGTAACT-1,1
CCAACGATGCACTGAT-1,1
CCAAGAAAGTGGGCGA-1,1
CCAAGACTTCTGCGAA-1,0
CCAAGCGTAACTCGTA-1,0
CCAAGGAACAGAGAGG-1,1
CCAATAGTGCCGTCGA-1,0
CCAATCGGTAGATCGA-1,1
CCAATGTCACAGCAAG-1,0
CCAATTACGGGTCGAG-1,0
CCAATTGAATGTTAAT-1,1
CCACAATGTACGTCTT-1,1
CCACACTGAGATATTA-1,0
CCACAGTACCCATCCT-1,1
CCACCAACTTTACTGT-1,1
CCACCCAAGGAAAGTG-1,1
CCACGGAGCCATAAGA-1,1
CCACGGTGCCCGGTAG-1,1
CCACTGGTGGCTGGTT-1,0
CCAGAAAGCAACTCAT-1,1
CCAGATAGTTGAGTGA-1,0
CCAGCCTGGACCAATA-1,1
CCAGCTCGAACGCATT-1,1
CCAGCTGATGGTACTT-1,0
CCAGCTTCCGCCCGCA-1,1
CCAGGGACGTGGCCTC-1,0
CCAGTAGTCTGATCCA-1,0
CCAGTCAAATCTCTTA-1,1
CCAGTCTAGACGGCGC-1,1
CCATAAACAACCCGAC-1,0
CCATACCTTTACTTGT-1,1
CCATAGGTTGGCGTGG-1,1
CCATATGGAAACTATA-1,1
CCATCCATACCAAGTC-1,1
CCATCGCAGTTAAACT-1,0
CCATCTCACCAGTGAA-1,1
CCATGCCCTAGATTTC-1,1
CCATGCCTGTTTAGTA-1,1
CCATGCTCTGCAGGAA-1,1
CCATGGCCCTTGTACC-1,1
CCATTAGCGATAATCC-1,1
CCATTCCCTGCCCACA-1,1
CCATTTCTACCTATTA-1,0
CCCAAACATGCTGCTC-1,1
CCCAACATACGTCGCG-1,1
CCCAACCACACTAACA-1,0
CCCAATGAGATTTGCA-1,1
CCCAATTTCACAACTT-1,1
CCCAGAGGAGGGCGTA-1,1
CCCAGTAAACTTGGGA-1,1
CCCAGTTAAGGCGCCG-1,0
CCCGAAGTTTCGCGAA-1,1
CCCGACCATAGTCCGC-1,1
CCCGAGTTTCTCCGTA-1,1
CCCGCAGCGCGAACTA-1,0
CCCGCAGGGCCCAAAG-1,0
CCCGCCATGCTCCCGT-1,0
CCCGCGCAATGCACCC-1,1
CCCGGTGTATCGGAAT-1,1
CCCGTAAGTCTAGGCC-1,1
CCCGTCAGCGTCTGAC-1,1
CCCGTTTCGCAGATGT-1,1
CCCTATGTAGAGCAGA-1,1
CCCTCATTCTGGAATT-1,1
CCCTCCTCGCTCGTAT-1,1
CCCTGAAATGAGTTGA-1,1
CCCTGACTAACAAATT-1,1
CCCTGCCCAATCCGCT-1,1
CCCTGCGCTACGCATA-1,1
CCCTTTGACAGGTCTT-1,1
CCGAAAGTGGTGAGCA-1,0
CCGAACCTTCCCGGCC-1,0
CCGAAGTATATTGTTC-1,0
CCGACAAAGGGAGTGC-1,1
CCGACGGGCATGAGGT-1,1
CCGAGAAGTCGCATAA-1,1
CCGATCTCAACCTTAT-1,0
CCGATTCGAGGGACCC-1,1
CCGCACAAAGACCAAC-1,0
CCGCACGTGACCTCGG-1,1
CCGCATGTGGTACGAT-1,1
CCGCCGGTCAACACAC-1,1
CCGCCTGCGAATTGGT-1,1
CCGCGATTTGGTAGGT-1,0
CCGCGGAATGCGTCAC-1,1
CCGCGGGTACGAAGAA-1,1
CCGCGTAGGTAAGGGC-1,1
CCGCTATCAGCACCAG-1,0
CCGCTTACCTCACTCT-1,1
CCGGAATGGTTTCAGT-1,1
CCGGAGCGTACTTTCT-1,1
CCGGCACGACCGTTTC-1,1
CCGGCGCATATTGGAT-1,0
CCGGCGTGAGACTCTG-1,1
CCGGGCGGTCTCGTCA-1,1
CCGGGCTGCTCCATAC-1,1
CCGGGTTCGAGGTTAC-1,1
CCGGTAATGGCTAGTC-1,1
CCGTAAGTTGGTCCCA-1,1
CCGTACCCAAGCGCCA-1,1
CCGTAGGAAATCCCTG-1,0
CCGTATCTCGTCGTAG-1,1
CCGTGCCCATGACGGC-1,1
CCGTGGAACGATCCAA-1,1
CCGTGTTAAATTCCAT-1,1
CCGTTACGTTAGAACA-1,0
CCGTTCCGAATCTCGG-1,1
CCTAAAGGCTGACGCT-1,1
CCTAAATTAACGGTTC-1,0
CCTAACCCAAACAAGT-1,0
CCTAACTAAGGCTCTA-1,1
CCTACATTCACAGACG-1,1
CCTACGGCTCAGTCGA-1,1
CCTACTGCTTACACTT-1,0
CCTAGGCGTAGCGATC-1,0
CCTAGGTAAAGGTAGC-1,1
CCTAGTTAGTCGCATG-1,0
CCTATATTTGTCCTGG-1,1
CCTATGAAGTGGTGCC-1,1
CCTATGGCTCCTAGTG-1,1
CCTATGGGTTACCGTC-1,1
CCTATGGTCAAAGCTG-1,1
CCTATGTCCACTCCAC-1,1
CCTCACCAATCTTGAC-1,1
CCTCACCTGAGGGAGC-1,1
CCTCACCTTAGCATCG-1,0
CCTCCCGACAATCCCT-1,1
CCTCCGACAATTCAAG-1,0
CCTCCTGAGCCCACAT-1,1
CCTCCTGTTGTGTCGT-1,1
CCTCGAAGTGGACGGG-1,0
CCTCGCCAGCAAATTA-1,0
CCTCGCGCGATATAGG-1,0
CCTCGGACCGGGATAG-1,1
CCTCGGATGCTACCTG-1,0
CCTCTAATCTGCCAAG-1,1
CCTCTATCGATTAGCA-1,1
CCTCTCTCCCATCTAG-1,1
CCTCTGGCCTAGACGG-1,0
CCTCTGTACTATTCTA-1,1
CCTGAACGATATATTC-1,1
CCTGAATATTTACATA-1,1
CCTGACCACCGATGGT-1,0
CCTGCCCGTTGTCTAG-1,0
CCTGCGTTCTACGCTT-1,1
CCTGCTATTTGAGAAG-1,1
CCTGGAAACGTTCTGC-1,1
CCTGGCTAGACCCGCC-1,1
CCTGTAAGACATGATA-1,0
CCTGTACTCACGCCCA-1,0
CCTGTCACCCGGGCTC-1,1
CCTGTCCCTCACGTTA-1,1
CCTGTCGCCCGTAAAT-1,0
CCTGTTTGAAGACACG-1,1
CCTTCGTATAGAATCC-1,1
CCTTCTTGATCCAGTG-1,1
CCTTTAAGGGAGCACT-1,1
CCTTTCAATGAAGAAA-1,1
CGAAACATAGATGGCA-1,1
CGAAACGCAATTCATG-1,0
CGAACAGTATGGGCGT-1,1
CGAACCCGCATGCGTC-1,0
CGAACGCCCAGTGCCG-1,0
CGAACGGCCGGACAAC-1,1
CGAAGCTATAAATTCA-1,0
CGAAGTTGCTCTGTGT-1,0
CGAATGACGCATAATG-1,1
CGACAATTTGATCTAA-1,1
CGACACGCTCCGACAG-1,1
CGACAGTTCGCGTTAT-1,0
CGACATGCGATCTTCT-1,1
CGACCCTTAACGCCGG-1,1
CGACGCATCCGTACCT-1,1
CGACTCAGGATGTTAT-1,0
CGACTTTGTATAGCCT-1,1
CGAGACCCTAGAGTGT-1,0
CGAGAGATGTGAACCT-1,0
CGAGAGCTTTCACTAC-1,1
CGAGAGGGTAGCCGCG-1,1
CGAGCACTTCAAGTTT-1,1
CGAGCGTTGATCAGCC-1,1
CGAGCTGGGCTTTAGG-1,0
CGAGGCTAAATATGGC-1,1
CGAGGGACTGCGGTCG-1,0
CGAGGGTATCCAGGTG-1,0
CGAGTACTAAAGAGGA-1,0
CGAGTGAAGGTACCAG-1,1
CGAGTGCTATAGTTCG-1,0
CGAGTTCTGTCCCACC-1,0
CGAGTTTATCGGACTG-1,1
CGATACCTCGCGGACA-1,0
CGATCCGACCCAGTGC-1,1
CGATCCTCGCAACATA-1,1
CGATCTGTTGGAGGAC-1,1
CGATGGACCCTACGCC-1,1
CGATTAAATATCTCCT-1,1
CGATTCGCCTGGCTGC-1,1
CGCAAACACGAGTTAC-1,0
CGCAATTACTTTCGGT-1,1
CGCAATTAGGGTAATA-1,1
CGCAATTCTACAATAA-1,1
CGCACATGTCCACTAC-1,0
CGCACGTGCGCTATCA-1,1
CGCAGAAACATTTGCG-1,0
CGCAGGCGATCCAAAC-1,1
CGCATGGTGCGATGCT-1,0
CGCATTAGCTAATAGG-1,1
CGCCAAGAAGCCGAGT-1,1
CGCCACAGGTCGCGAT-1,1
CGCCATCCGATTATGA-1,1
CGCCCAGCGTTTCACG-1,0
CGCCCGCTTCCGTACA-1,1
CGCCGCCCATGCCTGT-1,0
CGCCTCCCTCCTCTAT-1,0
CGCCTGGCCTACGTAA-1,0
CGCGACCGCGACAGAT-1,0
CGCGAGTCTGCCGGGT-1,1
CGCGCAAATGTCCAGA-1,1
CGCGCATGTTTGATTG-1,1
CGCGCCCGACTTAATA-1,1
CGCGGCTCAACTTGAA-1,1
CGCGGGAATTAGGCAG-1,1
CGCGTTCATGAAATAC-1,0
CGCTACGGGACATTTA-1,0
CGCTAGAGACCGCTGC-1,0
CGCTATACCGCCCACT-1,1
CGCTATTCAATGTATG-1,1
CGCTATTCTTAGGCTC-1,0
CGCTCGACATAATGAT-1,1
CGCTCTCCGTAGATTA-1,1
CGCTGGTGACTACCCT-1,1
CGCTGTGACGCCGCAC-1,1
CGCTGTGTGGATGTTG-1,1
CGCTTAGTATTGATAC-1,1
CGCTTATTCCCGGTCG-1,1
CGCTTCCACTGAAATC-1,1
CGCTTTCATACCGGTG-1,1
CGCTTTCTTGCATTCG-1,0
CGGAACGTAAACATAG-1,0
CGGAGCAATTTAATCG-1,0
CGGAGCATGGCGATCC-1,1
CGGAGCTTATAACACC-1,0
CGGAGTTTGAGAGACA-1,0
CGGATCCTCAAGGACT-1,1
CGGCAAACATCGTGCG-1,1
CGGCAGGGTCGGGTTG-1,1
CGGCCACGCACAAAGT-1,0
CGGCCAGAGCGACCAT-1,1
CGGCCCAACCTGTAGT-1,1
CGGCCCAGGTATATCC-1,1
CGGCGCCATCAATCCC-1,1
CGGCTCTAAAGCTGCA-1,1
CGGCTTTGTATGATAA-1,0
CGGGAATATAGTATAC-1,1
CGGGAATTTATGTAAA-1,0
CGGGAGCTTCAGTGTA-1,1
CGGGATCAATGTAAGA-1,1
CGGGCAGCTAAACCGC-1,0
CGGGCCTTCTTTGTAA-1,0
CGGGCGATGGATCACG-1,0
CGGGTGTACCCATTTA-1,1
CGGTACTAGAATCAAA-1,0
CGGTAGAGGTGCAGGT-1,0
CGGTCAAGTGGGAACC-1,0
CGGTCCGTCGCAAGCC-1,1
CGGTCTATCAACCCGT-1,1
CGGTGAAGACTAAAGT-1,1
CGGTGCAGATAGAACG-1,1
CGGTGCGCGTTGGTCC-1,1
CGGTGGGCTCCAGCCT-1,0
CGGTGTACTTGATCCC-1,1
CGGTTATCCAACAGTG-1,0
CGGTTCAAGTAGGTGT-1,1
CGGTTGACCTGGCATA-1,1
CGTAACTTCGACACTT-1,1
CGTACCTGATAGGCCT-1,0
CGTAGCGAATTGTCAG-1,0
CGTATTAAGAGATCTA-1,1
CGTCAAGGCTATAAAT-1,1
CGTCACGTCCATTGGT-1,0
CGTCGCATGTGAGCCA-1,1
CGTCGCTTGGTTATAC-1,1
CGTCGGATAGTGTTGA-1,1
CGTCGGGTCTAAGCGC-1,1
CGTCGTCCTTCGCGAA-1,1
CGTCTGGAAGGGCCCG-1,1
CGTGAAGTTAATTCAC-1,1
CGTGACATTGGGTCGT-1,1
CGTGACCAGTCCTCTG-1,1
CGTGCAGACTGGGACA-1,0
CGTGCATTGTCGACGC-1,1
CGTGCCCTCCCGAAGA-1,0
CGTGCTTCTACCTAAA-1,1
CGTGGCCGAATATCTA-1,1
CGTGGTACCCAAAGGC-1,0
CGTGTCCCATTCGCGA-1,1
CGTGTCTCGTTACGAC-1,1
CGTTAAACTAGTTAGG-1,0
CGTTAATGTCCCGACG-1,0
CGTTAGCTCACAACTG-1,1
CGTTCAGACCCGCGAA-1,1
CGTTCATGGTGCGCGT-1,0
CGTTGAATACCGCGCT-1,1
CGTTGAGCGACCGTCG-1,0
CGTTGTAAGATTGATT-1,1
CGTTGTCGGCAATTGA-1,0
CGTTGTTTCAATTCCC-1,0
CGTTTAAGCGGAGCAC-1,1
CGTTTCACTTCGGGCG-1,0
CGTTTCGCTCATTACA-1,1
CGTTTGTGTAGAGGGT-1,1
CTAAAGAATGCCTACT-1,1
CTAAAGGGAAATAGGA-1,0
CTAAATCCGGTGTACA-1,1
CTAAATCCTATTCCGG-1,1
CTAACCGCGCGCCCGT-1,1
CTAACGAAACTTGCTG-1,0
CTAACTGATAATCGCC-1,0
CTAACTGGTCCGGTTC-1,1
CTAAGGGAATGATTGG-1,0
CTAATTCGCACGCGCT-1,1
CTAATTCTCAGATATT-1,1
CTAATTTCAACAACAC-1,1
CTACACTCGCAGATGG-1,1
CTACCCTAAGGTCATA-1,1
CTACGACTAGCTATAA-1,1
CTACGCACGGAGTACC-1,1
CTACGCCATTTCCGAT-1,1
CTACTATCATAGGTTT-1,1
CTACTATCTTTCAGAG-1,1
CTACTCAAGGTATAGT-1,1
CTACTCTAGGCCCGGC-1,1
CTACTGCCACCTGACC-1,1
CTAGATGTGAGTGTAA-1,0
CTAGATTTACGACGGC-1,0
CTAGCATAGTATAATG-1,1
CTAGCCGATGTTATGA-1,1
CTAGGCGCCCTATCAG-1,1
CTAGGTCTGAAGGAAT-1,1
CTAGGTTCGGACGTGA-1,1
CTAGTAGAAAGGGATT-1,1
CTAGTATTCGGAATTA-1,1
CTAGTCACGTCTTAAG-1,1
CTAGTGAAGGACAGGA-1,1
CTAGTTACAACCCGGT-1,1
CTAGTTGGGCCCGGTA-1,1
CTATAAGAGCCAATCG-1,1
CTATCGACGAAATACA-1,0
CTATCGGGTCTCAACA-1,0
CTATGCCCGAATGCAA-1,1
CTATGGGAAGCGGAAT-1,1
CTATGTCACTAGCCCA-1,0
CTATGTCTATTGAAAC-1,1
CTATTCATGTGTCCCA-1,1
CTATTTGGTTACGGAT-1,1
CTCAAACCACTGCCCG-1,1
CTCAACTAACCCGGAT-1,1
CTCACATTTACTAAAT-1,1
CTCACTGTGATACTTA-1,1
CTCACTTGGCTGGTAA-1,0
CTCAGGACTCACCTGT-1,0
CTCAGTCACGACAAAT-1,0
CTCATGGCTCACAATC-1,0
CTCATGGTAATTTGCG-1,1
CTCATTGCTCTAACAA-1,0
CTCATTTGATGGGCGG-1,1
CTCCCTCCTTTCGATC-1,1
CTCCGGCCTAATATGC-1,1
CTCGAGGTCGAACAGT-1,1
CTCGATATTTGCGAGC-1,1
CTCGCACCTATATAGT-1,1
CTCGGGTTCTCTGGCC-1,1
CTCGGTACCACTGCTC-1,0
CTCGGTCCGTAGCCTG-1,0
CTCGGTTGTCGGCCCT-1,1
CTCGTTTCTAATGTTT-1,1
CTCTAATGCATTGATC-1,1
CTCTACACTGGCGATT-1,1
CTCTATTTGGCTGCAG-1,1
CTCTCACAATCGATGA-1,0
CTCTCTAACTGCCTAG-1,0
CTCTGGACGCCTGGTG-1,0
CTCTGTTTGAGGATTC-1,1
CTCTTCTATTGACTGG-1,1
CTCTTCTGGAAGTTAG-1,1
CTCTTGTCCCGCTTGG-1,1
CTGAAAGAGATCCGAC-1,0
CTGAATCCGAGACCTC-1,0
CTGAATTTATTGCCAG-1,0
CTGACTGCGCAGCTCG-1,1
CTGAGCAAGTAACAAG-1,0
CTGATAGTGTATCTCA-1,1
CTGCACAACTACATAT-1,0
CTGCACCTGGAACCGC-1,1
CTGCACTCCAGTACAG-1,1
CTGCCAAGGTTGGAAG-1,0
CTGCCATGCATCACAT-1,0
CTGCCTTTAATACCTT-1,1
CTGCCTTTCTAGTAAA-1,1
CTGCGGGTGAAATGTT-1,1
CTGCGTTACGATATAA-1,1
CTGCTGAGGCCACGAA-1,1
CTGCTTGGCGATAGCT-1,1
CTGGAAATGGATGCTT-1,0
CTGGAAGACACGGTGG-1,1
CTGGACGCAGTCCGGC-1,1
CTGGATTTACACTTGA-1,1
CTGGCATCCGAATGAG-1,1
CTGGCGACATAAGTCC-1,1
CTGGCGCACAGGTCTG-1,1
CTGGCGGGAATAAGTA-1,1
CTGGCTGATTCATCCT-1,1
CTGGCTGGTTGTCAGT-1,1
CTGGGATAAATAATGG-1,1
CTGGGCCTGCTATATC-1,1
CTGGGTAGGCAGTTAA-1,0
CTGGTAACACATAGAA-1,1
CTGGTAACGAGCTCTT-1,0
CTGGTTTCGAGCAAGA-1,1
CTGTAGTGAGGATCGA-1,1
CTGTATGGTGTAGAAA-1,1
CTGTCAAATGGCTCGG-1,1
CTGTGCAGGGTAGGTC-1,0
CTGTGGTCGGGAGATA-1,1
CTGTTACCCAATCTAG-1,1
CTGTTCACTGCCTGTG-1,1
CTGTTCATCTCACGGG-1,1
CTTAACTTCGAAGTAC-1,0
CTTACACGGTATTCCA-1,0
CTTACACTGGGAAATA-1,1
CTTAGCCTTCCACATG-1,0
CTTAGTAGGCCTACAG-1,1
CTTAGTGTAGTAGCAT-1,0
CTTATGCGCTCAGGGC-1,1
CTTCAACTCCACTTGG-1,0
CTTCAGTGGTCGCCTA-1,1
CTTCATAGCTCAAGAA-1,1
CTTCATTGTCAGTGGA-1,0
CTTCGGCCAATTGTTT-1,1
CTTCGTAGATAGGTGA-1,0
CTTCTATGTTGAAGTA-1,1
CTTCTATTAATGCTAG-1,1
CTTCTGGGCGTACCTA-1,1
CTTCTTACGTCGTATA-1,0
CTTGACCCGAAAGATA-1,1
CTTGAGTTAGGGTAAT-1,1
CTTGCAACCGCCTCCT-1,0
CTTGCCCAGGCTCTAC-1,0
CTTGGCCAAGCTGGGA-1,1
CTTGTACTTGTTGACT-1,1
CTTGTCAACATTCGAG-1,0
CTTGTGAGTCTTTGAC-1,0
CTTGTGCTCACCGATT-1,0
CTTGTTGCTGAGTCAA-1,1
CTTGTTTATGTAGCCA-1,0
CTTTAACTTTCAAAGG-1,1
CTTTAATATTGGTCGA-1,0
CTTTACCGAATAGTAG-1,0
CTTTAGGAACACTGTT-1,1
CTTTAGTGCTATTATT-1,0
CTTTCTGTGCGGGCTT-1,1
CTTTGCATCGCTCTTG-1,1
CTTTGGCGCTTTATAC-1,1
CTTTGGCTTTAGTAAA-1,0
CTTTGGGATTGTTGCA-1,1
GAAACAGATGACCACC-1,1
GAAACAGCCATGCAGT-1,0
GAAACATAGGAAACAG-1,1
GAAACCATGGTGCGCT-1,1
GAAACCGAATTACCTT-1,1
GAAACTCGTGCGATGC-1,1
GAAACTCTAATGAAGG-1,1
GAAAGAACAGCGTTAT-1,1
GAAAGCCCTTTGGACC-1,1
GAAAGTGACTAACTGC-1,1
GAAATACTAAACGTTT-1,0
GAAATATCACCATCAG-1,1
GAAATCGCGCGCAACT-1,0
GAAATGGCGGTGTTAG-1,1
GAAATTAGCACGGATA-1,1
GAAATTCACATCGCTG-1,1
GAAATTGTCTCTATAA-1,1
GAACACACATCAACCA-1,1
GAACAGATTACTAAAT-1,1
GAACCTCGACCTACAC-1,0
GAACCTTTAACGATCC-1,1
GAACGACCGAATGATA-1,1
GAACGTCTCATGGTCG-1,1
GAACGTTAGGAAGACG-1,1
GAACTGTGGAGAGACA-1,1
GAAGAAACGATATTGT-1,1
GAAGAACGGTGCAGGT-1,1
GAAGCCACTGATTATG-1,1
GAAGCCTGCACATTCC-1,1
GAAGCGTGAGGAATTT-1,0
GAAGCTCGGACCCGTC-1,1
GAAGCTTGCTGACCGC-1,1
GAAGGAGTCGAGTGCG-1,1
GAAGTCAGTTGCACTA-1,1
GAAGTCTCCCTAGCGA-1,1
GAAGTGATTTATCGTG-1,0
GAAGTGCTGGATAGCT-1,1
GAAGTTTCCACTCAAT-1,0
GAATAGACGCGACCCA-1,1
GAATAGTGCTCGATTA-1,1
GAATATTCGGAGTCCC-1,1
GAATCGACATGGTCAC-1,1
GAATCGCCGGACACGG-1,0
GAATCTGAACATTCTC-1,0
GAATGCGAATCGGTTC-1,1
GAATGTATGGCAGGTC-1,1
GAATGTGGTCCGGATT-1,0
GAATGTTGGGTAATCT-1,1
GAATTATAGTGAAAGG-1,0
GAATTCACCCGGGTGT-1,1
GAATTTCTCGCTGCAG-1,1
GACAAACATATGCAGG-1,1
GACAACGACCATTGAA-1,1
GACAACGCAGCTTACG-1,0
GACACAAGGGAAGAAA-1,1
GACACGAGTTAGAGGA-1,0
GACACTGAGTTCAGTG-1,0
GACAGCCAGACCTGAC-1,1
GACAGGCACACACTAT-1,1
GACATCCGTCGAACTG-1,1
GACATCGATTTATAAC-1,1
GACCAGAGCCCTGTAG-1,0
GACCCAATTATGATAC-1,1
GACCCGTCGCCGGCTA-1,0
GACCGACGTGAAAGCA-1,0
GACCGACTGAAGCGTC-1,1
GACCGTCAGGTCGTGA-1,1
GACCGTGCTGACGGTG-1,1
GACCGTTACATGCGAC-1,0
GACCTTCCACGTCTAC-1,1
GACGACGATCCGCGTT-1,1
GACGAGGCTAATAAAC-1,1
GACGCCGTAAAGGCTA-1,0
GACGGTCAATAGAAGC-1,1
GACGTGTAGGGATTAT-1,1
GACTAAGATCATGCAC-1,1
GACTAAGTAGGCTCAC-1,1
GACTACAAAGCGGTGG-1,1
GACTAGGCCGTTAGGT-1,1
GACTCACCCACGTGAG-1,1
GACTCCCAGAATAAGG-1,1
GACTCGCGGGAATGAC-1,1
GACTGCAAATCGAGCT-1,0
GACTGCACCAGCCCAG-1,1
GACTGCGGCACGTGTA-1,0
GACTGCTGGTGAGAAA-1,1
GAGACTGATGGGTAGA-1,0
GAGACTTCGCGACCGA-1,1
GAGAGGGCGCGAGGTT-1,1
GAGAGGTGCATTCTGG-1,1
GAGATCTGCTTGGCAT-1,0
GAGATCTGTCACTCCG-1,1
GAGATCTTCCATGACA-1,0
GAGATGGGAGTCGACA-1,0
GAGCATCAACAACTTG-1,1
GAGCATCATCCCTGGG-1,1
GAGCCACGGTAGTAGG-1,1
GAGCCAGCTACCTGTG-1,1
GAGCGAGGGAGTACCG-1,1
GAGCGCAAATACTCCG-1,1
GAGCGCGCACGAGTAG-1,1
GAGCGCTGTTAGGTAA-1,1
GAGCGGAATGCGGTGT-1,1
GAGCTAAGGGCATATC-1,0
GAGCTCTCGGACCTAA-1,1
GAGGAATGGAGAGGTT-1,1
GAGGATAAACAGTGCT-1,1
GAGGCCCGACTCCGCA-1,1
GAGGCTATCAAAGTCG-1,0
GAGGGAGTCAGATCGC-1,1
GAGGGCATCGCGTATC-1,0
GAGGGCGCAGCTCTGC-1,0
GAGGGTAGTAACAAAG-1,1
GAGGTACATCCATCTT-1,1
GAGGTACGCGTGTCCC-1,1
GAGGTCCCAAAGATCT-1,1
GAGTAAGGCCACGGGA-1,1
GAGTACGGGTATACAA-1,1
GAGTAGATACTAGTTG-1,1
GAGTATGCCCGCCTTG-1,0
GAGTATGCGCGTGCAT-1,1
GAGTCCGCTTACCGGA-1,0
GAGTGTCAACCAGAAA-1,1
GAGTGTGCGGTACCCA-1,1
GAGTTGATGGCAATTT-1,1
GATAAATCGGTGGATG-1,1
GATAACTCGCACTGTG-1,0
GATACGATGGGAGTCA-1,0
GATAGGTAACGTTGAC-1,0
GATAGTGCGAGTAAGT-1,1
GATATCTCATGCAATA-1,0
GATATGAGACACTAAC-1,0
GATATGCGGTAGCCAA-1,1
GATATGGATTACGCGG-1,1
GATATTTCCTACATGG-1,1
GATCAACATAAAGGGA-1,1
GATCATTCCAAACATT-1,0
GATCCCTTTATACTGC-1,1
GATCCGGGAATTAACA-1,0
GATCCTAAATCGGGAC-1,1
GATCCTCGACACTGGC-1,1
GATCGACACTATCTGA-1,1
GATCGCGGGCTCTCCA-1,1
GATCGCTACCCGATTT-1,1
GATCGCTATATCTCAG-1,1
GATCGGATAGAACCAT-1,1
GATCGGTGGCCATAAC-1,1
GATCGTGACTGATATC-1,0
GATCTGCTATCTAAGG-1,1
GATCTTGGAGGGCATA-1,1
GATCTTTGCAGGGTAT-1,1
GATGACAAGTAGGGCA-1,1
GATGAGGAACCTTCGG-1,1
GATGCGTCCTGCATTC-1,1
GATGCTACAAGCGCCT-1,1
GATGCTGTATTTCATC-1,0
GATGGCGCACACATTA-1,0
GATGGTGCCCTAGGCA-1,0
GATGTAACGAACCACC-1,1
GATGTCGGTCAACTGC-1,1
GATGTTCAATCCACGA-1,0
GATGTTTGTGCGAGAT-1,1
GATTAACCGAAAGCCC-1,1
GATTCCCTTGTCGCAG-1,1
GATTCCTATACGGCGC-1,1
GATTCGACGGTTCACG-1,0
GATTGCTCCAGTTGCA-1,1
GATTGGGAAAGGTTGT-1,1
GCAAACCCTACATTAT-1,1
GCAAACCTTGGCCATA-1,1
GCAAATATTACGCTTT-1,0
GCAACACACTAGAACT-1,1
GCAACAGCAGTATGCG-1,1
GCAACCACCAGACCGG-1,1
GCAACCACGGCCGCGT-1,0
GCAACGGCTAGTTATG-1,1
GCAAGAATTCCTTGGC-1,0
GCAAGTGCACAGAGAA-1,0
GCAAGTGTAAAGCATG-1,1
GCACAAACGAGGCGTG-1,1
GCACAAGTGTCGGAAG-1,0
GCACACACTGGTAGCC-1,1
GCACACGCCCATGGTC-1,1
GCACGCCTACTTAGAT-1,1
GCACTGCCTACCTTTA-1,1
GCAGACCCAGCACGTA-1,1
GCAGATTAGGGATATC-1,0
GCAGCACACAGCCCAG-1,1
GCAGCCTATATCACAT-1,1
GCAGGAACTTAGATCT-1,1
GCAGGACTATAGAATA-1,1
GCAGGTAGAGTATGGT-1,1
GCAGTGTGGCTATAGG-1,1
GCATACGAGGTCTTTA-1,1
GCATAGAGCACTCAGG-1,0
GCATCCCTAACTTTGA-1,1
GCATCGGCCGTGTAGG-1,1
GCATGAGGGACGCGGC-1,1
GCATTCAAGGCAACGC-1,1
GCATTCGAAATGAACA-1,1
GCATTGTAATTCATAT-1,1
GCATTTCCAAGGCTCC-1,1
GCCAACCATTTCCGGA-1,1
GCCAAGAATACTTCTG-1,1
GCCAATAGGGCATCTC-1,1
GCCACAATTTAAGGAC-1,1
GCCACTCAGAGCGCGA-1,1
GCCAGGAGTAACCGAT-1,1
GCCATATTGCACACAG-1,1
GCCATCGAGCTGCGTG-1,0
GCCATCGATGCTGCAT-1,1
GCCATTAGCCTCAAAC-1,0
GCCCACCAAGGCTGTC-1,1
GCCCAGTTGGTATGCC-1,1
GCCCGACTTCTTCCCG-1,1
GCCCGATCTGTGGTCG-1,1
GCCCGCGCGTAAACGG-1,1
GCCCGCGCGTTTGACA-1,1
GCCCGTAATACCTTCT-1,1
GCCCTAGCCGTCGCGA-1,1
GCCCTGAGGATGGGCT-1,0
GCCGAAATTCCTACGT-1,0
GCCGACCCACGACTGC-1,1
GCCGATTGGCCAAGCT-1,0
GCCGCATTAGTCCGGC-1,1
GCCGCTTGTGAGAAAC-1,1
GCCGGGTTAGGGTCGC-1,0
GCCTAGCGATCTGACC-1,1
GCCTATAGTGTCAGGG-1,1
GCCTATTCCGATATAG-1,1
GCCTATTTGCTACACA-1,0
GCCTCATCTGGAAATA-1,1
GCCTCCGACAATTCAC-1,1
GCCTCTATACATAGCA-1,1
GCGAAACTTAACTGGA-1,1
GCGAAGAATCTGACGG-1,1
GCGAAGCCATACCCGT-1,0
GCGACCCAACCATCTG-1,1
GCGACGATAGTTGTAC-1,0
GCGAGAGTTGCGTCCA-1,1
GCGAGCGCATGCTCCC-1,1
GCGAGGCCCGAGCAGA-1,0
GCGAGTTCTGCAAAGA-1,1
GCGATTCTGGAAGCAG-1,1
GCGATTGTTAACGTTA-1,1
GCGCAAATATATTCAA-1,1
GCGCAAGAGCGCGCTG-1,1
GCGCATCCAGTCAGCA-1,1
GCGCCGTTCCACGATA-1,0
GCGCCTCCCACTCCGA-1,1
GCGCGGTCTAGTAACT-1,1
GCGCTAATTGAATAGA-1,1
GCGCTATGCCGAGGCA-1,0
GCGCTGATCCAGACTC-1,1
GCGCTGCTTTGCATTT-1,1
GCGCTTAAATAATTGG-1,1
GCGGACCGCGTTGTGG-1,1
GCGGAGAAACTTCGCA-1,0
GCGGAGAGGGAGAACG-1,0
GCGGCAAAGTATTGCC-1,1
GCGGCTCTGACGTACC-1,1
GCGGGAACCAGGCCCT-1,1
GCGGTCCCTAGACGCA-1,1
GCGGTGAACTGCGCTC-1,1
GCGGTTCCCTATCATG-1,0
GCGTAAATGGCCATAA-1,1
GCGTCGAAATGTCGGT-1,0
GCGTCGCCAGGGTGAT-1,1
GCGTGGTACTGGGTTA-1,1
GCGTTATATTTGGAAC-1,1
GCGTTCGGAGACCGGG-1,1
GCTAAACCTGAGGTGA-1,0
GCTAACTGAAGTCTGA-1,1
GCTAAGTAAAGGCGAT-1,0
GCTAAGTAGTTTCTCT-1,0
GCTAATACCGAATGCC-1,0
GCTACAGTACGGACCG-1,1
GCTACGACTTATTGGG-1,0
GCTACTATAGTAGAGT-1,1
GCTAGACCGTCTACTG-1,1
GCTAGAGTAGAGATGT-1,1
GCTAGCTTGAATAGCT-1,1
GCTAGGCACCACGGAG-1,1
GCTAGTAGAGCTTGTA-1,1
GCTAGTTTCATTGAGG-1,1
GCTATACGTCTCGGAC-1,1
GCTATCGCGGCGCAAC-1,1
GCTCAATCCGTTTATT-1,1
GCTCAATGTAATACCG-1,1
GCTCATTACTGCATGT-1,0
GCTCCATGCAAAGCAA-1,1
GCTCCCAGTCGGTCCA-1,1
GCTCCGCTCGCTTCAG-1,1
GCTCCTGACATACTGG-1,1
GCTCGGAATTTAAAGC-1,0
GCTCTAAACCCTGACG-1,1
GCTCTATGTTACGTGC-1,1
GCTCTCGGGTACCGAA-1,1
GCTCTTTCCGCTAGTG-1,1
GCTGAATCTTCCAATC-1,1
GCTGAGGCGTGAGTAT-1,0
GCTGCACGGTTTCTTA-1,0
GCTGCTACTGCGTAGC-1,0
GCTGCTCTCCGGACAC-1,0
GCTGGCATATTCACCT-1,0
GCTGGCGGCGCATGCT-1,1
GCTGTATTACTGGCCC-1,0
GCTGTTGCTACCGAAC-1,1
GCTTAATGTAACTAAC-1,1
GCTTACGTAGTTAGTA-1,1
GCTTATGAAGCAGGAA-1,1
GCTTCCGTCCCTAGAC-1,1
GCTTGATGATAATCAG-1,1
GCTTGGATCGATTAGG-1,1
GCTTTCAGAGGAGGTG-1,1
GGAAACCTTGTTGAAT-1,0
GGAAAGTGCCCATGCC-1,0
GGAACCGTGTAAATTG-1,0
GGAACCTTGACTCTGC-1,1
GGAAGCTCGCTTACAG-1,1
GGAATGCGCTAGCGTG-1,1
GGACACAAGTTTACAC-1,1
GGACCAACAGGATAAC-1,1
GGACCTCTAGGCCGCC-1,1
GGACTCGACAGCGCAT-1,1
GGACTCGTGAGTGGTC-1,1
GGAGAAGTCATTGGCA-1,1
GGAGACGACACCTTTG-1,0
GGAGCAACATTTCAAG-1,1
GGAGCACCAAGAACTA-1,1
GGAGCGAGGCCTACTT-1,1
GGAGGGCTTGGTTGGC-1,1
GGAGTGCCGCCCTGGA-1,0
GGATACTCATGAATTG-1,1
GGATCATCCCGTACGC-1,1
GGATCCGGAATATACT-1,1
GGATCTTACTGCCCTT-1,1
GGATCTTGACTCAACC-1,1
GGATGAAGATCGCTGA-1,1
GGATGACGCGAGTTTA-1,0
GGATGCTGGCGTTCCT-1,1
GGATGTCCTTACCGCA-1,0
GGATTCAGTACGGTGG-1,0
GGATTCCGCTATACCC-1,1
GGATTGCTGTGACTCC-1,1
GGATTTCACTTCTATA-1,0
GGCAAAGGCGCCAATA-1,1
GGCAAATTACTTTACT-1,1
GGCAAGCCCATAGTGG-1,1
GGCAAGGCGAAATAGC-1,0
GGCAATAGTCAATGAG-1,1
GGCACTCCACTGGGCA-1,0
GGCAGCAAACCTATGC-1,1
GGCATACAGGTAGCGG-1,0
GGCATATCGGTTCTGC-1,1
GGCCCTCACCCACTTA-1,1
GGCCGAGACTCTGGTG-1,1
GGCCGGCGTCTGCTAT-1,1
GGCCGTTTGGGTTTCA-1,1
GGCCTTTGCAACTGGC-1,1
GGCGAAATCTAACTTG-1,1
GGCGCAGGACATCTTC-1,0
GGCGCATGAATTGATG-1,1
GGCGCGGAGATCTTTC-1,1
GGCGCGTTCGAGTTTA-1,0
GGCGCTTCATTCCCTG-1,1
GGCGGAGTAATATTAG-1,0
GGCGGTAGGATCATTG-1,0
GGCGTAGGGAAAGCTG-1,1
GGCGTCCTATCCGCTG-1,0
GGCTAAAGGGCGGGTC-1,1
GGCTATTAAGTTGTAT-1,0
GGCTCCTCCACCTGTT-1,1
GGCTCGCGTTGAGGTA-1,1
GGCTCGTGCCACCAGC-1,1
GGCTCTGCTCCAACGC-1,1
GGCTGAAATAGCAAAG-1,0
GGGAACGGGAGGTTAG-1,1
GGGAACGGTTTCAGAT-1,1
GGGAAGACGGTCTGTC-1,0
GGGAAGGGCTTTCTCA-1,1
GGGACAGAGTTACTCC-1,1
GGGACTGCATAGATAG-1,0
GGGAGAACTCACAGTA-1,0
GGGAGGATGCCCGAAA-1,1
GGGAGTAATGGCTGGC-1,0
GGGAGTTAATGAGGCG-1,1
GGGATGGTCGTAACCG-1,1
GGGATTTACCGCACCT-1,1
GGGCAACCGCACGTGC-1,1
GGGCCCGTCTTAAACA-1,1
GGGCCCTACGAAAGGG-1,1
GGGCCGGCCGAAGTAC-1,1
GGGCCTAAATGGGCTA-1,1
GGGCGATATGTGTGAA-1,0
GGGCGGCAAATGAATT-1,1
GGGCGGGTTCCCTACG-1,1
GGGCGGTCCTATTGTC-1,0
GGGCGTACATTTATAT-1,1
GGGCGTCACCACGTAA-1,0
GGGCGTCCACTGGCTC-1,1
GGGCGTGGTTTCCCAG-1,0
GGGCTCATCGAACCCA-1,0
GGGCTGCCTAGGGCGA-1,0
GGGTACTTCATGAACT-1,1
GGGTATGTATGCACTT-1,1
GGGTATTCTAGCAAAC-1,1
GGGTCACCGTGACGGT-1,0
GGGTCAGGAGCTAGAT-1,1
GGGTCGTGGCAAGTGT-1,1
GGGTGACACCTTAACT-1,0
GGGTGCATATGAAAGC-1,0
GGGTGTTTCAGCTATG-1,0
GGGTTAACATTTGAGT-1,1
GGGTTTAGGATAGGAT-1,0
GGTAAATGTGCGTTAC-1,1
GGTAACCGGGAGGATA-1,1
GGTAACTATGTATCTG-1,1
GGTACAAACATGCTAT-1,1
GGTACATCTGGGACGA-1,1
GGTACCATTAAGACGG-1,1
GGTAGAAGACCGCCTG-1,1
GGTAGACCGTTGGGCG-1,1
GGTAGTGCTCGCACCA-1,1
GGTATAGTGACACATA-1,1
GGTATTGCCGAGTTTA-1,1
GGTCAAGACTACTTCG-1,1
GGTCAGTGGGTCCCAC-1,0
GGTCGGATAAACGGCG-1,0
GGTCGGCCAGGAGCTT-1,0
GGTCGGTAATTAGACA-1,0
GGTCGTAAGCTCGCAC-1,1
GGTCTCTGAATGGACT-1,1
GGTCTGAGAATCTGGA-1,1
GGTCTTGAGCGCTCTT-1,1
GGTGAAGTACAGGGAT-1,1
GGTGAGATGCAGATAA-1,1
GGTGATAAGGAGCAGT-1,1
GGTGCATAAATGATTA-1,1
GGTGCGGATAAGTGGC-1,1
GGTGCTGATCACAAAG-1,0
GGTGCTGGTACACATT-1,0
GGTGGACTGCTCTGGC-1,1
GGTGTAAATCGATTGT-1,0
GGTGTAGGTAAGTAAA-1,0
GGTTACCACCCTCGGG-1,0
GGTTAGCTATATGTCT-1,1
GGTTAGGCTTGGAGAA-1,1
GGTTAGTTACGGCGCC-1,1
GGTTCGGATTATACTA-1,1
GGTTCTACTCGTCTGA-1,1
GGTTGTGTAGCCTGGC-1,1
GGTTTACAATCTCAAT-1,1
GGTTTAGCCTTTCTTG-1,1
GGTTTGAGTGCTGGAA-1,1
GTAACTTGCGGCAGTC-1,0
GTAAGCGGGCAGTCAG-1,1
GTAAGGATTTGTCGGA-1,1
GTAAGTAACAGTCTGG-1,1
GTAAGTAGGGTATACC-1,1
GTAATAAAGGGCTCCC-1,1
GTAATCTGATTCTTCG-1,0
GTACACTTACCTGAAG-1,0
GTACAGAGGCAAGGGT-1,1
GTACGAGATTGCGACA-1,0
GTACGCTTCATTGCAC-1,0
GTACGTTTGCCCGTCA-1,0
GTACTAAGATTTGGAG-1,0
GTACTCCCTTATCGCT-1,0
GTACTCCTGGGTATGC-1,0
GTACTGCATGAAGCGT-1,1
GTACTGGAGTTAGACC-1,0
GTACTTGGGCACTTCT-1,0
GTAGACAACCGATGAA-1,0
GTAGACGTCGTTACAT-1,1
GTAGAGGGAGACAAGT-1,1
GTAGCCAAACATGGGA-1,1
GTAGCGGCTATACACT-1,0
GTAGCTCCGGGAGGCT-1,1
GTAGCTTCCTCTTGTT-1,1
GTAGGTGATCCGTGTA-1,1
GTAGTCGCGGGAATCA-1,0
GTAGTCTACGATATTG-1,1
GTAGTTCGAAGGCGAA-1,1
GTATAGGACTCAGTAG-1,0
GTATCAAACGTTAGCT-1,1
GTATCAGCTTGGGTTC-1,1
GTATCCTTTGGTAACC-1,1
GTATCTCAGTCTTGAC-1,1
GTATCTTTCATAACCA-1,0
GTATGAAATTTCACTC-1,1
GTATGTGGGTCTAGTT-1,0
GTATTAAGGCGTCTAA-1,1
GTATTCTGAGAAACGA-1,1
GTCAAAGAAGTGGTGT-1,1
GTCAAAGTTTACATAG-1,1
GTCAAGCGGACTCGGG-1,0
GTCACAAAGTTTCCAA-1,0
GTCACTCTCCAAATCT-1,1
GTCAGAATAGTCTATG-1,1
GTCAGTTGTGCTCGTT-1,0
GTCAGTTTGGTAGTCG-1,0
GTCATGCACCTCCGTT-1,1
GTCATGGACATGACTA-1,1
GTCATTAGAGCGAACG-1,1
GTCATTGCATTGACCC-1,1
GTCCAATATTTAGCCT-1,1
GTCCATTACTGCTACG-1,1
GTCCCAACGTAAAGTA-1,1
GTCCGGACCTGAAATT-1,1
GTCCGGCTGAATTGCG-1,0
GTCCGGGTTCACATTA-1,0
GTCCTACGAATAGTCT-1,1
GTCCTTCTAGTGGGTT-1,0
GTCGCGTAACCCGTTG-1,0
GTCGGATATCTCAGAC-1,0
GTCGGATGTAGCGCGC-1,1
GTCGTACCATCTCGGG-1,1
GTCGTACCTACGATTG-1,1
GTCGTATTGGCGTACA-1,1
GTCGTGTCTGGTCATC-1,0
GTCGTTATTCGCTTAT-1,0
GTCTACTCAATTACAA-1,1
GTCTATCTGAGTTTCT-1,0
GTCTATTGGTTCCGGT-1,1
GTCTGGGCGGTCGAGA-1,0
GTCTTAGTACAGCCGG-1,0
GTCTTGTAGCTATTCA-1,0
GTGAAACGGCGCCACC-1,0
GTGAAACGTGCTCCAC-1,1
GTGAACTCCCATTCGA-1,1
GTGAAGATTTCAAGTG-1,1
GTGACAGCTTCCCACT-1,1
GTGACCGCACACTACG-1,1
GTGACGAGGGTGACCC-1,0
GTGACGCAGGTTTCAT-1,1
GTGACTTCAGTAGTGC-1,0
GTGAGCGTGCTGCACT-1,1
GTGAGGACACTTAAGG-1,0
GTGAGGAGCGGTTGAG-1,0
GTGAGTGGTACAACGC-1,1
GTGATCACTAACGCCT-1,1
GTGATCCTTGTCATGA-1,1
GTGATTCGCCGCTCAA-1,0
GTGCAACAAATGTGGC-1,0
GTGCACCAGCTTCAAC-1,1
GTGCACGAAAGTGACT-1,0
GTGCCATCACACGGTG-1,1
GTGCCCGTTCGGATTC-1,1
GTGCCGCTTCAAAGGT-1,1
GTGCGAAATCGAACAC-1,1
GTGCGGGTCTCCAAAT-1,0
GTGCGTGTATATGAGC-1,0
GTGCTGCAGATAAGGA-1,0
GTGGAACCTACATGCG-1,1
GTGGACCAACCCGATT-1,1
GTGGACGCATTTGTCC-1,1
GTGGACGTGCTGAGAC-1,0
GTGGAGTCGGCGGTTG-1,1
GTGGCAAACAGCGGCA-1,1
GTGGCGGTCCCAGCGT-1,1
GTGGGAAGACTGAATC-1,1
GTGGGCTTAGACACAC-1,1
GTGGTGGCCAAGTGAA-1,0
GTGGTTACTTCTTTCG-1,1
GTGGTTTCCGCCTTTC-1,1
GTGTACCTTGGCTACG-1,1
GTGTCAGTGTACGTGG-1,1
GTGTCGTATAGCGTTC-1,1
GTGTGAATAACTTAGG-1,1
GTGTTACTATGCGTCC-1,0
GTTAAAGTAGGACTGG-1,0
GTTAACATCACTTAAA-1,1
GTTAACTATGTTGTCA-1,1
GTTAATGTCTATCTTA-1,0
GTTACAATTGGTGACG-1,1
GTTACCTACAACTTGC-1,1
GTTACTTTGGGCCTAG-1,1
GTTAGCCCATGACATC-1,1
GTTAGCCGTAAATCAA-1,1
GTTAGGCTACCCGTTT-1,1
GTTATAATACGGTGAA-1,1
GTTATATTATCTCCCT-1,0
GTTCACAGGAGTCTAG-1,1
GTTCATCGTTTGGCTG-1,0
GTTCCAGTCTGACCAT-1,0
GTTCGCCATAAGTGCC-1,0
GTTCGGATCGGGAACA-1,1
GTTCGGGCGTACCATT-1,1
GTTCGTCTAAAGAACT-1,1
GTTGAACCGGTTCCAT-1,0
GTTGAGTCCCGCCGGT-1,1
GTTGCACGGAGTTTCG-1,1
GTTGGATTCAGTGGCT-1,1
GTTGGATTGAGAACAC-1,1
GTTGGATTTGCGTTGG-1,0
GTTGGTCATGCTATCC-1,1
GTTTACGTTCCATCTG-1,0
GTTTCATATCGTCGCT-1,0
GTTTCCTGGAGGGTGA-1,1
GTTTCTGCAGTCTCCC-1,0
GTTTGACCAAATCCTA-1,0
GTTTGGCCCAAGTTAT-1,0
GTTTGGCCGCTCAGCG-1,0
GTTTGGGCTTGTGAGC-1,1
GTTTGGGTTTCGCCCG-1,1
GTTTGGTAGGGTCAAC-1,0
GTTTGGTGATCGGTGC-1,1
TAAACCCAGGAGGGCA-1,1
TAAAGAGCCCGAAACC-1,1
TAAAGCGTTAGGAGAA-1,0
TAAAGCTGCAATAGGG-1,1
TAAATGAATCCGTTTC-1,1
TAACAAAGGGAGAAGC-1,1
TAACAATATTTGTTGC-1,1
TAACAGCGTTTGTGCT-1,1
TAACATACAATGTGGG-1,0
TAACATACACGCGATC-1,1
TAACCGCCCGCAGTGC-1,1
TAACCTACCGTCCGAG-1,1
TAACGCTTTGAGAGCG-1,1
TAACTATCGAAGGTCC-1,1
TAACTATTACGCCAAA-1,1
TAACTCCATGGAGGCT-1,1
TAAGCAGGCGACACGC-1,1
TAAGGAACTTGTGGGA-1,0
TAAGGCAACATAAGAT-1,1
TAAGGCTGAATCCCTC-1,1
TAAGGGCCTGTCCGAT-1,0
TAAGGGCTGGGAGAGG-1,1
TAAGTAACATCTTGAC-1,1
TAAGTCGCCGAGTATC-1,1
TAAGTTGCGACGTAGG-1,1
TAATAAACAAGGAGAT-1,0
TAATACACAGTAGTAT-1,1
TAATAGAACAGAGTTA-1,1
TAATAGGTCACCAGAA-1,1
TAATAGTGACGACCAG-1,1
TAATATTGAAATTCGC-1,0
TAATCGATCCGTACGT-1,1
TAATTAGGACATCCGT-1,1
TACAAGTCTCGTGCAT-1,1
TACAGAAACGGTGGGC-1,1
TACATAGGCATACACC-1,0
TACATCCCTATCCCTG-1,1
TACATTTCTAACGTGC-1,1
TACCAATAAAGTACCA-1,1
TACCAGAAGTAGGTTC-1,0
TACCAGCTAGGTTTAA-1,1
TACCGCGGACTTGCAG-1,1
TACCGGCTCACTGCCC-1,0
TACCGGTCGTTTCCAT-1,1
TACCGTAGGTTAACTA-1,1
TACCGTGCCTCGGACC-1,1
TACCTCACGCTTGTAC-1,0
TACCTCAGTTGTCTGT-1,1
TACCTGCTGCACTGTG-1,0
TACCTTAAGATTTCCC-1,1
TACGAACACGACTTCA-1,1
TACGACGCTTGCTGCG-1,0
TACGACTGCCTCTTAG-1,0
TACGAGAACTTCACGT-1,1
TACGATGTTGATCATC-1,1
TACGCAGTTCTTTCCT-1,1
TACGCCATATTCTAAT-1,0
TACGCCGAGGGTACCC-1,1
TACGCCTCCATTCCGA-1,0
TACGCTATAGAAACCT-1,0
TACGGAAGCCAAACCA-1,0
TACGGGATGCTAGCAG-1,0
TACGTACTAGTGCTGA-1,1
TACGTGCACTATGCTG-1,1
TACGTTTACCGGCAAT-1,1
TACTCCTCTAGTTGAC-1,1
TACTCGGCACGCCGGG-1,1
TACTCTCCGAACAAAT-1,0
TACTGCAATCAATTAC-1,1
TACTGGACAGCTCGGC-1,1
TACTTGTTAGTAGTCC-1,1
TACTTTACTGAGCCGG-1,1
TACTTTCCGCACGCCA-1,1
TAGAAAGGTGGCGCTA-1,0
TAGAAATTCACGTATA-1,1
TAGAATTAAGGGCAAC-1,1
TAGACGAAACGCCAAT-1,1
TAGACGCCCGTACCGG-1,1
TAGACTACCTAGCGTT-1,1
TAGAGATCATGCAACT-1,0
TAGAGGTTCTACTTGT-1,1
TAGAGTCTAAGCGAAC-1,0
TAGATATGGACTGGAA-1,0
TAGATCCGAAGTCGCA-1,1
TAGATGGTTCCTTACT-1,1
TAGATTCCTGGTTATT-1,1
TAGCAACCTGTCACAA-1,1
TAGCCATTTCAAAGTC-1,1
TAGCCGGCGGTCAGCG-1,0
TAGCGTCCCTCGATTG-1,1
TAGCGTTGGGTCTTAC-1,1
TAGCTAAGTCCGGGAG-1,0
TAGCTAGAAGGCATGA-1,1
TAGCTCGCCTGATAAC-1,1
TAGCTGATGTGAAGCG-1,1
TAGGCATGTTACGCCA-1,1
TAGGGAGCTTGGGATG-1,1
TAGGGTGTTTCAAGAG-1,1
TAGGTCCAAGTAAGGA-1,1
TAGGTCGCCGGAACTG-1,1
TAGGTGACGATAACCT-1,1
TAGGTGAGCCCTACTC-1,1
TAGGTGCTCGCCTAGC-1,1
TAGGTTCGAGTTCGTC-1,1
TAGTACCTTAGTGGTC-1,1
TAGTAGCTTATACCAG-1,1
TAGTCCGCAGAGAATG-1,1
TAGTCGATCACGGGTT-1,1
TAGTCTAACAACGAGA-1,0
TAGTCTGTGACGTTGC-1,0
TAGTGCCCTCCAGAGT-1,1
TAGTTAAGATAGGATA-1,1
TAGTTTATTCTTGCTT-1,1
TATAAATCCACAAGCT-1,1
TATAAGTGAGGATAGC-1,1
TATACACAGACGCCTT-1,0
TATACACGCAAAGTAT-1,0
TATAGAGTCGCTTGAA-1,1
TATAGATGGTCGCAGT-1,1
TATAGGGTACTCATGA-1,1
TATATAGGGCTTTACG-1,1
TATATATCGAGAAATG-1,1
TATATTCGCGTCGATA-1,1
TATCACCCAACCGACC-1,1
TATCACTTCGAGTAAC-1,1
TATCCATATCATGCGA-1,1
TATCCGCACCGTCGGG-1,1
TATCCTATCAACTGGT-1,1
TATCCTGCATGGGAAT-1,1
TATCGATCTATGCATA-1,1
TATCGATGATTAAACG-1,1
TATCTACAGAGGTAAT-1,0
TATCTACCACAGCGGG-1,0
TATCTAGCCTAAAGGA-1,1
TATCTTGCAATACAAC-1,1
TATGAAGACAGGTGCG-1,1
TATGATCTTCTCTTTA-1,1
TATGCTCCCTACTTAC-1,1
TATGGATGTGCTACGC-1,1
TATGGCCCGGCCTCGC-1,1
TATGGGACCGAGCAGG-1,1
TATGGGTACGTATCGT-1,0
TATGGTCTGAGTAACA-1,0
TATGGTTAGTGGGAGA-1,1
TATGTAAAGTGCTTAA-1,1
TATGTCAAGACCGACT-1,0
TATGTCTCATTGTGCC-1,0
TATTATGTTTGCCTGC-1,1
TATTCAATTCTAATCC-1,1
TATTCCACTCAGCTCG-1,0
TATTCCTCCGCCCACT-1,1
TATTCGTGCCAGAATA-1,1
TATTTAGTCTAGATCG-1,1
TATTTATACCGAGTAG-1,1
TATTTGTTACCCTTTA-1,1
TCAAACAACCGCGTCG-1,1
TCAAACTTAGATTGTT-1,0
TCAACAAAGATAATTC-1,1
TCAACACATTGGGTAA-1,1
TCAACATAGCGCCCTA-1,1
TCAACCATGTTCGGGC-1,1
TCAACGCAGGAAATAA-1,1
TCAACGCGACCGGCAG-1,1
TCAACTAACGTATAAC-1,1
TCAAGAAATACTAGCT-1,1
TCAAGGTTACTACACC-1,1
TCAATACGCCGTCATG-1,1
TCACAAACCGAGGTAC-1,1
TCACAGCAAACTCGAA-1,1
TCACAGGGAATCGCAA-1,1
TCACAGGTTATTGGGC-1,0
TCACATCTTATCTGAT-1,0
TCACCGCTCGGCACTC-1,1
TCACGATGTCCGTGGA-1,1
TCACGCATTGTAGATC-1,1
TCACGGTCATCGCACA-1,1
TCACGTGCCCGATTCA-1,0
TCACTCGTGCAACGGC-1,1
TCAGAACCTCCACAGG-1,1
TCAGACGCTATAGAAG-1,1
TCAGCAAATGCATCTC-1,1
TCAGCAGTAGGCCCTG-1,1
TCAGGGTGTAACGTAA-1,1
TCAGGTTCTTTGAGAA-1,1
TCAGTACTGACCCGCG-1,1
TCAGTAGGGACTATAA-1,0
TCAGTGTATACGTCAT-1,1
TCATACTTACAGATCC-1,1
TCATATGAGCTTTGTT-1,1
TCATCACTCGAGCTCG-1,1
TCATCCCAGAGGGTGG-1,0
TCATCGATGGTCCCAA-1,1
TCATGCAGGTTCTCAT-1,1
TCCAACTTTAAATTCT-1,1
TCCAAGCCTAGACACA-1,1
TCCACAATGGTTTACG-1,0
TCCACATCGTATATTG-1,0
TCCACCTCTAGCCTTT-1,1
TCCACTTTATCTAGGT-1,1
TCCAGAGCACCGGTTC-1,0
TCCAGGCGAGTACGGT-1,0
TCCCAAAGACGAAGGA-1,1
TCCCACTCTCTTCCGG-1,1
TCCCAGCTTTAGTCTG-1,0
TCCCAGGCTTAGCTAA-1,0
TCCCGCGTACTCCTGG-1,1
TCCCGGGTGTGCTGCT-1,1
TCCCGTCAGTCCCGCA-1,1
TCCCGTGTGCAATTTG-1,1
TCCCTGGCGTATTAAC-1,0
TCCCTGGCTCGCTGGA-1,1
TCCCTTAGATTACTCG-1,1
TCCGAACTTGGCTTAC-1,1
TCCGAATGGTCCTGAG-1,1
TCCGATAATTGCCATA-1,0
TCCGATGACTGAGCTC-1,1
TCCGATGGTGCGACAT-1,1
TCCGATTACATTGCCG-1,0
TCCGCGGCAGCATCTG-1,0
TCCGCTGTCATCCCGG-1,0
TCCGCTTATCCCATTA-1,1
TCCGGCCTAGCGTACA-1,1
TCCGGTTCGTCCGGTC-1,1
TCCGTTAAGCTAATAT-1,1
TCCGTTTAGCCTTGAA-1,0
TCCTAAATTGGGAAGC-1,1
TCCTAACCGTCGGGCA-1,1
TCCTACATCCACGGCC-1,1
TCCTAGCAAAGAAGCT-1,0
TCCTCGGGCTGGGCTT-1,0
TCCTCTACGAGATGGC-1,1
TCCTCTCCAGTTGTCC-1,1
TCCTGCCAACTGGAGA-1,1
TCCTGCGTTGATACTC-1,1
TCCTTACGACGGTCCG-1,1
TCCTTCAGTGGTCGAA-1,1
TCCTTGTCCTTTAATT-1,0
TCCTTTAAATCCGCTT-1,1
TCCTTTCTTACGCTTA-1,0
TCGAAATTTAGGACCA-1,0
TCGAAGAACCGAGCAC-1,1
TCGAATATCCCGCAGG-1,1
TCGAGACCAACACCGT-1,0
TCGAGCCAGGCAGGCC-1,1
TCGATAGGCTAGTCGC-1,0
TCGCAAAGATGCATTT-1,0
TCGCACCAGGAGGCAG-1,1
TCGCATCCCTAAGTGT-1,1
TCGCCGAAGTTGCGTC-1,1
TCGCCGACATATTCGC-1,1
TCGCCGGTCGATCCGT-1,1
TCGCGTAGCAGTGTCC-1,1
TCGCGTCCAGAAGGTC-1,1
TCGCTAAACCGCTATC-1,1
TCGCTACTGGCTTTGA-1,1
TCGCTCGATATATTCC-1,1
TCGCTCGGCACCAGCG-1,0
TCGCTGCCAATGCTGT-1,0
TCGCTGGGCGGATTGT-1,1
TCGCTGTGCGTAAATC-1,1
TCGCTTTAAACGTTTG-1,0
TCGGAATGCGCTCTGA-1,1
TCGGACGCCCAGCCCA-1,1
TCGGAGAGTATCGGGA-1,1
TCGGAGTACATGAGTA-1,0
TCGGCGAACCCAAACC-1,1
TCGGCGTACTGCACAA-1,1
TCGGCTTGTATCGACG-1,1
TCGGGAACGTGCCTAG-1,1
TCGGGAGACAGCGTAC-1,1
TCGGGATTCAAACATA-1,1
TCGGGCCGTCGTGGTA-1,0
TCGGGTGAAACTGCTA-1,1
TCGGTCCCGACAATAG-1,1
TCGTAAGACGACATTG-1,1
TCGTACCGACGTCAAG-1,1
TCGTATAGTGCAATTA-1,1
TCGTATTACCCATTGC-1,1
TCGTCAAGTACGCGCA-1,1
TCGTCCGCTGGCGTCT-1,0
TCGTCTTAGGCGTTAA-1,1
TCGTGTACTATGGATG-1,0
TCGTGTCACGCTGACA-1,1
TCGTTAGGAGTCCCTA-1,0
TCGTTCGTTATTATGT-1,0
TCGTTGCTATCCGGTC-1,1
TCTAATACTGCCTCAG-1,1
TCTACCGTCCACAAGC-1,1
TCTAGCAATCTCCGCC-1,1
TCTAGCATCTTCGATG-1,1
TCTAGCATGCCCAGAA-1,0
TCTAGGTGGCGACGCT-1,1
TCTAGTGATATCGTGG-1,1
TCTATCATGCAGTTAC-1,1
TCTATCGGTCGCAACA-1,1
TCTATTACGCTGGCGA-1,1
TCTATTACTAGAGGAT-1,1
TCTCATGAGATAGGGT-1,1
TCTCCACAAGTTGAAT-1,1
TCTCGACGTATCGCCG-1,0
TCTCTAATAGCTGGTA-1,0
TCTCTTACCGCGAACC-1,1
TCTGAACCGGTCGGCT-1,1
TCTGAACTCGTACCCG-1,1
TCTGAATTCCGTACAA-1,1
TCTGCCAGAAACTGCA-1,0
TCTGGGTAGCGCTCAT-1,1
TCTGTCATACAAGAGC-1,1
TCTGTGCCATCATAGT-1,0
TCTGTTACCCAGCATA-1,1
TCTTACAGAGGTACCG-1,1
TCTTACCGGAACTCGT-1,1
TCTTACGGCATCCGAC-1,1
TCTTACTTATGCCTCT-1,1
TCTTAGAGCTCCAATT-1,1
TCTTAGAGTGAACTCT-1,1
TCTTCCCATGGGCACA-1,1
TCTTCGAATAGACGTT-1,0
TCTTCGATACCAATAA-1,0
TCTTCTATAACCCGCC-1,1
TCTTGATGCGTAGCGA-1,0
TCTTGCTCCCGATACT-1,1
TCTTGGTAACACCAAA-1,0
TGAAACTTATGCAAGC-1,1
TGAAAGGACCTGACTC-1,1
TGAACAAGCAGGGACT-1,1
TGAATACCGACGCGTA-1,1
TGAATGTCAGCCGGCC-1,0
TGACATCGAGCGGACC-1,1
TGACATGTAACGTGAC-1,0
TGACCAAATCTTAAAC-1,1
TGACCCACGTTAGACA-1,0
TGACGAATATTTCCCT-1,1
TGACGATGCACTAGAA-1,1
TGACTATAATCCTTTC-1,0
TGAGAATGCTTTACCG-1,0
TGAGAGATTTACCACG-1,1
TGAGATCAAATACTCA-1,0
TGAGATTAGGCCCTAA-1,1
TGAGCCATACAGTCTC-1,1
TGAGCGGAAAGTGTTC-1,1
TGAGTAAATTAGCGTA-1,0
TGAGTGCCTCTTAAAT-1,0
TGAGTGGTCCGTGACG-1,1
TGAGTTAAAGACATTC-1,0
TGATAGCGGGATTCTA-1,0
TGATCAGGGAACTGCT-1,1
TGATCCCAGCATTAGT-1,1
TGATCGGTTTGACCCT-1,0
TGATCTACGCTGATCT-1,0
TGATCTCCGGCGCCAG-1,0
TGATTCCCGGTTACCT-1,1
TGATTCGTCTATCACT-1,0
TGATTCTGTCGCCGGT-1,0
TGATTTATTAGCTGTG-1,1
TGATTTCCTCCTGACG-1,1
TGCAACCCATCTGCGG-1,1
TGCAAGAATGACGTAA-1,0
TGCAATCTAACACGGT-1,1
TGCAGAACTATATCGT-1,1
TGCAGAGTACCGAGCA-1,0
TGCAGATCGTCCTAGG-1,0
TGCAGCTACGTACTTC-1,1
TGCAGGATCGGCAAAG-1,1
TGCAGTTTCCTCCCAT-1,0
TGCATATGTCTGTCAC-1,0
TGCATGGATCGGATCT-1,1
TGCATGTGACCCATAG-1,0
TGCATGTGGTAATCTA-1,1
TGCCAAAGTCAGACTT-1,1
TGCCAATGGGTACTCT-1,1
TGCCACCTGGCGAAAC-1,1
TGCCAGTACGTGGAGA-1,1
TGCCATTACTAAAGAA-1,0
TGCCCGTACCGTTAAA-1,0
TGCCGGATGTACGAGC-1,1
TGCCTAATTGAAGATT-1,1
TGCCTGATCAAACGAT-1,0
TGCCTTGGCCAGGCAA-1,1
TGCGAATATGGGATTT-1,1
TGCGACACCCTAGTGC-1,0
TGCGACGGCCGAACGT-1,1
TGCGAGAATATTACCC-1,1
TGCGCAAAGCATTTGG-1,0
TGCGCGATTAACGGAG-1,1
TGCGGACTTGACTCCG-1,1
TGCGGAGTAAAGGTGC-1,0
TGCGGCATAGTTCAAC-1,1
TGCGGTGAAATTTCAT-1,0
TGCGTAAGAACCTGAT-1,0
TGCGTCATGACTGAGC-1,1
TGCGTTTGTTGACACT-1,0
TGCTAAGTGTCTATTT-1,1
TGCTCCACAGTTCTTA-1,1
TGCTCGGTGGGTCACC-1,1
TGCTCTTGAGAGTTTG-1,1
TGCTGGTTGGACAATT-1,1
TGCTGTTGAAGAACTC-1,1
TGCTTAGAGAGAATGC-1,1
TGCTTCCCAAGCAGTA-1,1
TGGAACCACTGACACA-1,1
TGGAAGAAGGGAACGT-1,1
TGGAAGGATAAAGATG-1,0
TGGAATATCCTTGACC-1,0
TGGACCAATCTAAGAT-1,1
TGGACGCAATCCAGCC-1,1
TGGACTGTTCGCTCAA-1,0
TGGAGTGATGCGATGA-1,1
TGGCAAACTAAATTAC-1,0
TGGCAACTCGCGCGCC-1,0
TGGCAATGGGACGGCG-1,1
TGGCAGCAGTAATAGT-1,0
TGGCCAAACTGAAGTA-1,0
TGGCCAATTTGGTACT-1,1
TGGCCGTATATTGACC-1,1
TGGCGATCAAGTTATG-1,1
TGGCTATGTGACATAC-1,0
TGGCTCTTGTCGCGTA-1,1
TGGCTTTGGGTAGACA-1,1
TGGGAAATGCCTTTCC-1,1
TGGGCAATAGTTGGGT-1,1
TGGGCACAAACAGAAC-1,1
TGGGCACGTTCTATGG-1,0
TGGGCCACAAGAGCGC-1,1
TGGGCCCATACTAATT-1,1
TGGGCGATACAATAAG-1,1
TGGGTAAGGTTCCCGC-1,1
TGGTAAGCAGGATTGA-1,0
TGGTAGAATATATGGG-1,1
TGGTATCGCATCCCAA-1,0
TGGTATCGGTCTGTAT-1,0
TGGTCCCACGCTACGG-1,0
TGGTCTGTTGGGCGTA-1,1
TGGTGATCGTATTTGT-1,1
TGGTTCAACGGGTAAT-1,0
TGGTTCGTAGCAAAGG-1,1
TGTAATGACCACAATA-1,1
TGTACCTACACGAGGG-1,1
TGTACGAACAAATCCG-1,1
TGTAGGAGAAATTTCC-1,1
TGTAGTGATCTATAAT-1,1
TGTATAACAGATCCTG-1,1
TGTATCCTTATTCCAT-1,1
TGTATGGCGCAGACAG-1,1
TGTCCCGACATAGCAC-1,1
TGTCCGTGGCGCCTTT-1,1
TGTCCTAAGTCACCGC-1,1
TGTCTACAGTTTCTGT-1,1
TGTGACTACGCCAGTC-1,1
TGTGCCGGTGCCGGAA-1,0
TGTGCTTTACGTAAGA-1,1
TGTGGCAAAGCGTATG-1,1
TGTGGCGGGCTTCTGG-1,1
TGTGGTTGCTAAAGCT-1,1
TGTGTCGCGAGTTGCA-1,0
TGTGTTCGTATCCAAG-1,1
TGTTATTGTATGTGGC-1,1
TGTTCCGCTTCCATGA-1,0
TGTTCGTATTGCGGTG-1,0
TGTTCTTCCATTGACT-1,0
TGTTGTCAAGAAGTCT-1,1
TGTTTAATACTTCATC-1,1
TGTTTCGGTACTTCTC-1,0
TTAAACCTGGTTCCTT-1,0
TTAAACTCGAATTCAT-1,0
TTAACACCTCGAACAT-1,1
TTAACCAACCCTCCCT-1,0
TTAACGTCGCAAGACC-1,1
TTAACTTCAGGTAGGA-1,1
TTAAGATAGGATTGAC-1,1
TTAAGCCGACAACTTC-1,0
TTAAGCGCCTGACCCA-1,0
TTAAGGCCCGTACTTT-1,1
TTAATGTAGACCAGGT-1,1
TTAATTGCTTTGGGTG-1,1
TTAATTTCAGACGCGG-1,0
TTACAACTACGCATCC-1,1
TTACAGACCTAAATGA-1,1
TTACATCGTGGCCTGG-1,1
TTACATGCCACAACTA-1,0
TTACCATTGATTACCC-1,0
TTACCCATTGCCGGGT-1,1
TTACCCTAACAGTCCT-1,1
TTACCCTAGGGATTGG-1,1
TTACTAAAGGACTTTA-1,0
TTACTATCGGCTTCTC-1,1
TTACTCCGGCCGGGAA-1,0
TTACTCTGGTACGTAC-1,1
TTACTGGGATATTTCA-1,1
TTAGAAGAACATGACT-1,1
TTAGAATAAGGGTCGG-1,1
TTAGACACGATCGTTG-1,1
TTAGACGAGTCACCTC-1,0
TTAGAGTTTAGAAGGA-1,1
TTAGCAACATGGATGT-1,1
TTAGCTAATACGATCT-1,1
TTAGCTCTGTAATCCG-1,1
TTAGCTGATTTGCCGT-1,1
TTAGGTCATAACCGAC-1,1
TTAGTAAACCTGCTCT-1,1
TTAGTAGGGCGGCGGG-1,1
TTAGTTATTCGTGGCA-1,1
TTATAGGTAATTGTCT-1,1
TTATATACGCTGTCAC-1,0
TTATATTTGGCAATCC-1,1
TTATCCAATCGAACTC-1,0
TTATCCGGGATCTATA-1,0
TTATCCTCAAGGAATA-1,1
TTATCGCCTGCGAAGC-1,1
TTATCTGTATCATAAC-1,0
TTATGAATGAAAGGGA-1,0
TTATGACAAACTGGAT-1,0
TTATGATCTTAACGAA-1,1
TTATTAGAGCGTGTTC-1,0
TTATTAGGGAAGCATC-1,0
TTCAAAGTCTCTAGCC-1,1
TTCAACGACCCGACCG-1,1
TTCAAGCCGAGCTGAG-1,0
TTCAATACTCTGAATC-1,0
TTCACTCGAGCACCTA-1,0
TTCACTTCCTAGAACG-1,1
TTCAGCCCTGGTCCAC-1,1
TTCAGCTGGCGTGCCC-1,1
TTCAGGCGTCAAAGCC-1,0
TTCATGGCGCAACAGG-1,0
TTCCAATCAGAGCTAG-1,0
TTCCAATCTGGCTATC-1,0
TTCCACACAGATTTGA-1,0
TTCCAGACGAGATTTA-1,1
TTCCCGGCGCCAATAG-1,1
TTCCGCAGAGAAATAT-1,1
TTCCGCGTGAGGCGAT-1,0
TTCCGGCCTTGAGGCT-1,1
TTCCGGTATCTGTGTC-1,0
TTCCGGTTACCCACTT-1,1
TTCCTCGAGGGTGTCT-1,1
TTCCTCGGACTAACCA-1,0
TTCCTCTGCCCGAATA-1,1
TTCGACAGAGCCCGTG-1,1
TTCGACGGGAAGGGCG-1,1
TTCGCACTCGCGTGCT-1,1
TTCGCACTGTACGACA-1,1
TTCGCGCGCCATACGA-1,1
TTCGCTATCTGACGTG-1,1
TTCGGCAACCCGCTGA-1,1
TTCGGCTAGAGATGGT-1,1
TTCGGGACTAATCGCG-1,0
TTCGGGCGCTAGTCTT-1,1
TTCGGTACTGTAGAGG-1,1
TTCGTAATCCCAGCGG-1,1
TTCGTACTCCAGAACG-1,1
TTCGTTCAACGAAGTT-1,0
TTCTAACCGAAGCTTA-1,1
TTCTACTTGCGAGGGC-1,1
TTCTAGAAAGTCTTAT-1,1
TTCTAGGCCAATTGTG-1,0
TTCTGCCGCGCCTAGA-1,0
TTCTGCGAGCGCCCTT-1,1
TTCTGCGGGTTAGCGG-1,1
TTCTGCTAGACTCCAA-1,1
TTCTTAGTGAACGGTG-1,0
TTCTTAGTGGCTCAGA-1,1
TTCTTGAGCCGCGCTA-1,1
TTCTTGGACGATCTGC-1,1
TTCTTGGAGTAATGAG-1,0
TTCTTGTAACCTAATG-1,1
TTCTTTGGTCGCGACG-1,0
TTGAACGAATCCTTTG-1,0
TTGAACGACGTGCTGA-1,1
TTGAAGAATTCCCAGG-1,1
TTGAATATGGACTTTC-1,0
TTGAATCGTTGTATAA-1,1
TTGACAGGAGCTCCCG-1,1
TTGACATGAACGTGGA-1,1
TTGACCAGGAACAACT-1,1
TTGACCATGTTCTCCG-1,0
TTGACCGTGTTAATGA-1,1
TTGACGATTCAGCACG-1,1
TTGACGCTCCATGAGC-1,1
TTGACTACCATATGGT-1,0
TTGACTATTGTCCGGC-1,1
TTGAGAGTACTGCTAA-1,0
TTGATCTAACTTTGTC-1,0
TTGATGTGTAGTCCCG-1,1
TTGATTAGCTGTTTCT-1,1
TTGATTATGCAGATGA-1,1
TTGCACAATTCAGAAA-1,0
TTGCACGGAGCAGCAC-1,0
TTGCATGCTGATCACG-1,1
TTGCCAAGCAGAACCC-1,0
TTGCCATAGCCCGCTC-1,1
TTGCCCTGATCACGGG-1,1
TTGCCGCTTTCTAGTA-1,1
TTGCGGCATCAGAAAG-1,1
TTGCGTCGGCCAACCG-1,1
TTGCGTGAACGCTTAG-1,1
TTGCTCCCATACCGGA-1,1
TTGCTGAAGGAACCAC-1,1
TTGCTGATCATGTTCG-1,0
TTGGAAGAATACAGTC-1,1
TTGGACATGTGGCTTA-1,1
TTGGACCATCTGGCAA-1,1
TTGGACCTATAACAGT-1,0
TTGGAGTCTCCCTTCT-1,0
TTGGATATCGTCTACG-1,0
TTGGATCGACTTCTGG-1,0
TTGGATTGGGTACCAC-1,0
TTGGCCTAGAATTTCG-1,1
TTGGCTCGCATGAGAC-1,0
TTGGGAAGACGAGCCG-1,1
TTGGGACACTGCCCGC-1,1
TTGGGACGTAAGAGTT-1,1
TTGGGCGGCGGTTGCC-1,1
TTGGTCACACTCGTAA-1,0
TTGGTTGCGGTGCGCG-1,1
TTGTAAGGACCTAAGT-1,0
TTGTAAGGCCAGTTGG-1,1
TTGTAATCCGTACTCG-1,1
TTGTATCACACAGAAT-1,1
TTGTCGTTCAGTTACC-1,1
TTGTGAACCTAATCCG-1,1
TTGTGAGGCATGACGC-1,1
TTGTGCAGCCACGTCA-1,1
TTGTGGCCCTGACAGT-1,1
TTGTGGTAGGAGGGAT-1,1
TTGTGTATGCCACCAA-1,1
TTGTGTTTCCCGAAAG-1,1
TTGTTAGCAAATTCGA-1,1
TTGTTCAGTGTGCTAC-1,1
TTGTTGTGTGTCAAGA-1,1
TTGTTTCACATCCAGG-1,1
TTGTTTCATTAGTCTA-1,1
TTGTTTCCATACAACT-1,1
