,class_0,class_1
AAACAAGTATCTCCCA-1,-11.883246,11.982049
AAACACCAATAACTGC-1,-12.911409,12.966493
AAACAGAGCGACTCCT-1,-16.01409,16.15614
AAACAGCTTTCAGAAG-1,-16.742018,16.901388
AAACAGGGTCTATATT-1,-14.35783,14.428216
AAACCGGGTAGGTACC-1,-16.57456,16.790117
AAACCGTTCGTCCAGG-1,-15.750841,15.97572
AAACCTAAGCAGCCGG-1,-19.959894,19.905426
AAACCTCATGAAGTTG-1,-18.623575,18.1014
AAACGAGACGGTTGAT-1,-22.115072,22.309212
AAACGGTTGCGAACTG-1,-9.238611,9.417914
AAACTCGGTTCGCAAT-1,-17.189009,17.325773
AAACTGCTGGCTCCAA-1,-49.211277,48.200172
AAACTTGCAAACGTAT-1,-20.124454,20.162174
AAAGACCCAAGTCGCG-1,-11.402669,11.497408
AAAGACTGGGCGCTTT-1,-15.70994,15.921227
AAAGGCTACGGACCAT-1,-37.97387,37.889114
AAAGGGATGTAGCAAG-1,-17.110964,17.307453
AAAGGGCAGCTTGAAT-1,-11.131958,11.197227
AAAGTAGCATTGCTCA-1,-9.010431,9.146842
AAAGTCACTGATGTAA-1,-18.767532,18.906097
AAAGTCGACCCTCAGT-1,-13.09218,13.121182
AAAGTGTGATTTATCT-1,-21.1504,21.107922
AAAGTTGACTCCCGTA-1,-14.613392,14.708396
AAATAACCATACGGGA-1,-9.168984,9.169635
AAATACCTATAAGCAT-1,-4.0558224,4.1233087
AAATCCGATACACGCC-1,-17.11792,17.11217
AAATCGTGTACCACAA-1,-19.795078,18.621798
AAATCTAGCCCTGCTA-1,-14.948242,15.10061
AAATGCTCGTTACGTT-1,-15.85178,15.627332
AAATGGCATGTCTTGT-1,-7.2737317,7.084494
AAATGGCCCGTGCCCT-1,-11.803461,11.903495
AAATTAACGGGTAGCT-1,-8.1619,8.0696335
AAATTACACGACTCTG-1,-16.339352,16.231441
AAATTACCTATCGATG-1,-6.1139436,6.047848
AAATTGATAGTCCTTT-1,-23.738297,23.84715
AAATTTGCGGGTGTGG-1,-18.219225,18.35216
AACAACTGGTAGTTGC-1,-20.50217,20.545574
AACAATACATTGTCGA-1,-17.34654,17.45018
AACAATTACTCTACGC-1,-19.108797,19.243565
AACACACGCTCGCCGC-1,-19.731089,19.809998
AACACGACTGTACTGA-1,-25.968122,26.037548
AACACGAGACGCGGCC-1,-16.310663,16.489103
AACAGCTGTGTGGCAA-1,-19.903757,19.983814
AACAGGAAATCGAATA-1,-7.806996,7.763847
AACAGGATGGGCCGCG-1,-24.87582,25.0024
AACAGGTAGTATGGAT-1,-24.209248,24.288559
AACATATCAACTGGTG-1,-25.871716,25.953243
AACATTGTGACTCGAG-1,-47.878227,47.777664
AACCAAGACTTCTCTG-1,-11.938007,12.048936
AACCATGGGATCGCTA-1,-6.517465,6.64873
AACCCAGAGACGGAGA-1,-11.570094,11.651607
AACCCGACAACCCGTG-1,-11.849416,11.97468
AACCCTACTGTCAATA-1,-15.715635,15.768468
AACCCTGGTGGAACCA-1,-21.737814,21.90751
AACCGAGCTTGGTCAT-1,-13.993935,14.01665
AACCGCTAAGGGATGC-1,-12.339946,12.468816
AACCGTTGTGTTTGCT-1,-20.61683,20.461378
AACCTCGCTTTAGCCC-1,-16.19409,16.404871
AACCTTTAAATACGGT-1,-11.631657,11.67254
AACCTTTACGACGTCT-1,-7.8612075,7.8434052
AACGATAATGCCGTAG-1,-13.55845,13.738598
AACGATAGAAGGGCCG-1,-12.4002075,12.497623
AACGATATGTCAACTG-1,-15.504681,15.629621
AACGCATGATCTGGGT-1,-17.935356,18.135548
AACGCGACCTTGGGCG-1,-7.2788444,7.320109
AACGCGGTCTCCAGCC-1,-5.9446325,6.084249
AACGCTGTTGCTGAAA-1,-11.890254,11.983885
AACGGACGTACGTATA-1,-17.719297,17.906395
AACGGCCATCTCCGGT-1,-11.395681,11.107754
AACGTACTGTGGGTAC-1,-12.110113,12.283164
AACGTCAGACTAGTGG-1,-14.283453,14.093984
AACGTGATGAAGGACA-1,-15.382574,15.411962
AACGTGCGAAAGTCTC-1,-7.0359683,6.9098163
AACTACCCGTTTGTCA-1,-15.674028,15.849961
AACTAGGCTTGGGTGT-1,-20.063368,20.04916
AACTCAAGTTAATTGC-1,-10.577137,10.47824
AACTCCAGAGCGTGTT-1,-17.013502,16.907387
AACTCTCAATAGAGCG-1,-10.532335,10.66981
AACTCTCAGTGTGCTC-1,-11.227261,11.262035
AACTGATATTAGGCCT-1,-10.537193,10.144071
AACTGGGTCCCGACGT-1,-4.1350894,4.003699
AACTTGCCCGTATGCA-1,-14.746389,14.905614
AAGACCCAACTGAACA-1,-34.90731,34.816742
AAGACTGCAAGCTACT-1,-18.35778,18.407047
AAGAGATGAATCGGTA-1,-13.295494,13.413866
AAGAGCTCTTTATCGG-1,-22.11281,21.986965
AAGAGGATGTACGCGA-1,-10.749886,10.520142
AAGAGGCATGGATCGC-1,-19.097427,19.075996
AAGATTGGCGGAACGT-1,-19.09371,18.692766
AAGCACCCTGCGTATC-1,-8.370937,8.38317
AAGCATACTCTCCTGA-1,-14.212166,14.056779
AAGCCGAAGCGGTTTA-1,-18.382376,18.568447
AAGCGCAGGGCTTTGA-1,-18.80694,18.978285
AAGCGTCCCTCATCGA-1,-14.199076,14.298253
AAGCTAGATCGAGTAA-1,-8.911076,8.981931
AAGCTCGTGCCAAGTC-1,-11.385355,11.315097
AAGCTCTTTCATGGTG-1,-24.325844,24.455486
AAGGAGCGGTTGGTGC-1,-19.434258,19.00623
AAGGATCGATCGCTTG-1,-10.174977,10.199931
AAGGATGAGGGACCTC-1,-22.785252,22.67843
AAGGCGCGTAAAGCTT-1,-13.965263,13.523161
AAGGCTGTGCTCATCG-1,-8.68268,8.834606
AAGGGACAGATTCTGT-1,-13.576358,13.627178
AAGGGACTATGCATTC-1,-23.26367,23.312714
AAGGTATCCTAATATA-1,-13.715958,13.78502
AAGGTGATAAACCAGC-1,-14.514532,14.62622
AAGTAGAAGACCGGGT-1,-23.188437,23.226368
AAGTAGTGACGCGAGG-1,-13.253145,13.195149
AAGTCAATTGTCGTCA-1,-24.778357,24.894697
AAGTGACGACCGAATT-1,-12.891494,13.037429
AAGTGAGTCGGGTTTA-1,-39.103344,38.98103
AAGTGCCTTGACTGTA-1,-21.080658,21.289623
AAGTGCGTTAGAATCT-1,-11.994444,12.178705
AAGTGTTTGGAGACGG-1,-32.34882,32.32619
AAGTTCACTCCAAGCT-1,-16.406448,16.472738
AAGTTCAGTCTGCGTA-1,-16.969816,17.170322
AAGTTCGGCCAACAGG-1,-13.504344,13.261331
AAGTTTATGGGCCCAA-1,-36.702023,36.809795
AATAACAACGCTCGGC-1,-9.243692,9.036725
AATAACACTAGAACAA-1,-19.344856,18.999603
AATACCGGAGGGCTGT-1,-13.107128,13.302577
AATAGAACAGAGTGGC-1,-18.317335,18.401112
AATAGAATCTGTTTCA-1,-19.224627,19.203053
AATATCAAGGTCGGAT-1,-13.382247,13.527668
AATATCGAATCAATGC-1,-13.512099,13.570474
AATATCGAGGGTTCTC-1,-18.396029,18.537434
AATATTGGAGTATTGA-1,-25.930788,26.121416
AATCATGTAAAGACTC-1,-8.421937,8.567362
AATCCAAGGGCCTGAG-1,-22.518341,22.67443
AATCGCCTCAGCGCCA-1,-18.182962,18.106922
AATCGCGCAGAGGACT-1,-17.0316,17.186893
AATCGGGACACTACGA-1,-33.37031,33.255848
AATCGTGAGCCGAGCA-1,-17.781301,17.892866
AATCTAGGTTTACTTG-1,-16.59905,16.628542
AATCTATGCCGGAGCC-1,-24.826527,24.915253
AATCTCTACTGTGGTT-1,-23.971525,24.024525
AATCTGCGTTGGGACG-1,-33.845837,33.847656
AATCTGGCTTTCTAGT-1,-21.97719,21.959274
AATGACAGCAATGTCT-1,-19.181719,19.215294
AATGACGTAGGATGTC-1,-10.869972,10.722222
AATGACTGTCAGCCGG-1,-10.02859,10.157203
AATGATGATACGCTAT-1,-22.87995,22.859522
AATGATGCGACTCCTG-1,-18.209782,18.383173
AATGCAACCGGGTACC-1,-13.498043,13.604585
AATGCACCAAGCAATG-1,-26.270464,26.418749
AATGGTCCACCGTTCA-1,-17.21395,16.718304
AATGGTTCTCACAAGC-1,-14.235781,13.549609
AATGTGCCCGAGGTGT-1,-23.323666,23.48423
AATTAAAGGTCGGCGT-1,-23.00198,23.087196
AATTAGCGCTGCAGCG-1,-15.046852,15.117166
AATTCATAAGGGATCT-1,-21.879908,21.611996
AATTCCAAGCATGTAC-1,-20.543257,20.145573
AATTCGATTCGAGGAT-1,-19.301645,19.468842
AATTCTAGAGTTAGGC-1,-5.7218423,5.8371997
AATTGAACGCTCTGGT-1,-19.193857,19.278042
AATTTGGGACATAGTA-1,-12.994569,12.80883
AATTTGGTTCCAAAGA-1,-8.184584,8.031795
ACAAATCGCACCGAAT-1,-21.462118,21.442493
ACAAATGGTAGTGTTT-1,-11.469389,11.529847
ACAACAGCATGAGCTA-1,-13.610228,13.713871
ACAACGGTCCCTGCGA-1,-14.408228,14.178563
ACAAGCAGTGCCTAGC-1,-11.642071,11.836114
ACAAGGAAATCCGCCC-1,-16.78143,16.8251
ACAAGGACAAGAGGTT-1,-13.326332,13.48664
ACAAGGATGCTTTAGG-1,-18.21797,18.30046
ACAAGGGCAGGCTCTG-1,-15.813972,15.532378
ACAATAGTCGTACGTT-1,-25.469913,25.571709
ACAATCCATTTAAACC-1,-13.507549,13.255334
ACAATGAATACGGAGA-1,-24.265337,24.343266
ACAATTGTGTCTCTTT-1,-14.753675,14.733987
ACAATTTGAGCAGTGG-1,-12.72645,12.920867
ACACAAAGACGGGTGG-1,-12.555626,12.593211
ACACACCAGGACCAGT-1,-9.751139,9.93371
ACACACTTTCTACACG-1,-8.408559,8.524352
ACACCCAGCATGCAGC-1,-10.828853,10.866288
ACACCCGAGAAATCCG-1,-9.246977,9.110016
ACACCTTAAGTAGGGC-1,-12.186784,12.344099
ACACCTTACTACTTGC-1,-13.985735,14.174745
ACACGAGACTCCTTCT-1,-4.566303,4.7097564
ACACGGGAACTTAGGG-1,-11.015802,11.184325
ACACTGATCAAGGTGT-1,-17.2194,17.389847
ACAGAACTGAGAACAA-1,-14.103685,14.281512
ACAGATTAGGTTAGTG-1,-18.94988,19.168695
ACAGCATAGAGCCAGT-1,-21.23869,21.355907
ACAGCGACATTCTCAT-1,-38.65396,38.593353
ACAGCGCACCCGCAGC-1,-14.087107,13.895946
ACAGGTGGAGGTGAGG-1,-19.052515,19.114208
ACAGTAATACAACTTG-1,-20.540422,20.734818
ACATAATAAGGCGGTG-1,-8.555438,8.416602
ACATCAGCTGGGACGC-1,-14.886805,15.079886
ACATCCCGGCCATACG-1,-20.71435,20.79841
ACATCCTGGTAACTGT-1,-13.495964,13.663346
ACATCGATCGTTTACC-1,-13.680222,13.529147
ACATCGGTCAGCCGCG-1,-17.80812,17.94506
ACATCGTATGCAATGG-1,-16.063114,16.138882
ACATCGTTAACCTAGT-1,-16.00067,15.59736
ACATGGCGCCAAAGTA-1,-11.897017,11.880282
ACATTAGTTTATATCC-1,-13.852743,13.89433
ACCAACGCTTATTTAT-1,-16.024931,15.911965
ACCAAGAACGCGTGTC-1,-10.903713,10.876966
ACCAATATGCAAGTTA-1,-36.277122,36.26086
ACCACAAGTTTCTATC-1,1.940579,-1.9587178
ACCACCAATGTAACAA-1,-20.854523,20.791437
ACCACGTGCAGCTATA-1,-15.384958,15.545388
ACCAGTGCGGGAGACG-1,-13.7726965,13.846565
ACCATATCCGCAATAA-1,-12.2401285,12.311407
ACCATCCGCCAACTAG-1,-16.861729,17.024632
ACCATCGTATATGGTA-1,-7.8710294,7.5030217
ACCCAACGCCCGTGGC-1,-14.198793,14.220021
ACCCACCTACATGCTC-1,-21.755018,21.470999
ACCCATTTGTCCCTCT-1,-21.791529,21.89002
ACCCGAGCGAAATTAC-1,-20.734997,20.963528
ACCCGGAAACTCCCAG-1,-10.807151,10.716153
ACCCGGATGACGCATC-1,-8.28595,8.165719
ACCCGGTTACACTTCC-1,-12.031529,12.036168
ACCCGTGTCATCAGTA-1,-45.718258,45.568417
ACCCTCCCTTGCTATT-1,-22.570864,22.549414
ACCCTTCATCTGCGAA-1,-6.8534656,6.930014
ACCGAAAGGGCCCTGC-1,-19.108614,19.295296
ACCGACTGAGTCCCAC-1,-19.064688,19.15349
ACCGATGGTAGCATCG-1,-19.765364,19.537642
ACCGCGGTGGAAGTCG-1,-7.6885514,7.7091146
ACCGGGCCTTTGTTGA-1,-9.151361,9.215865
ACCTAAGTACCTTTCA-1,-14.022202,14.219171
ACCTAATCGACTTCCT-1,-10.607279,10.553897
ACCTACAGTATGTGGT-1,-8.779566,8.84112
ACCTACTATAAATCTA-1,-9.425476,9.486962
ACCTCCGTTATTCACC-1,-11.12784,11.288329
ACCTGCGTGTCATGTT-1,-11.670297,11.809853
ACGAAATGGGCGGCAC-1,-15.415298,15.418839
ACGACTGGTCATACTC-1,-18.865751,19.029354
ACGAGATATTTGCTTA-1,-9.97366,10.0753565
ACGAGGATACCACTCT-1,-16.016788,16.174934
ACGAGTACGGATGCCC-1,-19.41421,19.571718
ACGATACATAGAACTA-1,-16.508839,16.089874
ACGATCATACATAGAG-1,-20.301287,20.3894
ACGATCATCTTGTAAA-1,-14.520256,14.576686
ACGATGCATATGTTAT-1,-14.92156,14.485181
ACGATGGATCCGATGC-1,-15.160784,14.993808
ACGCAATCACTACAGC-1,-19.031593,19.04126
ACGCATACGTTTACTA-1,-23.588892,23.567451
ACGCATTCGTGAGTAC-1,-8.905698,8.653671
ACGCCAGATGATTTCT-1,-10.349306,9.983978
ACGCCGCTAGACGACC-1,-22.997423,21.781067
ACGCGAAGTCAGACGA-1,-16.44097,16.558239
ACGCGCTACACAGGGT-1,-8.248339,8.254991
ACGCGGGCCAAGGACA-1,-4.2818437,4.2169724
ACGCTAGTGATACACT-1,-18.299414,18.479328
ACGCTGTGAGGCGTAG-1,-29.037876,28.898575
ACGGAATTTAGCAAAT-1,-21.238852,20.636967
ACGGACTCTCAAAGCG-1,-10.208439,10.331923
ACGGATGGTGCGGATA-1,-35.650085,35.56572
ACGGCACTTGCTTGGG-1,-13.480664,13.67394
ACGGCCAACATGGACT-1,-16.50818,16.230007
ACGGCGACGATGGGAA-1,-23.271955,23.370207
ACGGGAGTGTCGGCCC-1,-20.159231,20.27206
ACGTACAGATTTCTCT-1,-8.176235,8.203457
ACGTAGATTGCTGATG-1,-15.274851,14.501765
ACGTATTACTCCGATC-1,-11.258582,11.365967
ACGTGCGCCTCGTGCA-1,-4.392921,4.217519
ACGTTAATGTCGAAGA-1,-6.332339,6.1325545
ACGTTAGATTTGCCCG-1,-19.16338,19.266031
ACGTTCCGCGCTCCGT-1,-31.94422,31.97691
ACGTTCGCAATCAATT-1,-14.325636,14.347978
ACGTTCGTTCAGGAAA-1,-26.052864,25.799372
ACGTTTAGTTGTGATC-1,-11.1786175,10.63132
ACTACCAGCTCTCTGG-1,-14.723421,14.900048
ACTACGCGTTAGAATT-1,-41.81976,41.684887
ACTAGTTGCGATCGTC-1,-9.998606,10.077489
ACTATTCGTCCGTGGT-1,-7.510814,7.522366
ACTATTTCCGGGCCCA-1,-35.320904,35.167015
ACTCAAGTGCAAGGCT-1,-13.744536,13.884887
ACTCAATAAAGGCACG-1,-21.365065,21.514034
ACTCAGACCTGCTTCT-1,-15.82913,15.9641695
ACTCCAATATCATCAT-1,-9.646928,9.742184
ACTCCCATTCCTAAAG-1,-13.6658945,13.808998
ACTCCCGAATTCGTTT-1,-17.249285,17.371216
ACTCCCTAATGCTAAA-1,-7.3036714,7.226358
ACTCCCTAGAATAGTA-1,-4.4953046,4.575135
ACTCGTAACCCGTCCT-1,-14.468058,14.60386
ACTCGTCAGTAATCCC-1,-19.851316,20.04549
ACTCTCTGACTTAGGT-1,-14.52215,13.944221
ACTCTTGTATAGTAAC-1,-8.975658,9.086486
ACTGAAACGCCGTTAG-1,-21.632486,21.735981
ACTGAATGGCGAAAGT-1,-14.132654,14.253554
ACTGCCGTCGTAACTC-1,-12.349802,12.015414
ACTGTACGATACACAT-1,-18.252882,18.348427
ACTGTAGCACTTTGGA-1,-24.062304,24.218975
ACTGTATACGCGAGCA-1,-21.986029,22.006199
ACTGTCCAGGATTATA-1,-12.010006,11.839155
ACTGTCTTCTTTAGAA-1,-9.108361,8.855796
ACTGTGCTAGTAGATC-1,-14.935377,14.322715
ACTTAGTACGACAAGA-1,-7.7136283,7.762955
ACTTATACTTACCCGG-1,-8.852369,8.935074
ACTTATTAGGATCGGT-1,-20.937872,21.03082
ACTTATTTATGTGCCA-1,-17.074114,17.25898
ACTTCCATGCGGGACA-1,-23.933142,23.98977
ACTTCGCCATACGCAC-1,-17.734118,17.801926
ACTTGACTCCCTCTTT-1,-9.7052,9.802669
ACTTGGGACCCGGTGG-1,-8.128185,7.7699876
ACTTGTAGTCCCTTCA-1,-14.502981,14.536988
ACTTGTGGATGGAACG-1,-17.178957,17.284536
ACTTTACCCTCATGAA-1,-15.6019535,15.776219
ACTTTCCTATAGCTTC-1,-16.85354,16.480091
ACTTTGACTGCATCCT-1,-25.497913,25.550888
AGAACGTGGTACATTC-1,-15.319822,15.541947
AGAAGAGCGCCGTTCC-1,-13.344351,13.482541
AGAAGGTACACTTCAC-1,-25.037888,25.074228
AGAAGGTTGCCGAATT-1,-10.734024,10.587308
AGAAGGTTGTAGGTCG-1,-13.841034,13.983185
AGAAGTGATTCGTGAT-1,-14.347141,14.482739
AGAATAAATCTTCAGG-1,-17.42484,17.610992
AGAATTATGGATTCGA-1,-19.048586,19.028091
AGAATTGTTTGACATA-1,-20.808212,20.600285
AGACCATGGGATACAA-1,-23.44751,23.264812
AGACCCACCGCTGATC-1,-9.0082445,9.185053
AGACCCGCCCTCCTCG-1,-29.328045,29.355736
AGACCGGGAAACCCTG-1,-17.435102,17.594498
AGACGAAGTGCCGGTC-1,-19.67046,19.8441
AGACGACGATGCCGCT-1,-15.379095,15.462293
AGACTAGCCTTCCAGA-1,-26.119223,26.214336
AGACTGTTACCGGGTC-1,-23.126154,23.21093
AGAGAACCGTCTAGGA-1,-15.566763,15.53943
AGAGAAGGAGTACAAT-1,-10.778119,10.871664
AGAGATCTCTAAAGCG-1,-15.225363,15.425117
AGAGCAGTTATGAGAC-1,-14.97835,14.594415
AGAGCGGGCTAATCAT-1,-8.946119,8.971461
AGAGCGTACAAGCTCG-1,-22.50248,22.382072
AGAGGCTTCGGAAACC-1,-10.408378,10.466493
AGAGTAAACTTCACTA-1,-18.558565,18.749844
AGATAACTTCAGGGCC-1,-24.01441,24.144547
AGATACGACTTCATAT-1,-19.918047,19.78135
AGATACTCAAGATCGA-1,-13.575333,13.769791
AGATATAATACGACTA-1,-24.807362,24.932997
AGATCGTGCATAAGAT-1,-13.828381,14.002284
AGATCTCAGGTGTGAT-1,-11.848097,11.987035
AGATGACTCGCCCACG-1,-9.505996,9.381711
AGATGATGGAGTCTGG-1,-4.471441,4.581161
AGATGCAAGACGTGCA-1,-23.24484,23.324442
AGATTATAGGACGTTT-1,-9.944151,10.094882
AGATTCACAACCGATA-1,-20.574814,20.626083
AGCAAAGGCCGCTAGT-1,-14.7404995,14.889279
AGCAACATATCTTATT-1,-9.403484,9.558366
AGCAACCGAAAGTAAT-1,-21.615973,21.795427
AGCACCAGTACTCACG-1,-17.07782,17.24864
AGCACTACCGGCCTGT-1,-15.835365,15.508498
AGCACTACCTCACCAG-1,-54.35004,54.081505
AGCACTTAAGGACGCC-1,-14.04293,14.236505
AGCAGAAGGAGAAAGA-1,-17.03044,17.163742
AGCATATCAATATGCT-1,-9.635726,9.774411
AGCATCATTTCGAAAG-1,-16.023907,16.074787
AGCATCGTCGATAATT-1,-15.877941,15.943629
AGCCAAGCTTTGTGTC-1,-25.460314,25.558174
AGCCACAGGTTACCCG-1,-18.910625,19.10405
AGCCACTCCCGTGCTT-1,-38.528156,36.96099
AGCCCATACATGTAAG-1,-19.793373,20.002266
AGCCCGCAACAAGCAG-1,-17.77579,17.946459
AGCCCGGTAGCCTGTA-1,-39.50288,39.41935
AGCCCTAAGCGAAGTT-1,-9.824872,9.594261
AGCCCTTCTAATCCGA-1,-13.369552,13.395848
AGCCGTGGCTAAATGT-1,-18.553648,18.68902
AGCCTAATACCCACGT-1,-24.307611,24.333164
AGCGACAGGAACGGTC-1,-15.375727,15.544673
AGCGACATCCCATTCA-1,-17.884329,17.968737
AGCGACCAACGATATT-1,-11.553711,11.7137575
AGCGCGGGTGCCAATG-1,-18.020283,18.221313
AGCGGACACTTCGTAG-1,-24.1917,24.25775
AGCGGCGGTTAGCGGT-1,-30.12723,30.24921
AGCGGGAAGGGTCCAT-1,-12.704991,12.7697115
AGCGGGTCTGACACTC-1,-19.511374,19.609056
AGCGTGGTATTCTACT-1,-14.739552,14.712558
AGCTAACAAGCAATGT-1,-16.99968,17.211617
AGCTAAGTACGCAGGC-1,-17.397045,17.625809
AGCTAGAAGCAGAAGT-1,-13.81733,13.8901615
AGCTATTTAATCCAAC-1,-10.655644,10.420817
AGCTCTAGACGTTCCA-1,-12.276396,11.641982
AGCTCTTCCCAGTGCA-1,-11.577922,11.730004
AGCTCTTTACTCAGTT-1,-13.344468,13.287511
AGCTGAAGTAAACCAA-1,-9.764437,9.774946
AGCTGTAACCTCAATC-1,-31.003736,31.080307
AGCTTGATCTTAACTT-1,-25.325363,25.111048
AGGAAGCTGTCCGCCG-1,-27.211937,27.260668
AGGACAGTCGAATCCC-1,-8.840778,9.029849
AGGACATCGCACGTCG-1,-15.827122,16.008484
AGGACGACCCATTAGA-1,-3.9686227,3.8364382
AGGACGCTCGATGTTG-1,-8.978476,9.033912
AGGAGGCCTTCGCGCG-1,-21.233183,21.414167
AGGATAAAGTCGGGAT-1,-14.264643,14.411603
AGGATATAGGGATTTA-1,-16.937418,17.107838
AGGATCACGCGATCTG-1,-22.157583,22.195772
AGGCAGATGCGTAAAC-1,-13.723333,13.888846
AGGCAGGGAGCGTACT-1,-35.89873,35.858677
AGGCATTGTCGTAGGG-1,-13.278117,13.453472
AGGCCACCCGTTATGA-1,-17.9772,18.154705
AGGCCCATTGTACAGG-1,-12.991997,12.994415
AGGCCCTAGAACGCCA-1,-7.5153747,7.6541867
AGGCCTGAGAATCTCG-1,-16.154495,16.330187
AGGCTATGGTTAGCTT-1,-14.570789,14.713517
AGGCTTCCCGAAGAAG-1,-19.069216,19.243631
AGGGAAACGAGGTACT-1,-16.985819,17.162844
AGGGACCGGCTGCGTT-1,-11.794881,11.959769
AGGGAGACATACTTCG-1,-11.971629,12.081332
AGGGCAGCGGCGTGGT-1,-27.974485,27.906109
AGGGCGAGCAGCTGAT-1,-18.265543,18.33347
AGGGCGTGATCGGCTA-1,-8.811514,8.875127
AGGGCTGCAGTTACAG-1,-5.521877,5.4283037
AGGGTCAGAGCACTCG-1,-16.07168,16.164883
AGGGTGCCGTTCTTTA-1,-20.311277,20.42162
AGGGTGCTCTCGAGGG-1,-16.383957,16.511902
AGGGTGGATAGTGCAT-1,-14.216766,14.105828
AGGGTTCAGACGGTCC-1,-13.500151,13.584847
AGGGTTCCCTTTGGTT-1,-22.178835,22.298466
AGGGTTTAGTTCGGGA-1,1.9409575,-1.9590898
AGGTAACCTCCTATTC-1,-8.028362,7.4973855
AGGTACGATATTGCCA-1,-12.875905,13.011801
AGGTAGATCGAGATAT-1,-17.122496,17.02533
AGGTAGGTACAAAGCT-1,-11.859457,11.604503
AGGTATAATTGATAGT-1,-19.053661,19.247547
AGGTCGCGGAGTTACT-1,-18.65146,18.800838
AGGTGGTGACCTTCGC-1,-31.294935,31.379723
AGGTGTATCGCCATGA-1,-16.805449,16.494404
AGGTTGAGGCACGCTT-1,-14.827801,14.87724
AGGTTTCACACACCTT-1,-51.077106,50.98358
AGTAATGTCTTGCCGC-1,-12.858607,12.988809
AGTACATCATTTATCA-1,-19.390383,19.544151
AGTACGGCCCGTATCG-1,-18.507027,18.506641
AGTACGGGCACCTGGC-1,-7.6888223,7.442244
AGTACTCTTATGCCCA-1,-18.55217,18.547024
AGTAGGAAGGAAGTTG-1,-15.273705,15.409314
AGTATAATACTAGGCA-1,-16.598003,16.784218
AGTATGCTGGAGACCA-1,-23.456236,23.45905
AGTATTTGGCACGACC-1,-31.261156,31.294205
AGTCAACACCACCATC-1,-9.095199,8.875442
AGTCAAGATGACACTT-1,-20.444065,20.55347
AGTCACTAGCTCTCGA-1,-16.4635,16.667936
AGTCAGCCACCGCCTG-1,-15.442581,15.067115
AGTCCATTGGCTGATG-1,-7.083733,7.2262177
AGTCCCGCCTTTAATT-1,-11.215963,10.920305
AGTCGACGGTCTCAAG-1,-7.8379436,7.8790345
AGTCGGCCCAAACGAC-1,-9.867821,10.005591
AGTCGGCTCAACTTTA-1,-16.926033,17.105022
AGTCGGTTGCGTGAGA-1,-14.297201,14.344953
AGTCGTATAAAGCAGA-1,-14.051431,14.198743
AGTCGTCGACCACCAA-1,-6.729564,6.681932
AGTCGTGGGCATTACG-1,-16.876137,16.957718
AGTCTAAAGTATACTC-1,-14.457619,14.472432
AGTCTCACAAGACTAC-1,-23.877394,23.98444
AGTCTTCTCCTCAAAT-1,-9.535717,9.574767
AGTCTTTAAAGTGTCC-1,-16.171717,16.212868
AGTGAACAAACTTCTC-1,-12.828971,12.959705
AGTGACCTACTTTACG-1,-11.882782,11.983403
AGTGAGACTTCCAGTA-1,-10.513262,10.666923
AGTGAGCCTCGCCGCC-1,-4.430903,4.450035
AGTGATAACCTGCGCG-1,-12.622673,12.669083
AGTGATATGAGTAGTT-1,-5.2990236,5.3441997
AGTGATTCAAGCAGGA-1,-11.655689,11.856556
AGTGCACGCTTAAGAA-1,-20.80007,20.954527
AGTGCGTAGCTCGTAA-1,-9.552647,9.470008
AGTGCTAAACACAGCA-1,-11.39996,11.538443
AGTGCTTGCACGAATA-1,-4.6582904,4.7388635
AGTGGCGGCAATTTGA-1,-12.528012,12.542257
AGTGGCGTCTGAAGGT-1,-16.234272,16.435463
AGTGGCTCCGTCGGCC-1,-23.157959,23.243305
AGTGGTGTTACCCGTG-1,-18.319216,18.435944
AGTGGTTGCGTATAGG-1,-17.465443,17.642647
AGTGTATTGCGCATTG-1,-13.022806,13.213383
AGTGTGGTCTATTGTG-1,-10.326423,10.346833
AGTTAAACACTTGCGA-1,-16.251146,15.745992
AGTTAAGCGGTCCCGG-1,-29.351461,28.018959
AGTTAAGTCAACCGCT-1,-18.07691,18.201473
AGTTACTCTATCGTGG-1,-14.723192,14.604024
AGTTCCTACAGAATTA-1,1.9407129,-1.9588486
AGTTCCTATTTATGTT-1,-33.200916,32.47249
AGTTGACGGTCCTTGC-1,-15.871862,16.050564
AGTTTCGCAGGTCGGA-1,-20.946417,20.616186
AGTTTGCACCTGCCTC-1,-22.164436,21.995674
AGTTTGGCACGGGTTG-1,-17.146439,17.084248
AGTTTGGCCAGACCTA-1,-15.283232,15.490819
ATAAACGGACCCGTAA-1,-7.583631,7.450973
ATAAATATTAGCAGCT-1,-13.413478,13.124008
ATAACGCCGGAGGGTC-1,-6.564668,6.6493993
ATAACGGAGTCCAACG-1,-19.262028,19.438889
ATAAGGTGGAGAACAT-1,-14.838348,14.891376
ATAAGTAGGATTCAGA-1,-15.626207,15.797158
ATAAGTTACCGCGACG-1,-9.386599,9.4755945
ATAATAGCTGTTGAAT-1,-6.5137534,6.475743
ATAATAGTGTAGGGAC-1,-21.084137,20.644634
ATAATCTTGGAGAACC-1,-16.149565,15.985797
ATAATTAGCTAAGTAG-1,-16.214634,16.104614
ATACAGGCCCTCCAAT-1,-21.364662,20.964117
ATACCACGGGCAACTT-1,-11.899349,11.829621
ATACCAGGCTAATAGA-1,-12.873008,13.049454
ATACGCCGGCGAAACC-1,-13.392033,13.5062895
ATACGGAACGTCGTTT-1,-15.984581,16.168928
ATACGGGTTTCGATTG-1,-10.457142,9.78829
ATACGGTGAAGATGCA-1,-14.612074,14.727868
ATACGTACTTAGCCAC-1,-33.231396,33.22328
ATACGTCCACTCCTGT-1,-14.621492,14.731435
ATACTAGCATGACCCT-1,-12.565458,12.294455
ATACTGCCTTACACCG-1,-6.4165072,6.4943757
ATACTTGTTCTCGAGC-1,-18.570345,18.577572
ATAGACAACGGGACCT-1,-31.885511,31.873558
ATAGACGAAGAGAAAG-1,-11.596802,10.919594
ATAGAGTACTGGGACA-1,-16.092424,16.21666
ATAGAGTTATCAACTT-1,-18.729553,18.75806
ATAGGCGGCTATAGAA-1,-9.718058,9.416941
ATAGGCTAGCTTCGCA-1,-16.759354,16.630228
ATAGGGATATCCTTGA-1,-13.964922,13.924787
ATAGGTTGGGCAGATG-1,-13.416149,13.272723
ATAGTGAAGCGTTCTC-1,-12.62092,12.284538
ATAGTTCCACCCACTC-1,-10.961862,11.103513
ATATAAAGCGCTCGTG-1,-12.416151,12.468996
ATATAAATGTAGCTGC-1,-20.668968,20.828667
ATATCGGTAGGGAGAT-1,-20.548023,20.736317
ATATCGTTCCTCGAAC-1,-12.216866,12.37203
ATATCTCCCTCGTTAA-1,-8.316393,8.378806
ATATCTTAGGGCCTTC-1,-4.332519,4.318403
ATATGTCTCCCTAGCC-1,-14.2520275,14.361253
ATATTCAGTTAAACCT-1,-8.47806,8.303979
ATATTCCCACAGGTCA-1,-14.743427,14.889514
ATATTGCTGTCAAAGT-1,-5.3532553,5.3588114
ATATTTAACCCTCAAG-1,1.940098,-1.9582537
ATCAAACACTGTTCCA-1,-7.6448703,7.719994
ATCAAACGAAGGTTTG-1,-20.171484,20.22607
ATCAATCTGGGCTGCA-1,-49.85245,47.927853
ATCACGTGCTAATTAA-1,-12.08194,11.863178
ATCACTTCATCCTCGC-1,-13.140041,13.229855
ATCAGACGGCACGCCG-1,-10.654422,10.645221
ATCAGCCTCATGCTGC-1,-13.441237,13.234895
ATCAGCTCGTCCACTA-1,-20.952776,21.122885
ATCAGTAGGCAGGGAT-1,-8.357256,8.408229
ATCCAACGCAGTCATA-1,-17.03869,17.023705
ATCCAATGGAGGGTCC-1,-14.302092,14.4751425
ATCCAATGGTACCGAA-1,-13.375713,13.347125
ATCCACATCGACAGAA-1,-16.7983,16.99234
ATCCAGAGCAACAACC-1,-17.00656,16.534565
ATCCAGGATTCGTGAA-1,-4.4428477,4.2054644
ATCCTACCTAAGCTCT-1,-8.491398,8.628941
ATCCTGAATCGCTGCG-1,-16.55018,16.750668
ATCCTGCGTGGAATGG-1,-13.515022,13.073015
ATCGACCCAATACAGA-1,-13.375654,13.125567
ATCGACTCTTTCCGTT-1,-17.417404,17.327412
ATCGCACGCCGGGAGA-1,-18.012459,18.150919
ATCGCCAGTCAACATT-1,-11.716317,11.433453
ATCGGCAAGCAGTCCA-1,-10.134465,10.295932
ATCGGTTACCTAGTAA-1,-13.337745,13.496794
ATCGTTAGCTAGCGGA-1,-20.113117,20.05997
ATCTAATATCCTACGG-1,-13.057087,13.213113
ATCTAGCTTGTGAGGG-1,-12.415547,12.600953
ATCTCCCTGCAATCTA-1,-10.579579,10.398965
ATCTGACATGGAAGGA-1,-21.245607,21.351341
ATCTGCACCTCTGCGA-1,-9.130171,9.003024
ATCTGCTGTTATCGCC-1,-8.72311,8.916298
ATCTGGTTAAGACTGT-1,-10.328189,10.477803
ATCTGTAATTGTACCC-1,-9.3234005,9.025479
ATCTTGACCTGCAACG-1,-7.2517037,7.389117
ATCTTGACTTGTCCAA-1,-15.383036,15.466275
ATGAAGCCAAGGAGCC-1,-18.096518,18.199535
ATGACGCCGGCTCTAA-1,-10.34225,10.449241
ATGACGCGTTCTATCC-1,-20.100035,20.17817
ATGACTATCAGCTGTG-1,-31.090113,31.132801
ATGACTATGCGACATT-1,-11.818564,11.936324
ATGAGGAGTGTTAATC-1,-13.353212,13.502234
ATGATCGGGAATAGAC-1,-13.091873,12.875138
ATGATGCAATGGTACA-1,-13.06051,12.863391
ATGCACTACCGCATTG-1,-14.758146,14.869758
ATGCATGATCCAGGAT-1,-14.068359,14.215955
ATGCCATTTGCGACCA-1,-14.230297,14.32842
ATGCCGGTCTTGCATA-1,-13.142486,13.343527
ATGCCGGTTGATGGGA-1,-29.50688,29.500782
ATGCGACAGTCCCATT-1,-5.110312,5.0086308
ATGCGAGTCCCACCAC-1,-9.582813,9.680413
ATGCTCAGTGTTGCAT-1,-19.018877,18.663822
ATGCTCTGGCGCGGTA-1,-10.232583,10.117511
ATGGAGCAGGCCGTGA-1,-18.53277,17.816555
ATGGATCCGGCGTCCG-1,-12.648032,12.718813
ATGGATTGACCAAACG-1,-22.085245,21.715626
ATGGCAGCCGAGAAAC-1,-14.767622,14.771234
ATGGGACCTGCTGAAC-1,-16.839758,16.991156
ATGGGCCTCGGCCTCT-1,-12.58506,12.637369
ATGGTCGCGTGGTTTC-1,-13.688353,13.862899
ATGTAAGGCTGCTCTT-1,-15.126091,15.283868
ATGTACGATGACGTCG-1,-18.61241,18.826782
ATGTAGCGCGCGTAGG-1,-19.582323,19.746346
ATGTGCATCCGACGCA-1,-10.543507,10.497523
ATGTGGACATCTTGAT-1,-5.451611,5.4688373
ATGTTACGAGCAATAC-1,-11.413092,11.468381
ATGTTCGTCGACCCAC-1,-8.334965,8.382559
ATGTTGTAGTCTGTTT-1,-33.372784,33.1286
ATTAAACATGCGGACC-1,-13.806222,12.956296
ATTAATACTACGCGGG-1,-12.80743,12.843228
ATTAATGAACCAGTCG-1,-11.6336155,11.523239
ATTAATTCGGTCACTC-1,-11.824009,11.774438
ATTACAACTACCGGCC-1,-17.064302,16.484234
ATTACATGTCAGTCTT-1,-14.98061,15.1378145
ATTACGCGCTGGCAGG-1,-7.7911286,7.725695
ATTACTAGCCTCTTGC-1,-17.402102,17.114243
ATTACTTACTGGGCAT-1,-13.916343,14.047849
ATTAGATTCCTCAGCA-1,-14.986971,14.985267
ATTAGATTGATAGCGG-1,-14.7342205,14.889701
ATTAGGCGATGCTTTC-1,-11.503037,11.656873
ATTATACTTTGCTCGT-1,-16.342558,16.391151
ATTATCGGAATGTACG-1,-28.226418,28.30599
ATTATCTCGACAGATC-1,-26.674269,26.21073
ATTATGCCATAGGGAG-1,-13.789944,13.821589
ATTCAACCATTTAAGG-1,-21.976103,21.524437
ATTCACTGATGTTGGA-1,-19.537104,19.343273
ATTCAGGACCTATTTC-1,-15.271206,15.376063
ATTCAGTAGCAGGGTC-1,-8.426259,8.437928
ATTCATATACTGTCCA-1,-14.301924,13.392772
ATTCATCGTTGAGGCA-1,-19.46053,19.683521
ATTCCCACATAAACAA-1,-9.245441,9.428006
ATTCCTCCGCCAGTGC-1,-10.991831,10.789379
ATTCGACGCCGGGCCT-1,-16.799213,16.927269
ATTCGTGCTATCTCTT-1,-17.156927,17.287651
ATTGAAGATCTTAGTG-1,1.9407829,-1.9589325
ATTGACGTAACTCGGT-1,-19.099821,19.16626
ATTGATGAGTCCTAAC-1,-26.09635,26.236286
ATTGCCTTTATGTTTG-1,-18.272133,18.488993
ATTGCTGCTCCTCCAT-1,-13.919115,13.5918255
ATTGGATTACAGCGTA-1,-34.132786,34.143314
ATTGTACAACTCGGCT-1,-14.209511,14.359744
ATTGTCGCAATACCTT-1,-15.58963,15.736737
ATTTACAGTTTACTGG-1,-17.06832,17.075207
ATTTACTAAGTCCATT-1,-8.762598,8.893581
ATTTCATTATTTCGCG-1,-12.733225,12.536687
ATTTCCGGGTTCTGCG-1,-18.08538,18.22361
ATTTGCGCGAGTAGCT-1,-10.543318,10.629034
ATTTGTCTTGGGAGCT-1,-7.972367,7.9596276
ATTTGTTCCAGGGCTC-1,-8.532791,8.479972
CAAACGAGTATCGCAG-1,-7.2446074,7.326369
CAAACGGTCGCACTTT-1,-20.797411,20.698189
CAAACTACGATAGAGA-1,-13.384143,13.2529
CAAACTATTGAGCTTC-1,-15.81912,15.63725
CAAACTCGCGACGCCG-1,-14.311819,14.354718
CAAAGATTATTGGGCC-1,-25.710812,25.829592
CAAATCTCTCACAAGG-1,-9.587422,9.666629
CAAATTGTCAGCAAGC-1,-10.169302,9.653832
CAACGACCCGTTTACA-1,-18.80174,18.985985
CAACGGTTCTTGATAC-1,-16.191427,16.208027
CAACTATATCGAATGC-1,-7.9939303,8.082263
CAACTCCTTGATCCCG-1,-10.937347,10.9830065
CAACTGCTCATCCGAT-1,-41.066723,40.893238
CAACTTGTAGTGGGCA-1,-7.9448953,8.015576
CAAGAGGGCGGAGTAC-1,-48.174633,48.071167
CAAGATATTATAACGT-1,-13.055238,13.219171
CAAGCAACGTCGGAGT-1,-15.033417,14.32924
CAAGCACCAAATGCCT-1,-8.601896,8.60337
CAAGCGGCACATAATT-1,-16.338696,16.468018
CAAGGATCGCATGTTC-1,-11.229608,10.694226
CAAGGTCCTATAGGCT-1,-15.171633,15.352128
CAAGTAAGTGATAGAC-1,-13.814025,13.977649
CAAGTGTGGTTGCAAA-1,-9.275097,9.413079
CAATAAACCTTGGCCC-1,-12.50684,12.676179
CAATACGCTCTGAGGC-1,-17.781794,17.95317
CAATATTCTTGACCTA-1,-16.021402,16.133057
CAATCCCTATACCAGC-1,-22.94898,22.950878
CAATGCGAGAAGTATC-1,-39.55795,39.45963
CAATGGATCTCTACCA-1,-8.7668495,8.683209
CAATGTGCCAACCCTT-1,-15.239067,14.827321
CAATTAAGGGTGATGA-1,-14.838987,14.666865
CAATTTCGTATAAGGG-1,-13.867815,13.948583
CACAATGAGCTGCTAT-1,-11.304113,11.416287
CACACACGCTAACGAG-1,-26.002329,26.113087
CACACAGGGATAGATT-1,-13.440315,13.53254
CACAGCACCCACGGCA-1,-13.259314,13.242687
CACAGCTAGGGAGTGA-1,-51.34605,51.34961
CACAGGGCCATATAGT-1,-16.171385,16.268112
CACAGGGCCGTTGTCA-1,-46.048115,45.857616
CACATATTAGCAGGAT-1,-48.944843,48.622513
CACATGATTCAGCAAC-1,-13.828546,13.810196
CACATTCTTTCGATGG-1,-13.331444,13.442958
CACATTTCTTGTCAGA-1,-8.518447,8.656726
CACCACGCCACACAGA-1,-24.64932,24.702293
CACCAGTCAGCATGCA-1,-27.777323,27.789637
CACCATCGGAGGAGAC-1,-7.88506,8.006917
CACCCACACGTCACCC-1,-11.1271925,10.973443
CACCCACGAGGCAATT-1,-12.437413,12.491329
CACCCGGTTTGTGACT-1,-9.825053,9.961415
CACCCTAACAAGATCT-1,-38.282085,38.302307
CACCCTTGGTGAGACC-1,-17.755655,17.910244
CACCGATACACCGAGC-1,-15.877298,15.506242
CACCGCCAGAAGGTTT-1,-19.635977,19.468481
CACCGCCGACCAGCGA-1,-13.531259,13.603151
CACCGTATCCCATCCG-1,-36.565334,36.51552
CACCGTTAGGGATCAC-1,-16.02318,16.081139
CACCGTTGCGCGATAT-1,-28.123724,28.066431
CACCTAATAGAGTCGT-1,-16.265955,16.291157
CACCTAATCAGTTTAC-1,-15.720293,15.463067
CACCTCGATGGTGGAC-1,-16.474052,16.621769
CACCTTGCGAAACTCG-1,-12.5188675,12.688825
CACCTTGGCGCCTTTG-1,-11.682361,11.750221
CACGAAAGTTAGTCCC-1,-21.767641,21.52498
CACGCACAGCGCAGCT-1,-5.3863773,5.461443
CACGCAGCGAGGCTTT-1,-14.894274,15.062095
CACGCGGAACTGTTGC-1,-9.610137,9.754863
CACGGGATTGAGGGTT-1,-35.084423,34.956017
CACGTCGGCAACCTCT-1,-18.878916,18.506844
CACGTTCGTGCTCTAG-1,-7.5329394,7.5894837
CACGTTTCGTACACAC-1,-21.140646,21.17604
CACTCAAGAGCTATGG-1,-15.957655,16.100525
CACTCAGCTCTTGAGG-1,-13.692997,13.81379
CACTCCTATGTAAGAT-1,-19.672922,19.744087
CACTCCTCTCGGTCGG-1,-20.016285,20.197208
CACTCGAGCTGAACAA-1,-37.644077,37.718956
CACTCGGTTAGGAGGA-1,-9.997611,10.123617
CACTCTTCTGCTAGCC-1,-15.449301,15.610463
CACTGACGATTGTGGA-1,-34.92619,34.91159
CACTGTCCAAGTGAGA-1,-21.760279,21.820015
CACTTAATCAGACGGA-1,-7.6670327,7.813824
CACTTCGCCACAGGCT-1,-7.5875106,7.4514775
CAGACACCGATCGCTG-1,-21.267714,20.868256
CAGACCTGTAAGTGTT-1,-20.912222,20.955545
CAGACGAACCTGATAC-1,-26.009817,25.749891
CAGAGACGGTCACCCA-1,-15.683508,15.794007
CAGAGCATGAGCTTGC-1,-13.582828,13.7166815
CAGAGGCGATGCATGA-1,-16.006987,15.662623
CAGAGTGATTTAACGT-1,-19.597273,19.550074
CAGATACTAACATAGT-1,-22.092852,22.245031
CAGATCATTTAAAGTC-1,-23.478134,23.563353
CAGATCCTGGTTTGAA-1,-20.557001,20.807861
CAGCAGCCCGTTCCTT-1,-9.724272,9.737382
CAGCAGTCCAGACTAT-1,-17.128187,17.157063
CAGCAGTCTGTGCTGC-1,-20.38386,20.399624
CAGCCGGGCCCTCTAT-1,-11.1685505,11.158702
CAGCCTCCTGCAGAGG-1,-10.698355,10.702985
CAGCCTCTCCTCAAGA-1,-18.78787,18.892199
CAGCGATTCCCTTCAA-1,-18.743235,18.629013
CAGCTCACTGAGACAT-1,-20.973667,21.111961
CAGCTCGACAAGTTAA-1,-18.212961,18.260263
CAGCTCGTGCTTGTGT-1,-8.888344,8.4864
CAGCTGGCGTAACCGT-1,-11.593158,11.715961
CAGCTTAGTAGGTAGC-1,-13.342885,13.513625
CAGGAAGACTTTATAT-1,-32.94181,32.9619
CAGGATATATCGTTGT-1,-47.991436,46.78244
CAGGCAGTCTTACCAG-1,-19.121084,19.316113
CAGGCCGTTTGGGTGT-1,-16.551012,16.137344
CAGGCGCACGGTGGTC-1,-26.274523,26.414925
CAGGCGCCATGCTAGG-1,-22.863844,23.082596
CAGTAACTATTTATTG-1,-13.034333,13.106748
CAGTAATCCCTCCCAG-1,-19.160967,19.348343
CAGTACATTCTCTAAA-1,-19.758724,19.945118
CAGTACCAGTTTACGT-1,-24.7367,24.819244
CAGTAGCCCACGCGGT-1,-9.952087,10.077523
CAGTCGAGGATGCAAT-1,-6.063026,6.1270843
CAGTCTGTATACTGGG-1,-57.079884,56.60215
CAGTGAATAAATGACT-1,-15.083946,14.283095
CAGTGTCCGCAGAATG-1,-15.626513,15.343007
CAGTGTCGGCTGGCCC-1,-15.182356,15.378928
CAGTTCAAATTGACAC-1,1.9409308,-1.9590634
CAGTTCCGCGGGTCGA-1,-11.979627,12.105678
CATAACGGACAGTCGT-1,-9.828697,9.841022
CATAAGAAGCTTGGCT-1,-13.182968,13.330741
CATAAGCTCTCCGTCT-1,-17.02619,17.113914
CATACAAAGCCGAACC-1,-15.966557,15.65552
CATACACGGTTCCCAC-1,-32.00897,32.07772
CATACCCGTACCCAGT-1,-13.586045,13.447967
CATACGAACTAGCTGG-1,-9.115681,9.286346
CATACGGCGTCTGGGC-1,-15.293261,15.246995
CATACTATGTAATTGT-1,-10.503754,10.277915
CATACTTAGGCAATAC-1,-13.954959,14.011586
CATACTTCTTTCTCCG-1,-13.628674,13.780011
CATAGCCGCCCGGGAT-1,-13.919255,14.016308
CATAGCGTTGCCCACC-1,-15.606939,15.400113
CATAGTACATTGAGAG-1,-17.405132,17.50314
CATAGTAGCATAGTAG-1,-14.620649,14.783845
CATAGTCCACAAGAAC-1,-10.829527,10.786593
CATATACTACTGATAA-1,-21.083712,21.137844
CATATAGGTACAGTCA-1,-12.005504,12.158671
CATATGTCAGGCTACG-1,-19.15329,19.388659
CATATTATTTGCCCTA-1,-15.892576,15.986861
CATCATCTACCCGGAC-1,-16.426645,16.61104
CATCATTACCCTGAGG-1,-15.692726,15.627503
CATCCTCTCAAAGATC-1,-9.418938,9.439936
CATCGGACGGGTTAAT-1,-8.11567,7.9458356
CATCTATCCCGTGTCT-1,-14.648148,14.629123
CATCTTACACCACCTC-1,-5.044597,5.059682
CATGAACCGACATTTG-1,-10.725319,10.379722
CATGACTTCGCTGAAT-1,-13.516258,13.670367
CATGAGATGCACTCTC-1,-22.79485,22.70448
CATGATGCACAATTCT-1,-19.562588,19.593958
CATGATGGAAGTTAGC-1,-11.515963,11.679347
CATGCCAACTCGCAAA-1,-11.306277,11.440789
CATGCGACCAGTTTAA-1,-13.195108,13.355865
CATGCGTTAGACAGAA-1,-8.100742,7.981358
CATGCTGGCTCCAATT-1,-16.96205,16.903896
CATGGATTGTCTTCCG-1,-26.369389,26.371334
CATGGCAGGAAGATCG-1,-14.564083,14.7129755
CATGGGTATGCCTTAT-1,-29.707191,29.810085
CATGGGTCGGGTGTGG-1,-8.70411,8.735621
CATGGTAAGTAGCGTT-1,-26.007252,25.321606
CATGGTCTAGATACCG-1,-18.831705,18.982685
CATGTAAGAGACATTT-1,-10.415169,10.560842
CATGTCTCATTTATGG-1,-13.834817,13.798276
CATTACGTCGGCCCGT-1,-13.702406,13.498813
CATTATGCTTGTTGTG-1,-16.259665,15.920829
CATTGCGAAATGGGCG-1,-14.682217,14.70931
CATTTAGCGGACCATG-1,-3.9556594,3.9871006
CATTTCTAGCAGACTA-1,-13.804228,13.706435
CATTTGAGTGGTACGT-1,-14.495882,14.293302
CCAAACAGAACCCTCG-1,-12.863169,13.0367155
CCAACCTTATGTAACT-1,-13.053465,13.1645975
CCAACGATGCACTGAT-1,-11.464672,11.075462
CCAAGAAAGTGGGCGA-1,-20.898663,21.083054
CCAAGACTTCTGCGAA-1,-6.7580485,6.705376
CCAAGCGTAACTCGTA-1,-10.441843,10.445004
CCAAGGAACAGAGAGG-1,-23.79492,23.962395
CCAATAGTGCCGTCGA-1,-5.750504,5.7664056
CCAATCGGTAGATCGA-1,-29.025648,29.141512
CCAATGTCACAGCAAG-1,-4.8714786,4.6160474
CCAATTACGGGTCGAG-1,-6.804562,6.781327
CCAATTGAATGTTAAT-1,-9.312891,9.501346
CCACAATGTACGTCTT-1,-10.752333,10.940663
CCACACTGAGATATTA-1,-9.670175,9.50455
CCACAGTACCCATCCT-1,-14.193993,14.326005
CCACCAACTTTACTGT-1,-15.924553,16.107758
CCACCCAAGGAAAGTG-1,-51.315487,49.34912
CCACGGAGCCATAAGA-1,-15.512545,15.531768
CCACGGTGCCCGGTAG-1,-12.437351,12.568416
CCACTGGTGGCTGGTT-1,-15.930899,16.11436
CCAGAAAGCAACTCAT-1,-16.223743,16.099876
CCAGATAGTTGAGTGA-1,-20.178652,19.899239
CCAGCCTGGACCAATA-1,-13.570224,13.715724
CCAGCTCGAACGCATT-1,-21.825083,21.846083
CCAGCTGATGGTACTT-1,-17.451399,17.41912
CCAGCTTCCGCCCGCA-1,-12.672033,12.42423
CCAGGGACGTGGCCTC-1,1.9359655,-1.9540058
CCAGTAGTCTGATCCA-1,-24.953367,25.03564
CCAGTCAAATCTCTTA-1,-17.191084,17.389095
CCAGTCTAGACGGCGC-1,-7.574324,7.35772
CCATAAACAACCCGAC-1,-8.417988,8.584806
CCATACCTTTACTTGT-1,-38.46007,38.45007
CCATAGGTTGGCGTGG-1,-10.120571,10.237115
CCATATGGAAACTATA-1,-19.866058,20.079792
CCATCCATACCAAGTC-1,-18.737589,18.952766
CCATCGCAGTTAAACT-1,-15.029659,14.988862
CCATCTCACCAGTGAA-1,-15.674685,15.425817
CCATGCCCTAGATTTC-1,-13.30927,13.510347
CCATGCCTGTTTAGTA-1,-5.235675,5.178766
CCATGCTCTGCAGGAA-1,-15.672564,15.558972
CCATGGCCCTTGTACC-1,-23.032652,22.920494
CCATTAGCGATAATCC-1,-15.917959,15.474084
CCATTCCCTGCCCACA-1,-11.225565,10.980087
CCATTTCTACCTATTA-1,-20.216501,20.30818
CCCAAACATGCTGCTC-1,-12.754038,12.933139
CCCAACATACGTCGCG-1,-15.732412,15.850846
CCCAACCACACTAACA-1,-5.721368,5.856547
CCCAATGAGATTTGCA-1,-46.143536,45.980293
CCCAATTTCACAACTT-1,-15.350637,15.305116
CCCAGAGGAGGGCGTA-1,-19.247551,19.435944
CCCAGTAAACTTGGGA-1,-18.810123,18.921232
CCCAGTTAAGGCGCCG-1,-9.153784,9.12165
CCCGAAGTTTCGCGAA-1,-22.552591,22.666634
CCCGACCATAGTCCGC-1,-5.676731,5.7857957
CCCGAGTTTCTCCGTA-1,-9.288937,9.467938
CCCGCAGCGCGAACTA-1,-14.218315,14.024316
CCCGCAGGGCCCAAAG-1,-6.7446837,6.815314
CCCGCCATGCTCCCGT-1,-20.454325,20.362183
CCCGCGCAATGCACCC-1,-19.123053,19.21026
CCCGGTGTATCGGAAT-1,-20.458862,20.668169
CCCGTAAGTCTAGGCC-1,-17.934984,17.689445
CCCGTCAGCGTCTGAC-1,-10.197238,10.306419
CCCGTTTCGCAGATGT-1,-33.55053,33.55294
CCCTATGTAGAGCAGA-1,-15.097792,15.200173
CCCTCATTCTGGAATT-1,-8.148048,7.9860883
CCCTCCTCGCTCGTAT-1,-13.419757,13.49974
CCCTGAAATGAGTTGA-1,-11.411852,11.487976
CCCTGACTAACAAATT-1,-20.957413,21.083298
CCCTGCCCAATCCGCT-1,-21.087885,21.203815
CCCTGCGCTACGCATA-1,-19.906065,20.022673
CCCTTTGACAGGTCTT-1,-18.752398,18.947332
CCGAAAGTGGTGAGCA-1,-16.497423,16.182678
CCGAACCTTCCCGGCC-1,-25.382425,25.487833
CCGAAGTATATTGTTC-1,-22.254564,22.266918
CCGACAAAGGGAGTGC-1,-16.409592,15.968526
CCGACGGGCATGAGGT-1,-23.216951,23.343477
CCGAGAAGTCGCATAA-1,-7.0226436,7.189546
CCGATCTCAACCTTAT-1,-26.005468,26.08565
CCGATTCGAGGGACCC-1,-18.713009,18.86592
CCGCACAAAGACCAAC-1,-14.389149,14.278279
CCGCACGTGACCTCGG-1,-15.62052,15.825742
CCGCATGTGGTACGAT-1,-14.121231,14.185517
CCGCCGGTCAACACAC-1,-15.308157,15.515143
CCGCCTGCGAATTGGT-1,-12.873675,13.048008
CCGCGATTTGGTAGGT-1,-25.515017,25.49084
CCGCGGAATGCGTCAC-1,-18.671335,18.85205
CCGCGGGTACGAAGAA-1,-10.588644,10.712756
CCGCGTAGGTAAGGGC-1,-23.062689,23.249014
CCGCTATCAGCACCAG-1,-18.90412,18.627829
CCGCTTACCTCACTCT-1,-14.670122,14.84689
CCGGAATGGTTTCAGT-1,-16.798841,16.899271
CCGGAGCGTACTTTCT-1,-27.884552,28.032093
CCGGCACGACCGTTTC-1,-10.48299,10.504192
CCGGCGCATATTGGAT-1,-7.4538083,7.5176225
CCGGCGTGAGACTCTG-1,-28.911041,29.002157
CCGGGCGGTCTCGTCA-1,-12.044431,12.129192
CCGGGCTGCTCCATAC-1,-19.029005,19.257195
CCGGGTTCGAGGTTAC-1,-14.0417595,13.63478
CCGGTAATGGCTAGTC-1,-8.960361,9.0463915
CCGTAAGTTGGTCCCA-1,-21.140844,21.286673
CCGTACCCAAGCGCCA-1,-22.231947,22.114994
CCGTAGGAAATCCCTG-1,-16.632587,16.81952
CCGTATCTCGTCGTAG-1,-23.709408,23.879288
CCGTGCCCATGACGGC-1,-31.883688,31.885757
CCGTGGAACGATCCAA-1,-24.25245,24.2985
CCGTGTTAAATTCCAT-1,-22.990248,23.143969
CCGTTACGTTAGAACA-1,-9.286455,9.159299
CCGTTCCGAATCTCGG-1,-9.420031,9.494899
CCTAAAGGCTGACGCT-1,-11.475986,11.6462755
CCTAAATTAACGGTTC-1,-28.439228,27.873194
CCTAACCCAAACAAGT-1,-14.404364,14.503629
CCTAACTAAGGCTCTA-1,-13.823854,13.608439
CCTACATTCACAGACG-1,-20.190477,20.25036
CCTACGGCTCAGTCGA-1,-15.154942,14.834434
CCTACTGCTTACACTT-1,-30.153597,30.186897
CCTAGGCGTAGCGATC-1,-15.26169,15.444205
CCTAGGTAAAGGTAGC-1,-20.355438,20.512989
CCTAGTTAGTCGCATG-1,-14.573774,14.187243
CCTATATTTGTCCTGG-1,-25.466105,25.582859
CCTATGAAGTGGTGCC-1,-13.560745,13.750617
CCTATGGCTCCTAGTG-1,-21.854101,21.918438
CCTATGGGTTACCGTC-1,-11.908203,12.089276
CCTATGGTCAAAGCTG-1,-19.670921,19.816954
CCTATGTCCACTCCAC-1,-22.07868,22.242027
CCTCACCAATCTTGAC-1,-12.655673,12.470534
CCTCACCTGAGGGAGC-1,-23.574495,23.603485
CCTCACCTTAGCATCG-1,-19.043158,19.137966
CCTCCCGACAATCCCT-1,-19.795595,19.74188
CCTCCGACAATTCAAG-1,-11.506778,11.367766
CCTCCTGAGCCCACAT-1,-18.215683,18.289162
CCTCCTGTTGTGTCGT-1,-23.951561,24.023727
CCTCGAAGTGGACGGG-1,-4.7834125,4.831697
CCTCGCCAGCAAATTA-1,-11.5864315,11.270518
CCTCGCGCGATATAGG-1,-13.243697,13.383044
CCTCGGACCGGGATAG-1,-15.229963,15.337285
CCTCGGATGCTACCTG-1,-24.933012,24.958092
CCTCTAATCTGCCAAG-1,-12.263514,12.432479
CCTCTATCGATTAGCA-1,-19.221964,19.322554
CCTCTCTCCCATCTAG-1,-12.377567,12.495752
CCTCTGGCCTAGACGG-1,-8.164947,8.015682
CCTCTGTACTATTCTA-1,-15.94438,16.100601
CCTGAACGATATATTC-1,-10.795794,10.952519
CCTGAATATTTACATA-1,-15.8449955,15.946027
CCTGACCACCGATGGT-1,-17.593403,17.323895
CCTGCCCGTTGTCTAG-1,-18.184835,18.327305
CCTGCGTTCTACGCTT-1,-17.518164,17.085312
CCTGCTATTTGAGAAG-1,-14.115866,14.160079
CCTGGAAACGTTCTGC-1,-12.577766,12.610393
CCTGGCTAGACCCGCC-1,-19.903765,20.004347
CCTGTAAGACATGATA-1,-19.171312,19.261564
CCTGTACTCACGCCCA-1,-11.814892,11.965575
CCTGTCACCCGGGCTC-1,-9.513638,9.651969
CCTGTCCCTCACGTTA-1,-12.539081,12.533085
CCTGTCGCCCGTAAAT-1,-9.590742,9.606398
CCTGTTTGAAGACACG-1,-7.6453757,7.6396966
CCTTCGTATAGAATCC-1,-11.345877,11.395728
CCTTCTTGATCCAGTG-1,-9.515175,9.481549
CCTTTAAGGGAGCACT-1,-27.713886,27.839811
CCTTTCAATGAAGAAA-1,-14.967188,15.100659
CGAAACATAGATGGCA-1,-14.40803,14.166415
CGAAACGCAATTCATG-1,-17.966688,17.730597
CGAACAGTATGGGCGT-1,-14.758799,14.914807
CGAACCCGCATGCGTC-1,-19.941444,19.970484
CGAACGCCCAGTGCCG-1,-7.5647893,7.679894
CGAACGGCCGGACAAC-1,-13.450662,13.670679
CGAAGCTATAAATTCA-1,-18.67273,18.86795
CGAAGTTGCTCTGTGT-1,-7.35846,7.41143
CGAATGACGCATAATG-1,-47.260498,47.21464
CGACAATTTGATCTAA-1,-11.517355,11.58723
CGACACGCTCCGACAG-1,-9.160048,9.12336
CGACAGTTCGCGTTAT-1,-12.127545,11.849301
CGACATGCGATCTTCT-1,-13.382552,13.374728
CGACCCTTAACGCCGG-1,-22.176907,22.24014
CGACGCATCCGTACCT-1,-18.579535,18.692078
CGACTCAGGATGTTAT-1,-12.846388,12.984756
CGACTTTGTATAGCCT-1,-15.66572,15.782552
CGAGACCCTAGAGTGT-1,-20.556889,20.385435
CGAGAGATGTGAACCT-1,-11.128482,11.232163
CGAGAGCTTTCACTAC-1,-14.57028,14.516465
CGAGAGGGTAGCCGCG-1,-22.74829,22.910027
CGAGCACTTCAAGTTT-1,-10.460254,10.57378
CGAGCGTTGATCAGCC-1,-31.8384,31.898872
CGAGCTGGGCTTTAGG-1,-8.598631,8.370444
CGAGGCTAAATATGGC-1,-15.640753,15.778434
CGAGGGACTGCGGTCG-1,-16.917578,17.06473
CGAGGGTATCCAGGTG-1,-32.885326,32.988876
CGAGTACTAAAGAGGA-1,-14.940489,14.710595
CGAGTGAAGGTACCAG-1,-25.973738,26.07547
CGAGTGCTATAGTTCG-1,-27.97423,27.969675
CGAGTTCTGTCCCACC-1,-5.1262136,5.248152
CGAGTTTATCGGACTG-1,-17.841177,18.028887
CGATACCTCGCGGACA-1,-10.238492,9.974686
CGATCCGACCCAGTGC-1,-4.1068006,3.9347992
CGATCCTCGCAACATA-1,-16.200438,16.365473
CGATCTGTTGGAGGAC-1,-14.840603,14.952699
CGATGGACCCTACGCC-1,-12.842741,12.931468
CGATTAAATATCTCCT-1,-13.175814,13.242849
CGATTCGCCTGGCTGC-1,-14.00449,14.187657
CGCAAACACGAGTTAC-1,-15.515369,15.112195
CGCAATTACTTTCGGT-1,-11.023507,10.687913
CGCAATTAGGGTAATA-1,-12.018129,12.108613
CGCAATTCTACAATAA-1,-13.115521,13.176376
CGCACATGTCCACTAC-1,-17.251413,17.43954
CGCACGTGCGCTATCA-1,-8.8352375,8.753932
CGCAGAAACATTTGCG-1,-30.932467,30.893646
CGCAGGCGATCCAAAC-1,-13.350959,13.399083
CGCATGGTGCGATGCT-1,-14.503225,13.793871
CGCATTAGCTAATAGG-1,-16.782217,16.508823
CGCCAAGAAGCCGAGT-1,-11.092939,11.233303
CGCCACAGGTCGCGAT-1,-32.047993,32.14595
CGCCATCCGATTATGA-1,-11.577356,11.292242
CGCCCAGCGTTTCACG-1,-17.409399,17.481073
CGCCCGCTTCCGTACA-1,-16.462545,16.22393
CGCCGCCCATGCCTGT-1,-16.777225,16.842741
CGCCTCCCTCCTCTAT-1,-12.543219,12.5465355
CGCCTGGCCTACGTAA-1,-8.270667,8.052194
CGCGACCGCGACAGAT-1,-16.976095,16.712704
CGCGAGTCTGCCGGGT-1,-17.638369,17.734097
CGCGCAAATGTCCAGA-1,-24.833975,24.915934
CGCGCATGTTTGATTG-1,-12.7327385,12.843919
CGCGCCCGACTTAATA-1,-18.333464,18.44283
CGCGGCTCAACTTGAA-1,-14.077896,14.131255
CGCGGGAATTAGGCAG-1,-17.806847,17.993183
CGCGTTCATGAAATAC-1,-17.811583,17.616863
CGCTACGGGACATTTA-1,-4.4418964,4.295999
CGCTAGAGACCGCTGC-1,-8.27036,7.924174
CGCTATACCGCCCACT-1,-18.45311,18.628458
CGCTATTCAATGTATG-1,-11.16928,11.148453
CGCTATTCTTAGGCTC-1,-11.503198,11.663952
CGCTCGACATAATGAT-1,-9.006101,9.074546
CGCTCTCCGTAGATTA-1,-10.692261,10.5349045
CGCTGGTGACTACCCT-1,-16.381994,16.57438
CGCTGTGACGCCGCAC-1,-12.377785,12.542991
CGCTGTGTGGATGTTG-1,-35.475147,35.41684
CGCTTAGTATTGATAC-1,-21.97336,22.115898
CGCTTATTCCCGGTCG-1,-17.829956,17.671965
CGCTTCCACTGAAATC-1,-11.892981,11.679074
CGCTTTCATACCGGTG-1,-22.433916,22.590403
CGCTTTCTTGCATTCG-1,-8.746516,8.819451
CGGAACGTAAACATAG-1,-19.96115,19.525967
CGGAGCAATTTAATCG-1,-12.135199,12.264688
CGGAGCATGGCGATCC-1,-13.153866,13.25947
CGGAGCTTATAACACC-1,-14.658342,14.177688
CGGAGTTTGAGAGACA-1,-22.175528,22.06157
CGGATCCTCAAGGACT-1,-18.82553,19.000263
CGGCAAACATCGTGCG-1,-17.175625,17.29345
CGGCAGGGTCGGGTTG-1,-23.371317,23.505148
CGGCCACGCACAAAGT-1,-14.05909,13.672638
CGGCCAGAGCGACCAT-1,-14.589283,14.765025
CGGCCCAACCTGTAGT-1,-15.372717,15.45201
CGGCCCAGGTATATCC-1,-6.6416135,6.7527795
CGGCGCCATCAATCCC-1,-13.422548,13.456977
CGGCTCTAAAGCTGCA-1,-11.036811,11.179045
CGGCTTTGTATGATAA-1,-21.371693,21.494568
CGGGAATATAGTATAC-1,-20.203938,20.119675
CGGGAATTTATGTAAA-1,-28.270664,27.196545
CGGGAGCTTCAGTGTA-1,-19.929346,20.11866
CGGGATCAATGTAAGA-1,-25.445185,25.337063
CGGGCAGCTAAACCGC-1,1.9409583,-1.9590905
CGGGCCTTCTTTGTAA-1,-16.096203,15.776437
CGGGCGATGGATCACG-1,-15.282827,15.212943
CGGGTGTACCCATTTA-1,-17.178476,17.253534
CGGTACTAGAATCAAA-1,-12.774342,12.937036
CGGTAGAGGTGCAGGT-1,-19.538244,19.57705
CGGTCAAGTGGGAACC-1,-13.446335,13.547754
CGGTCCGTCGCAAGCC-1,-45.918686,45.835194
CGGTCTATCAACCCGT-1,-18.600374,18.701015
CGGTGAAGACTAAAGT-1,-16.632938,16.805294
CGGTGCAGATAGAACG-1,-21.548231,21.605072
CGGTGCGCGTTGGTCC-1,-16.492245,16.714243
CGGTGGGCTCCAGCCT-1,-9.074804,9.142222
CGGTGTACTTGATCCC-1,-14.351488,14.180202
CGGTTATCCAACAGTG-1,-6.656174,6.7344203
CGGTTCAAGTAGGTGT-1,-16.266956,16.279352
CGGTTGACCTGGCATA-1,-16.924421,16.99363
CGTAACTTCGACACTT-1,-20.050322,20.123104
CGTACCTGATAGGCCT-1,-10.355238,10.50968
CGTAGCGAATTGTCAG-1,-6.6133103,6.704884
CGTATTAAGAGATCTA-1,-14.921274,15.123502
CGTCAAGGCTATAAAT-1,-19.16553,18.63232
CGTCACGTCCATTGGT-1,-5.391489,5.3243318
CGTCGCATGTGAGCCA-1,-16.213278,16.344208
CGTCGCTTGGTTATAC-1,-16.786974,16.999718
CGTCGGATAGTGTTGA-1,-15.826239,16.013273
CGTCGGGTCTAAGCGC-1,-20.483316,20.645016
CGTCGTCCTTCGCGAA-1,-32.468334,32.485054
CGTCTGGAAGGGCCCG-1,-7.460097,7.39766
CGTGAAGTTAATTCAC-1,-10.431924,10.168101
CGTGACATTGGGTCGT-1,-13.756652,13.376837
CGTGACCAGTCCTCTG-1,-40.330933,40.224525
CGTGCAGACTGGGACA-1,-16.294802,16.165667
CGTGCATTGTCGACGC-1,-6.1000667,6.234182
CGTGCCCTCCCGAAGA-1,-36.49916,36.430374
CGTGCTTCTACCTAAA-1,-24.94569,24.98722
CGTGGCCGAATATCTA-1,-21.562767,21.741848
CGTGGTACCCAAAGGC-1,-11.441218,11.515361
CGTGTCCCATTCGCGA-1,-14.358305,14.38207
CGTGTCTCGTTACGAC-1,-10.786373,10.950096
CGTTAAACTAGTTAGG-1,-18.321602,18.465279
CGTTAATGTCCCGACG-1,-6.5466905,6.65671
CGTTAGCTCACAACTG-1,-9.777336,9.7059355
CGTTCAGACCCGCGAA-1,-11.745462,11.724795
CGTTCATGGTGCGCGT-1,-18.417126,18.400116
CGTTGAATACCGCGCT-1,-32.855984,32.874767
CGTTGAGCGACCGTCG-1,-30.457876,30.424469
CGTTGTAAGATTGATT-1,-18.275267,18.350416
CGTTGTCGGCAATTGA-1,-13.328972,13.317155
CGTTGTTTCAATTCCC-1,-4.998378,4.973736
CGTTTAAGCGGAGCAC-1,-9.210559,9.114488
CGTTTCACTTCGGGCG-1,-13.206958,13.306293
CGTTTCGCTCATTACA-1,-13.688168,13.842217
CGTTTGTGTAGAGGGT-1,-20.633738,20.515118
CTAAAGAATGCCTACT-1,-17.97679,18.162186
CTAAAGGGAAATAGGA-1,-9.201875,9.215207
CTAAATCCGGTGTACA-1,-14.1985,14.367429
CTAAATCCTATTCCGG-1,-17.687235,17.810978
CTAACCGCGCGCCCGT-1,-15.036158,15.224849
CTAACGAAACTTGCTG-1,-17.756483,17.581144
CTAACTGATAATCGCC-1,-19.001928,19.234081
CTAACTGGTCCGGTTC-1,-17.262388,17.462479
CTAAGGGAATGATTGG-1,-38.05843,36.201866
CTAATTCGCACGCGCT-1,-13.727642,13.836012
CTAATTCTCAGATATT-1,-17.956095,18.139677
CTAATTTCAACAACAC-1,-17.345934,17.273373
CTACACTCGCAGATGG-1,-19.179037,19.279762
CTACCCTAAGGTCATA-1,-17.227304,17.217281
CTACGACTAGCTATAA-1,-12.449085,12.569424
CTACGCACGGAGTACC-1,-13.301508,13.07747
CTACGCCATTTCCGAT-1,-11.892865,11.813741
CTACTATCATAGGTTT-1,-21.424677,21.4769
CTACTATCTTTCAGAG-1,-23.203161,23.154865
CTACTCAAGGTATAGT-1,-35.54842,35.476437
CTACTCTAGGCCCGGC-1,-9.2608185,9.287269
CTACTGCCACCTGACC-1,-15.315197,15.196918
CTAGATGTGAGTGTAA-1,-15.506609,15.571441
CTAGATTTACGACGGC-1,-15.535219,14.581662
CTAGCATAGTATAATG-1,-48.624073,46.692627
CTAGCCGATGTTATGA-1,-15.437996,15.580197
CTAGGCGCCCTATCAG-1,-17.826925,18.050526
CTAGGTCTGAAGGAAT-1,-16.294203,16.323347
CTAGGTTCGGACGTGA-1,-11.771052,11.922847
CTAGTAGAAAGGGATT-1,-18.419851,18.529709
CTAGTATTCGGAATTA-1,-11.135197,10.846024
CTAGTCACGTCTTAAG-1,-15.070347,15.126958
CTAGTGAAGGACAGGA-1,-9.7783375,9.645505
CTAGTTACAACCCGGT-1,-13.765455,13.922492
CTAGTTGGGCCCGGTA-1,-15.671644,15.79865
CTATAAGAGCCAATCG-1,-12.175909,12.30015
CTATCGACGAAATACA-1,-14.241007,14.370204
CTATCGGGTCTCAACA-1,-7.4226947,7.542607
CTATGCCCGAATGCAA-1,-38.721992,38.668148
CTATGGGAAGCGGAAT-1,-33.706783,33.661552
CTATGTCACTAGCCCA-1,1.9395046,-1.957745
CTATGTCTATTGAAAC-1,-12.892999,13.003112
CTATTCATGTGTCCCA-1,-10.68788,10.864745
CTATTTGGTTACGGAT-1,-18.739859,18.908909
CTCAAACCACTGCCCG-1,-17.630424,17.645363
CTCAACTAACCCGGAT-1,-18.286734,18.372318
CTCACATTTACTAAAT-1,-34.797443,34.747135
CTCACTGTGATACTTA-1,-16.877132,16.846346
CTCACTTGGCTGGTAA-1,-10.91175,10.958665
CTCAGGACTCACCTGT-1,-16.300608,16.353415
CTCAGTCACGACAAAT-1,-19.155363,19.318813
CTCATGGCTCACAATC-1,-6.3172755,6.0398517
CTCATGGTAATTTGCG-1,-27.807781,27.831299
CTCATTGCTCTAACAA-1,-15.236998,15.232104
CTCATTTGATGGGCGG-1,-14.154211,13.838967
CTCCCTCCTTTCGATC-1,-20.838959,20.969475
CTCCGGCCTAATATGC-1,-16.471466,16.047718
CTCGAGGTCGAACAGT-1,-13.147195,13.19838
CTCGATATTTGCGAGC-1,-18.56199,18.678192
CTCGCACCTATATAGT-1,-8.658341,8.676225
CTCGGGTTCTCTGGCC-1,-20.323967,20.48215
CTCGGTACCACTGCTC-1,-9.032032,8.971555
CTCGGTCCGTAGCCTG-1,-19.515486,19.465702
CTCGGTTGTCGGCCCT-1,-19.035547,19.24638
CTCGTTTCTAATGTTT-1,-18.567053,18.702103
CTCTAATGCATTGATC-1,-11.446781,11.468396
CTCTACACTGGCGATT-1,-23.203045,23.42159
CTCTATTTGGCTGCAG-1,-7.533527,7.652986
CTCTCACAATCGATGA-1,-11.926487,12.156219
CTCTCTAACTGCCTAG-1,-14.5948925,14.732139
CTCTGGACGCCTGGTG-1,-7.8700786,7.7641244
CTCTGTTTGAGGATTC-1,-16.304323,15.670548
CTCTTCTATTGACTGG-1,-21.120522,21.11779
CTCTTCTGGAAGTTAG-1,-24.93888,25.106228
CTCTTGTCCCGCTTGG-1,-20.163923,20.068523
CTGAAAGAGATCCGAC-1,-16.214474,16.259724
CTGAATCCGAGACCTC-1,-8.091255,7.967015
CTGAATTTATTGCCAG-1,-25.213594,25.234669
CTGACTGCGCAGCTCG-1,-19.688503,19.792933
CTGAGCAAGTAACAAG-1,-27.455462,27.14606
CTGATAGTGTATCTCA-1,-12.8588915,12.624782
CTGCACAACTACATAT-1,-15.436028,15.589963
CTGCACCTGGAACCGC-1,-26.365997,26.367691
CTGCACTCCAGTACAG-1,-10.358604,10.498569
CTGCCAAGGTTGGAAG-1,-14.01363,13.909365
CTGCCATGCATCACAT-1,-18.352446,18.077301
CTGCCTTTAATACCTT-1,-6.6533694,6.721102
CTGCCTTTCTAGTAAA-1,-17.876066,17.993954
CTGCGGGTGAAATGTT-1,-9.087303,9.137667
CTGCGTTACGATATAA-1,-8.009768,8.046554
CTGCTGAGGCCACGAA-1,-15.244108,15.396104
CTGCTTGGCGATAGCT-1,-27.117647,27.121624
CTGGAAATGGATGCTT-1,1.9389937,-1.957086
CTGGAAGACACGGTGG-1,-15.96838,16.120281
CTGGACGCAGTCCGGC-1,-27.949844,27.971806
CTGGATTTACACTTGA-1,-22.17933,22.144434
CTGGCATCCGAATGAG-1,-19.922396,20.069439
CTGGCGACATAAGTCC-1,-61.791477,59.41237
CTGGCGCACAGGTCTG-1,-10.41481,10.512139
CTGGCGGGAATAAGTA-1,-14.443533,14.550185
CTGGCTGATTCATCCT-1,-13.81671,13.969803
CTGGCTGGTTGTCAGT-1,-15.904701,15.799298
CTGGGATAAATAATGG-1,-14.920357,15.104922
CTGGGCCTGCTATATC-1,-19.279951,19.053696
CTGGGTAGGCAGTTAA-1,-14.05649,13.677701
CTGGTAACACATAGAA-1,-11.189322,11.337044
CTGGTAACGAGCTCTT-1,-5.216327,4.7729297
CTGGTTTCGAGCAAGA-1,-15.315729,15.421796
CTGTAGTGAGGATCGA-1,-14.000585,14.142232
CTGTATGGTGTAGAAA-1,-16.531351,16.471714
CTGTCAAATGGCTCGG-1,-22.283182,21.670937
CTGTGCAGGGTAGGTC-1,-8.273756,7.8185506
CTGTGGTCGGGAGATA-1,-11.808924,11.977751
CTGTTACCCAATCTAG-1,-14.471752,14.2804575
CTGTTCACTGCCTGTG-1,-15.305441,15.141519
CTGTTCATCTCACGGG-1,-13.504147,13.524795
CTTAACTTCGAAGTAC-1,-18.243917,18.12426
CTTACACGGTATTCCA-1,-4.4060674,4.3955536
CTTACACTGGGAAATA-1,-29.466173,29.468735
CTTAGCCTTCCACATG-1,-8.789447,8.207372
CTTAGTAGGCCTACAG-1,-14.614864,14.781354
CTTAGTGTAGTAGCAT-1,-18.915758,19.052547
CTTATGCGCTCAGGGC-1,-22.415648,22.58369
CTTCAACTCCACTTGG-1,-22.895628,22.776287
CTTCAGTGGTCGCCTA-1,-18.737047,18.885975
CTTCATAGCTCAAGAA-1,-12.690535,12.583098
CTTCATTGTCAGTGGA-1,-10.912794,10.94209
CTTCGGCCAATTGTTT-1,-19.157064,19.368034
CTTCGTAGATAGGTGA-1,-17.039394,16.703247
CTTCTATGTTGAAGTA-1,-14.850534,15.007789
CTTCTATTAATGCTAG-1,-12.563433,12.47207
CTTCTGGGCGTACCTA-1,-14.4530735,14.49611
CTTCTTACGTCGTATA-1,-10.461489,10.547557
CTTGACCCGAAAGATA-1,-19.612005,19.776829
CTTGAGTTAGGGTAAT-1,-15.414101,15.458283
CTTGCAACCGCCTCCT-1,-10.820534,10.906739
CTTGCCCAGGCTCTAC-1,-6.8379416,6.3717027
CTTGGCCAAGCTGGGA-1,-53.827305,53.531815
CTTGTACTTGTTGACT-1,-13.187389,13.395508
CTTGTCAACATTCGAG-1,-15.712511,15.908193
CTTGTGAGTCTTTGAC-1,-22.50128,22.154446
CTTGTGCTCACCGATT-1,-8.601282,8.710736
CTTGTTGCTGAGTCAA-1,-12.937645,12.889213
CTTGTTTATGTAGCCA-1,-17.645037,17.538399
CTTTAACTTTCAAAGG-1,-6.689791,6.786633
CTTTAATATTGGTCGA-1,-23.251764,23.446886
CTTTACCGAATAGTAG-1,-19.499277,19.102274
CTTTAGGAACACTGTT-1,-22.258656,22.156752
CTTTAGTGCTATTATT-1,-13.97532,13.163453
CTTTCTGTGCGGGCTT-1,-20.090967,20.164524
CTTTGCATCGCTCTTG-1,-18.291918,18.503662
CTTTGGCGCTTTATAC-1,-14.97485,14.587888
CTTTGGCTTTAGTAAA-1,-14.333109,13.707631
CTTTGGGATTGTTGCA-1,-22.012177,22.11868
GAAACAGATGACCACC-1,-17.43556,17.603928
GAAACAGCCATGCAGT-1,-12.963007,12.754363
GAAACATAGGAAACAG-1,-17.2758,17.363235
GAAACCATGGTGCGCT-1,-20.503704,20.69848
GAAACCGAATTACCTT-1,-13.388299,13.475674
GAAACTCGTGCGATGC-1,-16.399616,16.330921
GAAACTCTAATGAAGG-1,-14.412996,14.185767
GAAAGAACAGCGTTAT-1,-33.07391,33.091976
GAAAGCCCTTTGGACC-1,-20.458961,19.927704
GAAAGTGACTAACTGC-1,-19.593113,19.3849
GAAATACTAAACGTTT-1,-22.145163,21.912342
GAAATATCACCATCAG-1,-16.470663,16.56686
GAAATCGCGCGCAACT-1,-7.9910007,7.894957
GAAATGGCGGTGTTAG-1,-4.069902,4.060758
GAAATTAGCACGGATA-1,-16.767984,16.918196
GAAATTCACATCGCTG-1,-24.218737,24.345396
GAAATTGTCTCTATAA-1,-83.533424,81.99176
GAACACACATCAACCA-1,-18.922937,19.095133
GAACAGATTACTAAAT-1,-7.4668183,7.5154576
GAACCTCGACCTACAC-1,-18.841278,18.94889
GAACCTTTAACGATCC-1,-11.880181,11.969247
GAACGACCGAATGATA-1,-5.93913,5.972422
GAACGTCTCATGGTCG-1,-19.905964,19.946844
GAACGTTAGGAAGACG-1,-11.864541,11.546422
GAACTGTGGAGAGACA-1,-16.331614,16.519812
GAAGAAACGATATTGT-1,-22.023745,22.163921
GAAGAACGGTGCAGGT-1,-6.2581744,6.1877093
GAAGCCACTGATTATG-1,-17.06573,17.070986
GAAGCCTGCACATTCC-1,-52.613216,52.431454
GAAGCGTGAGGAATTT-1,-9.30146,8.930709
GAAGCTCGGACCCGTC-1,-15.521765,15.673814
GAAGCTTGCTGACCGC-1,-26.730589,26.870804
GAAGGAGTCGAGTGCG-1,-17.424665,17.49229
GAAGTCAGTTGCACTA-1,-16.301447,16.442669
GAAGTCTCCCTAGCGA-1,-18.113829,18.147629
GAAGTGATTTATCGTG-1,-4.6735497,4.626864
GAAGTGCTGGATAGCT-1,-13.742898,13.60422
GAAGTTTCCACTCAAT-1,-16.692404,16.351307
GAATAGACGCGACCCA-1,-12.588934,12.69582
GAATAGTGCTCGATTA-1,-22.68496,22.851849
GAATATTCGGAGTCCC-1,-64.81732,64.64586
GAATCGACATGGTCAC-1,-15.651804,15.823108
GAATCGCCGGACACGG-1,-18.542303,18.643871
GAATCTGAACATTCTC-1,-62.358746,62.17592
GAATGCGAATCGGTTC-1,-21.657284,21.7888
GAATGTATGGCAGGTC-1,-6.505119,6.669232
GAATGTGGTCCGGATT-1,-4.8542523,4.884176
GAATGTTGGGTAATCT-1,-6.9255366,7.01426
GAATTATAGTGAAAGG-1,-11.382267,10.985952
GAATTCACCCGGGTGT-1,-8.375021,8.223806
GAATTTCTCGCTGCAG-1,-14.24983,14.228749
GACAAACATATGCAGG-1,-14.986631,15.140759
GACAACGACCATTGAA-1,-11.567266,11.681228
GACAACGCAGCTTACG-1,-10.106045,10.00445
GACACAAGGGAAGAAA-1,-12.058158,12.139405
GACACGAGTTAGAGGA-1,-19.902117,20.029438
GACACTGAGTTCAGTG-1,-8.175534,8.234683
GACAGCCAGACCTGAC-1,-10.363298,10.348055
GACAGGCACACACTAT-1,-28.43338,28.174028
GACATCCGTCGAACTG-1,-7.2358623,7.358353
GACATCGATTTATAAC-1,-15.676172,15.663209
GACCAGAGCCCTGTAG-1,1.9409573,-1.9590895
GACCCAATTATGATAC-1,-20.884325,21.039135
GACCCGTCGCCGGCTA-1,-19.586317,19.782766
GACCGACGTGAAAGCA-1,-9.432452,9.526698
GACCGACTGAAGCGTC-1,-22.379522,22.088087
GACCGTCAGGTCGTGA-1,-8.666885,8.798392
GACCGTGCTGACGGTG-1,-19.789377,19.965631
GACCGTTACATGCGAC-1,-19.691889,19.83839
GACCTTCCACGTCTAC-1,-18.968023,19.188248
GACGACGATCCGCGTT-1,-8.878566,9.011201
GACGAGGCTAATAAAC-1,-14.457464,14.577218
GACGCCGTAAAGGCTA-1,-18.174105,18.200516
GACGGTCAATAGAAGC-1,-29.767094,29.810833
GACGTGTAGGGATTAT-1,-16.294842,16.303307
GACTAAGATCATGCAC-1,-10.241989,10.404441
GACTAAGTAGGCTCAC-1,-19.018116,18.922691
GACTACAAAGCGGTGG-1,-19.729269,19.860706
GACTAGGCCGTTAGGT-1,-17.725668,17.813526
GACTCACCCACGTGAG-1,-16.3039,16.387342
GACTCCCAGAATAAGG-1,-20.047709,20.188442
GACTCGCGGGAATGAC-1,-21.674952,21.775703
GACTGCAAATCGAGCT-1,-25.015196,25.174774
GACTGCACCAGCCCAG-1,-15.892605,16.097889
GACTGCGGCACGTGTA-1,-19.179567,19.243397
GACTGCTGGTGAGAAA-1,-11.657676,11.812539
GAGACTGATGGGTAGA-1,-10.694596,10.316909
GAGACTTCGCGACCGA-1,-15.670696,15.88017
GAGAGGGCGCGAGGTT-1,-16.200026,16.37802
GAGAGGTGCATTCTGG-1,-22.851992,23.04658
GAGATCTGCTTGGCAT-1,-16.608702,16.447054
GAGATCTGTCACTCCG-1,-6.2440925,6.2742677
GAGATCTTCCATGACA-1,-11.919879,11.897117
GAGATGGGAGTCGACA-1,-13.817795,13.963587
GAGCATCAACAACTTG-1,-20.56536,20.628912
GAGCATCATCCCTGGG-1,-14.380877,14.192325
GAGCCACGGTAGTAGG-1,-22.068007,22.163551
GAGCCAGCTACCTGTG-1,-12.067226,12.036759
GAGCGAGGGAGTACCG-1,-11.117321,10.950582
GAGCGCAAATACTCCG-1,-20.573143,20.716465
GAGCGCGCACGAGTAG-1,-14.927525,15.12416
GAGCGCTGTTAGGTAA-1,-20.7531,20.902567
GAGCGGAATGCGGTGT-1,-13.252645,13.428819
GAGCTAAGGGCATATC-1,-18.22112,18.354511
GAGCTCTCGGACCTAA-1,-14.488516,14.39705
GAGGAATGGAGAGGTT-1,-23.294245,23.464981
GAGGATAAACAGTGCT-1,-9.99254,10.10437
GAGGCCCGACTCCGCA-1,-15.892515,16.027073
GAGGCTATCAAAGTCG-1,-19.78026,19.920197
GAGGGAGTCAGATCGC-1,-7.8642135,7.9233747
GAGGGCATCGCGTATC-1,-14.430025,14.312863
GAGGGCGCAGCTCTGC-1,-18.046268,18.08569
GAGGGTAGTAACAAAG-1,-21.812626,21.978241
GAGGTACATCCATCTT-1,-16.566992,15.915963
GAGGTACGCGTGTCCC-1,-13.673423,13.8663225
GAGGTCCCAAAGATCT-1,-16.763788,16.76452
GAGTAAGGCCACGGGA-1,-15.517935,15.675067
GAGTACGGGTATACAA-1,-11.831169,11.511559
GAGTAGATACTAGTTG-1,-28.689455,28.77248
GAGTATGCCCGCCTTG-1,-12.796986,12.998303
GAGTATGCGCGTGCAT-1,-14.171553,14.313596
GAGTCCGCTTACCGGA-1,-83.94305,82.396286
GAGTGTCAACCAGAAA-1,-12.721997,12.763594
GAGTGTGCGGTACCCA-1,-12.333668,12.429096
GAGTTGATGGCAATTT-1,-16.434645,16.634823
GATAAATCGGTGGATG-1,-9.672468,9.389028
GATAACTCGCACTGTG-1,-10.510069,10.6497
GATACGATGGGAGTCA-1,-12.436243,12.351565
GATAGGTAACGTTGAC-1,-4.397036,4.350044
GATAGTGCGAGTAAGT-1,-12.362509,12.517416
GATATCTCATGCAATA-1,-12.192448,12.402017
GATATGAGACACTAAC-1,-7.2057986,7.071819
GATATGCGGTAGCCAA-1,-9.119572,9.096828
GATATGGATTACGCGG-1,-19.251207,19.280188
GATATTTCCTACATGG-1,-8.692894,8.847203
GATCAACATAAAGGGA-1,-18.878553,18.989983
GATCATTCCAAACATT-1,-4.428799,4.442752
GATCCCTTTATACTGC-1,-18.447031,18.34629
GATCCGGGAATTAACA-1,-11.307228,11.345236
GATCCTAAATCGGGAC-1,-19.305107,19.442783
GATCCTCGACACTGGC-1,-21.302261,21.399387
GATCGACACTATCTGA-1,-17.915213,18.117554
GATCGCGGGCTCTCCA-1,-4.9864783,4.9223084
GATCGCTACCCGATTT-1,-19.340708,19.521778
GATCGCTATATCTCAG-1,-20.040808,20.232607
GATCGGATAGAACCAT-1,-18.188206,18.310602
GATCGGTGGCCATAAC-1,-18.79017,18.978512
GATCGTGACTGATATC-1,-18.132132,17.691109
GATCTGCTATCTAAGG-1,-42.34948,42.263042
GATCTTGGAGGGCATA-1,-32.7384,31.237782
GATCTTTGCAGGGTAT-1,-16.089996,16.201475
GATGACAAGTAGGGCA-1,-27.716692,27.761269
GATGAGGAACCTTCGG-1,-24.826712,24.810843
GATGCGTCCTGCATTC-1,-14.390692,14.131909
GATGCTACAAGCGCCT-1,-16.243544,16.310379
GATGCTGTATTTCATC-1,-10.038729,9.994984
GATGGCGCACACATTA-1,-23.491882,23.12987
GATGGTGCCCTAGGCA-1,-15.294411,14.888066
GATGTAACGAACCACC-1,-21.032576,21.12357
GATGTCGGTCAACTGC-1,-12.745579,12.399211
GATGTTCAATCCACGA-1,-8.222169,7.8863606
GATGTTTGTGCGAGAT-1,-10.787646,10.902667
GATTAACCGAAAGCCC-1,-14.2318325,14.358533
GATTCCCTTGTCGCAG-1,-15.480906,15.513616
GATTCCTATACGGCGC-1,-16.92909,17.095318
GATTCGACGGTTCACG-1,-6.2257476,5.7587876
GATTGCTCCAGTTGCA-1,-12.981145,12.990317
GATTGGGAAAGGTTGT-1,-17.853926,18.027817
GCAAACCCTACATTAT-1,-10.863371,11.021648
GCAAACCTTGGCCATA-1,-17.76642,17.904148
GCAAATATTACGCTTT-1,-4.0316377,3.6031775
GCAACACACTAGAACT-1,-20.805347,21.033333
GCAACAGCAGTATGCG-1,-14.425478,14.137231
GCAACCACCAGACCGG-1,-11.147833,10.932723
GCAACCACGGCCGCGT-1,-17.242655,17.33715
GCAACGGCTAGTTATG-1,-13.527799,13.654499
GCAAGAATTCCTTGGC-1,-14.37665,14.3923025
GCAAGTGCACAGAGAA-1,-19.415369,19.051052
GCAAGTGTAAAGCATG-1,-16.328054,16.511349
GCACAAACGAGGCGTG-1,-16.246641,16.384705
GCACAAGTGTCGGAAG-1,-28.73056,28.848507
GCACACACTGGTAGCC-1,-14.382244,14.531972
GCACACGCCCATGGTC-1,-17.516611,17.660622
GCACGCCTACTTAGAT-1,-16.827868,17.001514
GCACTGCCTACCTTTA-1,-8.950622,9.118487
GCAGACCCAGCACGTA-1,-10.067532,9.855287
GCAGATTAGGGATATC-1,-17.678637,17.865692
GCAGCACACAGCCCAG-1,-12.543501,11.913351
GCAGCCTATATCACAT-1,-14.964886,14.923627
GCAGGAACTTAGATCT-1,-26.270308,26.38543
GCAGGACTATAGAATA-1,-11.24507,11.384571
GCAGGTAGAGTATGGT-1,-8.967745,9.015427
GCAGTGTGGCTATAGG-1,-15.930933,15.927514
GCATACGAGGTCTTTA-1,-28.004997,28.095858
GCATAGAGCACTCAGG-1,-14.5433445,14.110684
GCATCCCTAACTTTGA-1,-9.50899,9.501854
GCATCGGCCGTGTAGG-1,-19.849014,19.87009
GCATGAGGGACGCGGC-1,-27.621222,27.655731
GCATTCAAGGCAACGC-1,-14.612928,14.749658
GCATTCGAAATGAACA-1,-20.401098,20.59159
GCATTGTAATTCATAT-1,-25.420683,25.516956
GCATTTCCAAGGCTCC-1,-13.4273815,13.525719
GCCAACCATTTCCGGA-1,-18.698988,18.81337
GCCAAGAATACTTCTG-1,-17.9427,18.140694
GCCAATAGGGCATCTC-1,-16.5932,16.74307
GCCACAATTTAAGGAC-1,-8.614357,8.414088
GCCACTCAGAGCGCGA-1,-23.124468,23.071842
GCCAGGAGTAACCGAT-1,-11.917662,11.806998
GCCATATTGCACACAG-1,-19.399305,19.345758
GCCATCGAGCTGCGTG-1,-15.178007,15.057796
GCCATCGATGCTGCAT-1,-15.643524,15.827365
GCCATTAGCCTCAAAC-1,-21.755281,21.845531
GCCCACCAAGGCTGTC-1,-15.075737,15.265691
GCCCAGTTGGTATGCC-1,-6.757503,6.6400685
GCCCGACTTCTTCCCG-1,-13.008636,13.150934
GCCCGATCTGTGGTCG-1,-10.380707,10.562692
GCCCGCGCGTAAACGG-1,-17.074512,17.293043
GCCCGCGCGTTTGACA-1,-7.652284,7.491936
GCCCGTAATACCTTCT-1,-11.895901,12.066916
GCCCTAGCCGTCGCGA-1,-24.435162,24.627182
GCCCTGAGGATGGGCT-1,-28.869432,28.948399
GCCGAAATTCCTACGT-1,-16.114325,16.08542
GCCGACCCACGACTGC-1,-22.238462,22.441113
GCCGATTGGCCAAGCT-1,-21.050222,20.931992
GCCGCATTAGTCCGGC-1,-13.01839,13.220475
GCCGCTTGTGAGAAAC-1,-7.1562743,7.2727942
GCCGGGTTAGGGTCGC-1,-6.6531367,6.4319882
GCCTAGCGATCTGACC-1,-12.5588,12.702729
GCCTATAGTGTCAGGG-1,-18.821314,18.995161
GCCTATTCCGATATAG-1,-16.262617,16.349712
GCCTATTTGCTACACA-1,-16.042265,16.183544
GCCTCATCTGGAAATA-1,-11.693517,11.857425
GCCTCCGACAATTCAC-1,-23.41482,23.582523
GCCTCTATACATAGCA-1,-48.037388,47.787453
GCGAAACTTAACTGGA-1,-13.942892,14.098073
GCGAAGAATCTGACGG-1,-18.923903,19.122948
GCGAAGCCATACCCGT-1,-8.037149,7.6772485
GCGACCCAACCATCTG-1,-17.308548,17.500008
GCGACGATAGTTGTAC-1,-23.789297,23.672
GCGAGAGTTGCGTCCA-1,-8.966498,9.132785
GCGAGCGCATGCTCCC-1,-14.766336,14.972724
GCGAGGCCCGAGCAGA-1,-5.897228,5.665956
GCGAGTTCTGCAAAGA-1,-13.048691,12.807454
GCGATTCTGGAAGCAG-1,-17.023045,17.018875
GCGATTGTTAACGTTA-1,-13.240405,12.833192
GCGCAAATATATTCAA-1,-20.87457,20.917412
GCGCAAGAGCGCGCTG-1,-10.136406,10.056352
GCGCATCCAGTCAGCA-1,-19.027945,18.896107
GCGCCGTTCCACGATA-1,-11.843224,11.512778
GCGCCTCCCACTCCGA-1,-10.309795,10.355496
GCGCGGTCTAGTAACT-1,-20.05783,20.225586
GCGCTAATTGAATAGA-1,-8.32604,8.404323
GCGCTATGCCGAGGCA-1,-8.314842,8.28646
GCGCTGATCCAGACTC-1,-8.896854,8.964686
GCGCTGCTTTGCATTT-1,-16.436438,16.577158
GCGCTTAAATAATTGG-1,-17.164274,17.260971
GCGGACCGCGTTGTGG-1,-13.456555,13.493574
GCGGAGAAACTTCGCA-1,-29.403082,29.369488
GCGGAGAGGGAGAACG-1,-21.815683,21.665524
GCGGCAAAGTATTGCC-1,-23.581299,23.653015
GCGGCTCTGACGTACC-1,-22.71641,22.842728
GCGGGAACCAGGCCCT-1,-12.685355,12.637192
GCGGTCCCTAGACGCA-1,-44.128315,44.0718
GCGGTGAACTGCGCTC-1,-10.1614895,10.31062
GCGGTTCCCTATCATG-1,-13.728216,13.340781
GCGTAAATGGCCATAA-1,-12.171016,12.304391
GCGTCGAAATGTCGGT-1,-6.5384536,6.3327003
GCGTCGCCAGGGTGAT-1,-25.200682,25.091654
GCGTGGTACTGGGTTA-1,-7.5538173,7.6478868
GCGTTATATTTGGAAC-1,-17.391443,17.470478
GCGTTCGGAGACCGGG-1,-19.044304,18.90374
GCTAAACCTGAGGTGA-1,-13.755917,13.31894
GCTAACTGAAGTCTGA-1,-15.894087,16.021742
GCTAAGTAAAGGCGAT-1,-8.396021,8.477456
GCTAAGTAGTTTCTCT-1,-14.343897,14.517762
GCTAATACCGAATGCC-1,-6.51337,6.6772485
GCTACAGTACGGACCG-1,-12.993603,13.176353
GCTACGACTTATTGGG-1,-28.672415,27.087315
GCTACTATAGTAGAGT-1,-16.069485,16.269978
GCTAGACCGTCTACTG-1,-20.776003,20.810118
GCTAGAGTAGAGATGT-1,-17.075766,17.117739
GCTAGCTTGAATAGCT-1,-12.638631,12.664418
GCTAGGCACCACGGAG-1,-51.06204,50.778603
GCTAGTAGAGCTTGTA-1,-20.945559,20.68576
GCTAGTTTCATTGAGG-1,-18.346497,18.389473
GCTATACGTCTCGGAC-1,-15.100851,15.329396
GCTATCGCGGCGCAAC-1,-21.0472,21.150826
GCTCAATCCGTTTATT-1,-14.589361,14.725093
GCTCAATGTAATACCG-1,-42.892155,42.733826
GCTCATTACTGCATGT-1,-8.650944,8.513076
GCTCCATGCAAAGCAA-1,-10.885534,10.990151
GCTCCCAGTCGGTCCA-1,-5.2474,5.361954
GCTCCGCTCGCTTCAG-1,-11.610781,11.638192
GCTCCTGACATACTGG-1,-19.796015,19.87299
GCTCGGAATTTAAAGC-1,-13.239756,13.155065
GCTCTAAACCCTGACG-1,-14.978855,15.002751
GCTCTATGTTACGTGC-1,-19.81936,19.95447
GCTCTCGGGTACCGAA-1,-13.290758,13.45893
GCTCTTTCCGCTAGTG-1,-42.177876,42.117004
GCTGAATCTTCCAATC-1,-25.19124,25.2823
GCTGAGGCGTGAGTAT-1,-17.86963,17.315073
GCTGCACGGTTTCTTA-1,-14.023193,14.145646
GCTGCTACTGCGTAGC-1,-16.04748,15.7021055
GCTGCTCTCCGGACAC-1,-10.1580925,9.954834
GCTGGCATATTCACCT-1,-5.0970683,5.118094
GCTGGCGGCGCATGCT-1,-18.066462,17.815731
GCTGTATTACTGGCCC-1,-10.424467,10.342439
GCTGTTGCTACCGAAC-1,-15.072784,15.283208
GCTTAATGTAACTAAC-1,-11.494766,11.579696
GCTTACGTAGTTAGTA-1,-14.475407,14.606746
GCTTATGAAGCAGGAA-1,-10.847418,10.949451
GCTTCCGTCCCTAGAC-1,-12.421492,12.513423
GCTTGATGATAATCAG-1,-15.52721,14.929418
GCTTGGATCGATTAGG-1,-6.4540935,5.9622684
GCTTTCAGAGGAGGTG-1,-18.214647,18.229067
GGAAACCTTGTTGAAT-1,-13.038832,13.159141
GGAAAGTGCCCATGCC-1,-5.87506,5.713141
GGAACCGTGTAAATTG-1,-24.866316,25.033222
GGAACCTTGACTCTGC-1,-18.499044,18.693172
GGAAGCTCGCTTACAG-1,-9.5641575,9.623025
GGAATGCGCTAGCGTG-1,-6.76181,6.6851087
GGACACAAGTTTACAC-1,-9.365973,9.513557
GGACCAACAGGATAAC-1,-15.8349,15.888005
GGACCTCTAGGCCGCC-1,-28.3594,28.418055
GGACTCGACAGCGCAT-1,-9.832846,9.993062
GGACTCGTGAGTGGTC-1,-18.56629,18.747505
GGAGAAGTCATTGGCA-1,-16.747927,16.534016
GGAGACGACACCTTTG-1,-19.693655,19.367619
GGAGCAACATTTCAAG-1,-19.509008,19.632084
GGAGCACCAAGAACTA-1,-10.785599,10.5392
GGAGCGAGGCCTACTT-1,-22.992231,23.12254
GGAGGGCTTGGTTGGC-1,-15.491093,15.668231
GGAGTGCCGCCCTGGA-1,-11.707229,11.41401
GGATACTCATGAATTG-1,-21.687048,21.750774
GGATCATCCCGTACGC-1,-17.638067,17.684624
GGATCCGGAATATACT-1,-18.78576,18.839165
GGATCTTACTGCCCTT-1,-18.666876,18.82951
GGATCTTGACTCAACC-1,-22.406488,22.357439
GGATGAAGATCGCTGA-1,-19.52061,19.253494
GGATGACGCGAGTTTA-1,-15.990751,15.8386755
GGATGCTGGCGTTCCT-1,-13.548349,13.666828
GGATGTCCTTACCGCA-1,-7.5658984,7.6182942
GGATTCAGTACGGTGG-1,-9.048126,8.783995
GGATTCCGCTATACCC-1,-20.215244,20.417238
GGATTGCTGTGACTCC-1,-14.286165,14.485024
GGATTTCACTTCTATA-1,-11.55883,11.582316
GGCAAAGGCGCCAATA-1,-26.432673,26.491459
GGCAAATTACTTTACT-1,-11.349274,11.40287
GGCAAGCCCATAGTGG-1,-15.569365,15.743379
GGCAAGGCGAAATAGC-1,-36.68331,36.0204
GGCAATAGTCAATGAG-1,-10.2975235,10.444026
GGCACTCCACTGGGCA-1,-6.61301,6.299169
GGCAGCAAACCTATGC-1,-28.43046,28.419733
GGCATACAGGTAGCGG-1,-11.91145,11.762595
GGCATATCGGTTCTGC-1,-49.151844,49.18345
GGCCCTCACCCACTTA-1,-14.774378,14.991128
GGCCGAGACTCTGGTG-1,-11.068385,11.242377
GGCCGGCGTCTGCTAT-1,-20.032152,20.08958
GGCCGTTTGGGTTTCA-1,-18.740713,18.885551
GGCCTTTGCAACTGGC-1,-15.801422,16.011204
GGCGAAATCTAACTTG-1,-10.997757,10.990239
GGCGCAGGACATCTTC-1,-17.47586,16.965788
GGCGCATGAATTGATG-1,-13.280627,13.094178
GGCGCGGAGATCTTTC-1,-7.7687135,7.929852
GGCGCGTTCGAGTTTA-1,-11.931078,11.896779
GGCGCTTCATTCCCTG-1,-18.444212,18.661457
GGCGGAGTAATATTAG-1,-6.18171,5.9890227
GGCGGTAGGATCATTG-1,-10.758326,10.839476
GGCGTAGGGAAAGCTG-1,-10.15432,10.295157
GGCGTCCTATCCGCTG-1,-12.922542,12.693172
GGCTAAAGGGCGGGTC-1,-14.160124,14.312896
GGCTATTAAGTTGTAT-1,-18.305475,17.84181
GGCTCCTCCACCTGTT-1,-17.881416,18.05633
GGCTCGCGTTGAGGTA-1,-33.711124,33.673084
GGCTCGTGCCACCAGC-1,-10.971483,10.823969
GGCTCTGCTCCAACGC-1,-15.493256,15.598306
GGCTGAAATAGCAAAG-1,-22.842176,22.906338
GGGAACGGGAGGTTAG-1,-20.763474,20.89109
GGGAACGGTTTCAGAT-1,-6.398809,6.4729075
GGGAAGACGGTCTGTC-1,-14.127298,14.286645
GGGAAGGGCTTTCTCA-1,-14.216455,14.355531
GGGACAGAGTTACTCC-1,-29.871868,29.88483
GGGACTGCATAGATAG-1,-14.939341,14.773816
GGGAGAACTCACAGTA-1,1.9408802,-1.9590106
GGGAGGATGCCCGAAA-1,-14.397219,13.894389
GGGAGTAATGGCTGGC-1,-14.120247,14.3343
GGGAGTTAATGAGGCG-1,-28.297493,27.920986
GGGATGGTCGTAACCG-1,-15.497549,15.616345
GGGATTTACCGCACCT-1,-5.9886866,6.0993733
GGGCAACCGCACGTGC-1,-20.220339,20.336222
GGGCCCGTCTTAAACA-1,-32.131054,31.391247
GGGCCCTACGAAAGGG-1,-22.266382,22.207405
GGGCCGGCCGAAGTAC-1,-21.55171,21.71771
GGGCCTAAATGGGCTA-1,-19.253046,19.398468
GGGCGATATGTGTGAA-1,-13.903664,13.787435
GGGCGGCAAATGAATT-1,-10.546919,10.702362
GGGCGGGTTCCCTACG-1,-17.793245,17.981083
GGGCGGTCCTATTGTC-1,-12.7451935,12.205851
GGGCGTACATTTATAT-1,-15.842859,16.031376
GGGCGTCACCACGTAA-1,-17.018663,16.565002
GGGCGTCCACTGGCTC-1,-40.415257,40.3297
GGGCGTGGTTTCCCAG-1,-11.719307,11.755639
GGGCTCATCGAACCCA-1,-14.165491,14.242913
GGGCTGCCTAGGGCGA-1,-5.732776,5.5986366
GGGTACTTCATGAACT-1,-17.720375,17.764683
GGGTATGTATGCACTT-1,-22.657785,22.812466
GGGTATTCTAGCAAAC-1,-17.13685,17.14917
GGGTCACCGTGACGGT-1,-13.367659,13.0124855
GGGTCAGGAGCTAGAT-1,-37.57172,37.513268
GGGTCGTGGCAAGTGT-1,-8.708408,8.609944
GGGTGACACCTTAACT-1,-6.6599317,6.788735
GGGTGCATATGAAAGC-1,-16.267244,16.325455
GGGTGTTTCAGCTATG-1,-5.131416,5.1432734
GGGTTAACATTTGAGT-1,-12.2942295,11.980575
GGGTTTAGGATAGGAT-1,-4.7987933,4.8925176
GGTAAATGTGCGTTAC-1,-15.377243,15.36399
GGTAACCGGGAGGATA-1,-27.92317,28.01513
GGTAACTATGTATCTG-1,-27.6114,27.619545
GGTACAAACATGCTAT-1,-13.737241,13.518231
GGTACATCTGGGACGA-1,-15.460726,15.5321245
GGTACCATTAAGACGG-1,-20.240677,20.38176
GGTAGAAGACCGCCTG-1,-8.403524,8.518441
GGTAGACCGTTGGGCG-1,-15.020016,14.837325
GGTAGTGCTCGCACCA-1,-10.400291,10.581771
GGTATAGTGACACATA-1,-14.403906,14.58813
GGTATTGCCGAGTTTA-1,-6.0105934,5.998839
GGTCAAGACTACTTCG-1,-26.211853,26.324009
GGTCAGTGGGTCCCAC-1,-12.460914,12.350716
GGTCGGATAAACGGCG-1,-36.554897,36.370445
GGTCGGCCAGGAGCTT-1,-7.0015626,7.0974984
GGTCGGTAATTAGACA-1,-21.65339,21.659721
GGTCGTAAGCTCGCAC-1,-17.278326,17.356073
GGTCTCTGAATGGACT-1,-22.46031,22.423267
GGTCTGAGAATCTGGA-1,-16.701742,16.665382
GGTCTTGAGCGCTCTT-1,-24.732855,24.715523
GGTGAAGTACAGGGAT-1,-18.573568,18.725433
GGTGAGATGCAGATAA-1,-16.048544,15.845304
GGTGATAAGGAGCAGT-1,-12.328859,12.487574
GGTGCATAAATGATTA-1,-15.8674755,16.03778
GGTGCGGATAAGTGGC-1,-26.846367,26.902658
GGTGCTGATCACAAAG-1,-13.533353,13.61234
GGTGCTGGTACACATT-1,-6.8898044,6.8626037
GGTGGACTGCTCTGGC-1,-36.634933,36.64644
GGTGTAAATCGATTGT-1,-18.086891,18.31753
GGTGTAGGTAAGTAAA-1,-13.104391,13.111983
GGTTACCACCCTCGGG-1,-9.281458,9.051795
GGTTAGCTATATGTCT-1,-17.937052,18.090572
GGTTAGGCTTGGAGAA-1,-22.520893,22.61996
GGTTAGTTACGGCGCC-1,-11.066643,11.230191
GGTTCGGATTATACTA-1,-17.729788,17.86568
GGTTCTACTCGTCTGA-1,-11.517337,11.537244
GGTTGTGTAGCCTGGC-1,-16.87246,16.777771
GGTTTACAATCTCAAT-1,-19.286428,19.420841
GGTTTAGCCTTTCTTG-1,-20.989126,21.068094
GGTTTGAGTGCTGGAA-1,-8.505331,8.274293
GTAACTTGCGGCAGTC-1,-20.56759,20.647947
GTAAGCGGGCAGTCAG-1,-14.140675,13.830478
GTAAGGATTTGTCGGA-1,-11.456167,11.58673
GTAAGTAACAGTCTGG-1,-11.75107,11.870559
GTAAGTAGGGTATACC-1,-15.470415,15.3857355
GTAATAAAGGGCTCCC-1,-29.741951,29.828625
GTAATCTGATTCTTCG-1,-18.01829,18.244156
GTACACTTACCTGAAG-1,-20.205767,18.982506
GTACAGAGGCAAGGGT-1,-24.937632,25.101482
GTACGAGATTGCGACA-1,-4.078381,4.0598807
GTACGCTTCATTGCAC-1,-42.69199,42.22158
GTACGTTTGCCCGTCA-1,-13.518342,13.033019
GTACTAAGATTTGGAG-1,-8.749749,8.513877
GTACTCCCTTATCGCT-1,-17.174288,16.85278
GTACTCCTGGGTATGC-1,-14.565638,14.614032
GTACTGCATGAAGCGT-1,-15.69837,15.76773
GTACTGGAGTTAGACC-1,-21.471594,21.461302
GTACTTGGGCACTTCT-1,-17.043125,17.154457
GTAGACAACCGATGAA-1,-19.604177,19.650782
GTAGACGTCGTTACAT-1,-15.708157,15.812285
GTAGAGGGAGACAAGT-1,-16.711187,16.76058
GTAGCCAAACATGGGA-1,-16.591795,16.636112
GTAGCGGCTATACACT-1,-10.69362,10.820993
GTAGCTCCGGGAGGCT-1,-18.291124,18.340755
GTAGCTTCCTCTTGTT-1,-37.312588,37.29164
GTAGGTGATCCGTGTA-1,-7.940705,7.9977784
GTAGTCGCGGGAATCA-1,-16.457155,16.695585
GTAGTCTACGATATTG-1,-7.3610263,7.507095
GTAGTTCGAAGGCGAA-1,-15.294064,15.370101
GTATAGGACTCAGTAG-1,-6.61219,6.6934743
GTATCAAACGTTAGCT-1,-14.697939,14.812795
GTATCAGCTTGGGTTC-1,-9.444254,9.381312
GTATCCTTTGGTAACC-1,-9.239861,9.294299
GTATCTCAGTCTTGAC-1,-22.196583,22.336388
GTATCTTTCATAACCA-1,-40.945786,40.44538
GTATGAAATTTCACTC-1,-11.605206,11.698802
GTATGTGGGTCTAGTT-1,-7.6575236,7.824491
GTATTAAGGCGTCTAA-1,-19.85669,19.557562
GTATTCTGAGAAACGA-1,-25.301912,25.451303
GTCAAAGAAGTGGTGT-1,-21.862658,22.05822
GTCAAAGTTTACATAG-1,-17.450682,17.191458
GTCAAGCGGACTCGGG-1,-14.346315,14.400094
GTCACAAAGTTTCCAA-1,-11.580473,11.655552
GTCACTCTCCAAATCT-1,-25.451536,24.914745
GTCAGAATAGTCTATG-1,-10.803871,10.941868
GTCAGTTGTGCTCGTT-1,-19.07027,19.034521
GTCAGTTTGGTAGTCG-1,-12.85202,12.949376
GTCATGCACCTCCGTT-1,-20.25347,20.371506
GTCATGGACATGACTA-1,-15.253916,15.379449
GTCATTAGAGCGAACG-1,-13.233163,13.2997675
GTCATTGCATTGACCC-1,-10.578518,10.416885
GTCCAATATTTAGCCT-1,-28.461143,28.533009
GTCCATTACTGCTACG-1,-15.729139,15.553674
GTCCCAACGTAAAGTA-1,-24.026604,23.872274
GTCCGGACCTGAAATT-1,-13.293153,13.449624
GTCCGGCTGAATTGCG-1,1.9409584,-1.9590906
GTCCGGGTTCACATTA-1,-22.019293,22.078808
GTCCTACGAATAGTCT-1,-21.396387,21.534477
GTCCTTCTAGTGGGTT-1,-19.51002,19.007565
GTCGCGTAACCCGTTG-1,-4.155475,4.1388597
GTCGGATATCTCAGAC-1,-12.518198,11.802738
GTCGGATGTAGCGCGC-1,-19.741438,19.895437
GTCGTACCATCTCGGG-1,-16.598875,16.123573
GTCGTACCTACGATTG-1,-19.643887,19.853485
GTCGTATTGGCGTACA-1,-10.892442,10.978301
GTCGTGTCTGGTCATC-1,-9.103647,9.146211
GTCGTTATTCGCTTAT-1,-4.520877,4.4121294
GTCTACTCAATTACAA-1,-18.680836,18.791977
GTCTATCTGAGTTTCT-1,-5.38351,5.0555944
GTCTATTGGTTCCGGT-1,-11.355942,11.398948
GTCTGGGCGGTCGAGA-1,-15.092871,14.829225
GTCTTAGTACAGCCGG-1,-8.33231,8.258553
GTCTTGTAGCTATTCA-1,-20.637184,20.78519
GTGAAACGGCGCCACC-1,-8.118716,8.101392
GTGAAACGTGCTCCAC-1,-20.964643,21.120094
GTGAACTCCCATTCGA-1,-10.039282,10.177411
GTGAAGATTTCAAGTG-1,-17.971281,18.10914
GTGACAGCTTCCCACT-1,-15.209635,15.294343
GTGACCGCACACTACG-1,-11.186459,11.297632
GTGACGAGGGTGACCC-1,-11.514942,11.041546
GTGACGCAGGTTTCAT-1,-19.133118,19.243938
GTGACTTCAGTAGTGC-1,-5.291324,5.0664134
GTGAGCGTGCTGCACT-1,-17.215582,17.39703
GTGAGGACACTTAAGG-1,-21.337934,21.39878
GTGAGGAGCGGTTGAG-1,-15.817717,15.766179
GTGAGTGGTACAACGC-1,-12.401478,12.492298
GTGATCACTAACGCCT-1,-25.43677,25.638546
GTGATCCTTGTCATGA-1,-16.124819,16.24097
GTGATTCGCCGCTCAA-1,-14.645311,14.698358
GTGCAACAAATGTGGC-1,-8.176791,7.94068
GTGCACCAGCTTCAAC-1,-19.455717,19.410915
GTGCACGAAAGTGACT-1,-15.237429,14.85381
GTGCCATCACACGGTG-1,-15.040178,14.96856
GTGCCCGTTCGGATTC-1,-14.981659,15.122758
GTGCCGCTTCAAAGGT-1,-12.584017,12.47848
GTGCGAAATCGAACAC-1,-10.334309,10.1664295
GTGCGGGTCTCCAAAT-1,-29.228695,29.413824
GTGCGTGTATATGAGC-1,-12.562724,12.527417
GTGCTGCAGATAAGGA-1,-15.35544,15.286515
GTGGAACCTACATGCG-1,-23.93257,24.074554
GTGGACCAACCCGATT-1,-17.82632,17.990253
GTGGACGCATTTGTCC-1,-8.084253,8.183521
GTGGACGTGCTGAGAC-1,-21.358606,21.557018
GTGGAGTCGGCGGTTG-1,-16.762972,16.776722
GTGGCAAACAGCGGCA-1,-19.615055,19.819231
GTGGCGGTCCCAGCGT-1,-26.803247,26.892937
GTGGGAAGACTGAATC-1,-16.818426,16.999008
GTGGGCTTAGACACAC-1,-23.242216,23.160519
GTGGTGGCCAAGTGAA-1,-19.307634,19.424747
GTGGTTACTTCTTTCG-1,-7.7865787,7.893164
GTGGTTTCCGCCTTTC-1,-16.545025,16.463737
GTGTACCTTGGCTACG-1,-11.67513,11.778399
GTGTCAGTGTACGTGG-1,-14.232084,14.375764
GTGTCGTATAGCGTTC-1,-30.622396,30.626152
GTGTGAATAACTTAGG-1,-7.584018,7.7151675
GTGTTACTATGCGTCC-1,-4.9512963,4.68504
GTTAAAGTAGGACTGG-1,-32.207806,32.372196
GTTAACATCACTTAAA-1,-7.2956834,7.120232
GTTAACTATGTTGTCA-1,-15.189123,15.266326
GTTAATGTCTATCTTA-1,-26.55478,26.427198
GTTACAATTGGTGACG-1,-27.154303,27.246262
GTTACCTACAACTTGC-1,-16.75771,16.814533
GTTACTTTGGGCCTAG-1,-8.989051,9.180574
GTTAGCCCATGACATC-1,-15.206278,15.297051
GTTAGCCGTAAATCAA-1,-14.721178,14.866773
GTTAGGCTACCCGTTT-1,-18.339027,18.496208
GTTATAATACGGTGAA-1,-42.035847,41.922348
GTTATATTATCTCCCT-1,-22.818607,22.669449
GTTCACAGGAGTCTAG-1,-11.112328,10.935559
GTTCATCGTTTGGCTG-1,-14.721838,14.911828
GTTCCAGTCTGACCAT-1,-14.073975,13.907114
GTTCGCCATAAGTGCC-1,-8.912513,9.026177
GTTCGGATCGGGAACA-1,-11.402676,11.510562
GTTCGGGCGTACCATT-1,-11.965668,12.1332655
GTTCGTCTAAAGAACT-1,-13.428702,13.599704
GTTGAACCGGTTCCAT-1,-4.6719236,4.646849
GTTGAGTCCCGCCGGT-1,-51.701023,51.33703
GTTGCACGGAGTTTCG-1,-14.982172,15.014077
GTTGGATTCAGTGGCT-1,-18.44699,18.60907
GTTGGATTGAGAACAC-1,-32.011864,32.055733
GTTGGATTTGCGTTGG-1,-12.553353,12.683677
GTTGGTCATGCTATCC-1,-18.901327,18.946234
GTTTACGTTCCATCTG-1,-21.304838,21.40274
GTTTCATATCGTCGCT-1,-14.924612,15.034465
GTTTCCTGGAGGGTGA-1,-12.850866,13.034934
GTTTCTGCAGTCTCCC-1,-12.095846,11.802809
GTTTGACCAAATCCTA-1,-15.941458,15.486478
GTTTGGCCCAAGTTAT-1,-17.33923,16.584736
GTTTGGCCGCTCAGCG-1,-4.4235806,4.3872595
GTTTGGGCTTGTGAGC-1,-25.027636,25.210215
GTTTGGGTTTCGCCCG-1,-21.627317,21.75311
GTTTGGTAGGGTCAAC-1,-11.336742,11.466666
GTTTGGTGATCGGTGC-1,-14.24081,14.363595
TAAACCCAGGAGGGCA-1,-12.736984,12.858438
TAAAGAGCCCGAAACC-1,-18.54236,18.680855
TAAAGCGTTAGGAGAA-1,-30.473768,29.971844
TAAAGCTGCAATAGGG-1,-12.262736,12.46249
TAAATGAATCCGTTTC-1,-20.202616,20.26593
TAACAAAGGGAGAAGC-1,-9.730804,9.1385145
TAACAATATTTGTTGC-1,-15.958221,16.08796
TAACAGCGTTTGTGCT-1,-12.273532,12.417938
TAACATACAATGTGGG-1,-14.3127,14.136104
TAACATACACGCGATC-1,-28.415857,28.503914
TAACCGCCCGCAGTGC-1,-15.160074,15.347701
TAACCTACCGTCCGAG-1,-13.995957,14.143468
TAACGCTTTGAGAGCG-1,-22.051083,22.236279
TAACTATCGAAGGTCC-1,-11.423402,11.166806
TAACTATTACGCCAAA-1,-16.485754,16.61096
TAACTCCATGGAGGCT-1,-22.367483,22.132782
TAAGCAGGCGACACGC-1,-8.739149,8.85946
TAAGGAACTTGTGGGA-1,-16.660952,16.822412
TAAGGCAACATAAGAT-1,-19.822645,20.005102
TAAGGCTGAATCCCTC-1,-17.25009,17.421528
TAAGGGCCTGTCCGAT-1,-11.401579,11.537368
TAAGGGCTGGGAGAGG-1,-10.542168,10.290975
TAAGTAACATCTTGAC-1,-10.332197,10.031898
TAAGTCGCCGAGTATC-1,-13.647145,13.777979
TAAGTTGCGACGTAGG-1,-14.700954,14.84435
TAATAAACAAGGAGAT-1,-3.8739495,3.8758264
TAATACACAGTAGTAT-1,-12.403933,12.161944
TAATAGAACAGAGTTA-1,-7.8709636,8.022209
TAATAGGTCACCAGAA-1,-18.353195,18.453995
TAATAGTGACGACCAG-1,-28.603497,28.702946
TAATATTGAAATTCGC-1,-10.287277,10.392522
TAATCGATCCGTACGT-1,-7.438541,7.4618306
TAATTAGGACATCCGT-1,-10.232961,10.264613
TACAAGTCTCGTGCAT-1,-21.259356,21.222256
TACAGAAACGGTGGGC-1,-12.930455,13.096239
TACATAGGCATACACC-1,-7.749809,7.3773923
TACATCCCTATCCCTG-1,-18.094038,18.16675
TACATTTCTAACGTGC-1,-10.787388,10.932427
TACCAATAAAGTACCA-1,-31.096685,31.21217
TACCAGAAGTAGGTTC-1,-21.215828,21.372768
TACCAGCTAGGTTTAA-1,-13.315622,13.319948
TACCGCGGACTTGCAG-1,-29.319656,29.361444
TACCGGCTCACTGCCC-1,-8.577234,8.633579
TACCGGTCGTTTCCAT-1,-7.4896445,7.374245
TACCGTAGGTTAACTA-1,-37.41836,37.313858
TACCGTGCCTCGGACC-1,-18.253893,18.262642
TACCTCACGCTTGTAC-1,-5.3474145,5.2146554
TACCTCAGTTGTCTGT-1,-41.72038,41.57804
TACCTGCTGCACTGTG-1,-13.910694,14.012176
TACCTTAAGATTTCCC-1,-13.56525,13.658299
TACGAACACGACTTCA-1,-8.483346,8.628268
TACGACGCTTGCTGCG-1,-7.7576976,7.200934
TACGACTGCCTCTTAG-1,-18.190073,17.671173
TACGAGAACTTCACGT-1,-17.867132,17.368792
TACGATGTTGATCATC-1,-13.83992,14.044126
TACGCAGTTCTTTCCT-1,-14.671801,14.84419
TACGCCATATTCTAAT-1,-9.250541,8.9924
TACGCCGAGGGTACCC-1,-25.711765,25.843042
TACGCCTCCATTCCGA-1,-9.932749,9.905212
TACGCTATAGAAACCT-1,-15.340113,15.495893
TACGGAAGCCAAACCA-1,-11.884378,12.084218
TACGGGATGCTAGCAG-1,-12.026762,11.902788
TACGTACTAGTGCTGA-1,-22.220974,22.43166
TACGTGCACTATGCTG-1,-11.657133,11.512572
TACGTTTACCGGCAAT-1,-7.2783475,7.334
TACTCCTCTAGTTGAC-1,-14.740242,14.904641
TACTCGGCACGCCGGG-1,-22.529263,22.544838
TACTCTCCGAACAAAT-1,-13.231495,13.035617
TACTGCAATCAATTAC-1,-15.13488,15.236794
TACTGGACAGCTCGGC-1,-22.426523,22.61947
TACTTGTTAGTAGTCC-1,-13.066867,13.141548
TACTTTACTGAGCCGG-1,-33.690296,32.236107
TACTTTCCGCACGCCA-1,-24.108522,24.261238
TAGAAAGGTGGCGCTA-1,-13.443374,13.6558695
TAGAAATTCACGTATA-1,-20.555412,20.775328
TAGAATTAAGGGCAAC-1,-20.353392,20.519142
TAGACGAAACGCCAAT-1,-16.791975,16.912754
TAGACGCCCGTACCGG-1,-34.044422,34.002525
TAGACTACCTAGCGTT-1,-27.101088,27.141972
TAGAGATCATGCAACT-1,-28.892946,28.969868
TAGAGGTTCTACTTGT-1,-11.91647,11.809905
TAGAGTCTAAGCGAAC-1,1.9363346,-1.9544295
TAGATATGGACTGGAA-1,-25.69305,25.855347
TAGATCCGAAGTCGCA-1,-18.14134,17.973429
TAGATGGTTCCTTACT-1,-11.0539255,11.036714
TAGATTCCTGGTTATT-1,-17.899755,17.48669
TAGCAACCTGTCACAA-1,-18.901606,19.119314
TAGCCATTTCAAAGTC-1,-7.464805,7.5871177
TAGCCGGCGGTCAGCG-1,-11.27553,11.465248
TAGCGTCCCTCGATTG-1,-17.258446,17.45172
TAGCGTTGGGTCTTAC-1,-20.738272,20.767056
TAGCTAAGTCCGGGAG-1,-12.166094,11.959029
TAGCTAGAAGGCATGA-1,-17.479456,17.689034
TAGCTCGCCTGATAAC-1,-24.570635,24.572563
TAGCTGATGTGAAGCG-1,-20.952799,21.128801
TAGGCATGTTACGCCA-1,-55.331993,53.830364
TAGGGAGCTTGGGATG-1,-14.9136505,14.579202
TAGGGTGTTTCAAGAG-1,-19.848162,20.003113
TAGGTCCAAGTAAGGA-1,-16.332182,16.445591
TAGGTCGCCGGAACTG-1,-25.61898,25.713634
TAGGTGACGATAACCT-1,-18.213562,18.43388
TAGGTGAGCCCTACTC-1,-12.615572,12.776145
TAGGTGCTCGCCTAGC-1,-15.990475,16.126581
TAGGTTCGAGTTCGTC-1,-11.702557,11.316678
TAGTACCTTAGTGGTC-1,-18.090239,18.31563
TAGTAGCTTATACCAG-1,-31.20297,31.169075
TAGTCCGCAGAGAATG-1,-19.282179,19.176428
TAGTCGATCACGGGTT-1,-19.255249,19.407711
TAGTCTAACAACGAGA-1,-9.167482,9.116189
TAGTCTGTGACGTTGC-1,-10.754513,10.8534975
TAGTGCCCTCCAGAGT-1,-10.716211,10.572389
TAGTTAAGATAGGATA-1,-15.165028,15.130158
TAGTTTATTCTTGCTT-1,-20.126432,20.079332
TATAAATCCACAAGCT-1,-15.703209,15.838111
TATAAGTGAGGATAGC-1,-6.179456,6.086613
TATACACAGACGCCTT-1,-5.154078,5.1675467
TATACACGCAAAGTAT-1,-11.1085205,11.042832
TATAGAGTCGCTTGAA-1,-23.659576,23.70924
TATAGATGGTCGCAGT-1,-5.440889,5.365035
TATAGGGTACTCATGA-1,-21.481321,20.927364
TATATAGGGCTTTACG-1,-14.435934,14.452514
TATATATCGAGAAATG-1,-20.558884,20.740711
TATATTCGCGTCGATA-1,-24.236334,24.392735
TATCACCCAACCGACC-1,-14.572971,14.616284
TATCACTTCGAGTAAC-1,-18.383596,18.560024
TATCCATATCATGCGA-1,-15.2162285,15.007588
TATCCGCACCGTCGGG-1,-45.965855,45.70027
TATCCTATCAACTGGT-1,-22.067244,22.29918
TATCCTGCATGGGAAT-1,-11.452547,11.298109
TATCGATCTATGCATA-1,-8.543956,8.320746
TATCGATGATTAAACG-1,-14.37701,14.498218
TATCTACAGAGGTAAT-1,-9.049221,9.123605
TATCTACCACAGCGGG-1,-27.69098,27.438496
TATCTAGCCTAAAGGA-1,-5.3183913,5.439708
TATCTTGCAATACAAC-1,-28.971798,29.03991
TATGAAGACAGGTGCG-1,-18.306963,18.297466
TATGATCTTCTCTTTA-1,-12.909403,12.414114
TATGCTCCCTACTTAC-1,-23.591824,23.703058
TATGGATGTGCTACGC-1,-14.907061,14.997104
TATGGCCCGGCCTCGC-1,-16.57141,16.755674
TATGGGACCGAGCAGG-1,-13.342932,12.96905
TATGGGTACGTATCGT-1,-14.535137,14.280593
TATGGTCTGAGTAACA-1,-11.220993,11.076655
TATGGTTAGTGGGAGA-1,-16.327927,16.322994
TATGTAAAGTGCTTAA-1,-9.480746,9.49539
TATGTCAAGACCGACT-1,-13.234036,13.002024
TATGTCTCATTGTGCC-1,-5.356109,5.3544087
TATTATGTTTGCCTGC-1,-17.629889,17.819567
TATTCAATTCTAATCC-1,-22.478817,22.684208
TATTCCACTCAGCTCG-1,-9.831286,9.896684
TATTCCTCCGCCCACT-1,-18.45162,18.63551
TATTCGTGCCAGAATA-1,-18.686457,18.032124
TATTTAGTCTAGATCG-1,-21.353405,20.735233
TATTTATACCGAGTAG-1,-8.84138,8.918983
TATTTGTTACCCTTTA-1,-20.08624,20.126547
TCAAACAACCGCGTCG-1,-22.829922,22.854836
TCAAACTTAGATTGTT-1,1.9384838,-1.9566339
TCAACAAAGATAATTC-1,-29.383375,29.451666
TCAACACATTGGGTAA-1,-14.438665,14.215796
TCAACATAGCGCCCTA-1,-41.724365,41.66925
TCAACCATGTTCGGGC-1,-11.444759,11.590306
TCAACGCAGGAAATAA-1,-21.657263,21.765541
TCAACGCGACCGGCAG-1,-29.274576,29.296196
TCAACTAACGTATAAC-1,-17.894962,17.407448
TCAAGAAATACTAGCT-1,-19.059286,19.26627
TCAAGGTTACTACACC-1,-20.920042,21.11507
TCAATACGCCGTCATG-1,-24.124884,24.254862
TCACAAACCGAGGTAC-1,-17.377325,17.458218
TCACAGCAAACTCGAA-1,-14.572203,14.728379
TCACAGGGAATCGCAA-1,-17.380728,17.3766
TCACAGGTTATTGGGC-1,1.9391409,-1.9573069
TCACATCTTATCTGAT-1,-21.540567,21.483791
TCACCGCTCGGCACTC-1,-25.273817,25.25947
TCACGATGTCCGTGGA-1,-21.120766,21.218178
TCACGCATTGTAGATC-1,-7.6474757,7.697907
TCACGGTCATCGCACA-1,-22.398592,22.403067
TCACGTGCCCGATTCA-1,-13.445858,13.525456
TCACTCGTGCAACGGC-1,-8.809582,8.858623
TCAGAACCTCCACAGG-1,-16.712671,16.885853
TCAGACGCTATAGAAG-1,-7.8291316,7.869469
TCAGCAAATGCATCTC-1,-11.572772,11.720956
TCAGCAGTAGGCCCTG-1,-25.135365,25.093456
TCAGGGTGTAACGTAA-1,-11.42345,11.579468
TCAGGTTCTTTGAGAA-1,-24.063314,23.895199
TCAGTACTGACCCGCG-1,-13.534913,13.708068
TCAGTAGGGACTATAA-1,-12.958151,12.666138
TCAGTGTATACGTCAT-1,-23.223566,23.395773
TCATACTTACAGATCC-1,-16.587824,16.68208
TCATATGAGCTTTGTT-1,-8.629204,8.635913
TCATCACTCGAGCTCG-1,-15.459486,15.087396
TCATCCCAGAGGGTGG-1,-4.756821,4.786474
TCATCGATGGTCCCAA-1,-28.34441,28.487278
TCATGCAGGTTCTCAT-1,-38.519173,37.637062
TCCAACTTTAAATTCT-1,-7.735247,7.8122373
TCCAAGCCTAGACACA-1,-18.591328,18.728355
TCCACAATGGTTTACG-1,-17.381655,17.009487
TCCACATCGTATATTG-1,-17.910755,18.081142
TCCACCTCTAGCCTTT-1,-37.71625,37.592155
TCCACTTTATCTAGGT-1,-10.46006,10.487603
TCCAGAGCACCGGTTC-1,-16.76421,16.81593
TCCAGGCGAGTACGGT-1,-8.126748,7.8364806
TCCCAAAGACGAAGGA-1,-12.223728,12.389726
TCCCACTCTCTTCCGG-1,-18.232119,18.404053
TCCCAGCTTTAGTCTG-1,-10.017329,9.604371
TCCCAGGCTTAGCTAA-1,1.9407264,-1.9588497
TCCCGCGTACTCCTGG-1,-16.939213,17.152134
TCCCGGGTGTGCTGCT-1,-8.748312,8.575036
TCCCGTCAGTCCCGCA-1,-19.745142,19.940151
TCCCGTGTGCAATTTG-1,-6.307691,6.392197
TCCCTGGCGTATTAAC-1,-25.90426,26.087868
TCCCTGGCTCGCTGGA-1,-11.37946,11.409421
TCCCTTAGATTACTCG-1,-9.647865,9.702177
TCCGAACTTGGCTTAC-1,-17.706442,17.396862
TCCGAATGGTCCTGAG-1,-15.1649685,14.632773
TCCGATAATTGCCATA-1,-7.60498,7.502396
TCCGATGACTGAGCTC-1,-6.420448,6.312556
TCCGATGGTGCGACAT-1,-13.852319,13.953237
TCCGATTACATTGCCG-1,-15.09701,15.128156
TCCGCGGCAGCATCTG-1,-18.051798,18.251648
TCCGCTGTCATCCCGG-1,-20.492313,20.477592
TCCGCTTATCCCATTA-1,-11.01882,11.030951
TCCGGCCTAGCGTACA-1,-26.771795,26.800621
TCCGGTTCGTCCGGTC-1,-17.727959,17.917503
TCCGTTAAGCTAATAT-1,-24.52394,24.616982
TCCGTTTAGCCTTGAA-1,-20.430769,20.483217
TCCTAAATTGGGAAGC-1,-16.319048,16.521832
TCCTAACCGTCGGGCA-1,-25.06803,25.02669
TCCTACATCCACGGCC-1,-10.7122135,10.852443
TCCTAGCAAAGAAGCT-1,-17.190786,16.910866
TCCTCGGGCTGGGCTT-1,-24.37639,24.501877
TCCTCTACGAGATGGC-1,-11.144261,11.195405
TCCTCTCCAGTTGTCC-1,-14.5446,14.259751
TCCTGCCAACTGGAGA-1,-10.640497,10.339824
TCCTGCGTTGATACTC-1,-12.648732,12.369088
TCCTTACGACGGTCCG-1,-19.145449,19.244204
TCCTTCAGTGGTCGAA-1,-16.082184,15.944108
TCCTTGTCCTTTAATT-1,-30.38114,30.40469
TCCTTTAAATCCGCTT-1,-12.688352,12.816008
TCCTTTCTTACGCTTA-1,-4.0116534,3.687385
TCGAAATTTAGGACCA-1,-22.791338,22.558899
TCGAAGAACCGAGCAC-1,-14.741983,14.844632
TCGAATATCCCGCAGG-1,-17.299696,17.347849
TCGAGACCAACACCGT-1,-20.42396,19.31321
TCGAGCCAGGCAGGCC-1,-13.991443,14.150439
TCGATAGGCTAGTCGC-1,-9.931025,10.03768
TCGCAAAGATGCATTT-1,-18.927359,18.768282
TCGCACCAGGAGGCAG-1,-20.44393,20.562614
TCGCATCCCTAAGTGT-1,-11.357536,11.099143
TCGCCGAAGTTGCGTC-1,-11.145409,10.982371
TCGCCGACATATTCGC-1,-20.605593,20.737919
TCGCCGGTCGATCCGT-1,-51.476685,50.148335
TCGCGTAGCAGTGTCC-1,-18.868975,18.944845
TCGCGTCCAGAAGGTC-1,-11.993329,12.17209
TCGCTAAACCGCTATC-1,-11.591269,11.667012
TCGCTACTGGCTTTGA-1,-16.25857,16.37857
TCGCTCGATATATTCC-1,-14.621273,14.742293
TCGCTCGGCACCAGCG-1,-17.834953,17.905903
TCGCTGCCAATGCTGT-1,-15.728947,15.820424
TCGCTGGGCGGATTGT-1,-10.868462,10.9062605
TCGCTGTGCGTAAATC-1,-18.515162,18.283962
TCGCTTTAAACGTTTG-1,-15.761919,15.499114
TCGGAATGCGCTCTGA-1,-11.8024845,11.953525
TCGGACGCCCAGCCCA-1,-15.608171,15.813043
TCGGAGAGTATCGGGA-1,-25.996346,26.09982
TCGGAGTACATGAGTA-1,-10.845257,10.992888
TCGGCGAACCCAAACC-1,-12.688859,12.850918
TCGGCGTACTGCACAA-1,-34.584522,34.641144
TCGGCTTGTATCGACG-1,-8.511212,8.52683
TCGGGAACGTGCCTAG-1,-15.214527,15.338008
TCGGGAGACAGCGTAC-1,-8.147149,8.334362
TCGGGATTCAAACATA-1,-16.0357,16.201412
TCGGGCCGTCGTGGTA-1,-11.3125515,11.33027
TCGGGTGAAACTGCTA-1,-18.127344,18.258472
TCGGTCCCGACAATAG-1,-17.099283,17.209661
TCGTAAGACGACATTG-1,-16.246168,16.202679
TCGTACCGACGTCAAG-1,-16.967323,16.93463
TCGTATAGTGCAATTA-1,-13.57827,13.733608
TCGTATTACCCATTGC-1,-21.95349,21.945936
TCGTCAAGTACGCGCA-1,-12.622928,12.701399
TCGTCCGCTGGCGTCT-1,-8.585725,8.558151
TCGTCTTAGGCGTTAA-1,-54.077473,53.912357
TCGTGTACTATGGATG-1,-17.457584,17.420067
TCGTGTCACGCTGACA-1,-17.94612,18.179085
TCGTTAGGAGTCCCTA-1,-14.469734,14.616899
TCGTTCGTTATTATGT-1,-14.489256,14.341268
TCGTTGCTATCCGGTC-1,-17.491713,17.660206
TCTAATACTGCCTCAG-1,-24.213634,24.247501
TCTACCGTCCACAAGC-1,-15.746782,15.932557
TCTAGCAATCTCCGCC-1,-25.758463,25.806828
TCTAGCATCTTCGATG-1,-15.366579,15.2323675
TCTAGCATGCCCAGAA-1,-15.090395,15.07759
TCTAGGTGGCGACGCT-1,-12.677148,12.831894
TCTAGTGATATCGTGG-1,-9.225756,9.3101015
TCTATCATGCAGTTAC-1,-20.231857,20.190453
TCTATCGGTCGCAACA-1,-18.709936,18.383629
TCTATTACGCTGGCGA-1,-14.314823,14.166703
TCTATTACTAGAGGAT-1,-16.750387,16.93537
TCTCATGAGATAGGGT-1,-16.981764,17.110764
TCTCCACAAGTTGAAT-1,-16.889486,17.077148
TCTCGACGTATCGCCG-1,-25.333914,25.240578
TCTCTAATAGCTGGTA-1,-17.017132,16.902271
TCTCTTACCGCGAACC-1,-6.052214,6.09936
TCTGAACCGGTCGGCT-1,-7.7139153,7.744207
TCTGAACTCGTACCCG-1,-20.220951,20.342514
TCTGAATTCCGTACAA-1,-15.047646,15.213765
TCTGCCAGAAACTGCA-1,-10.979462,10.718278
TCTGGGTAGCGCTCAT-1,-23.90007,24.056087
TCTGTCATACAAGAGC-1,-14.89496,14.851356
TCTGTGCCATCATAGT-1,-11.405102,11.483033
TCTGTTACCCAGCATA-1,-15.573515,15.630446
TCTTACAGAGGTACCG-1,-24.525124,24.654797
TCTTACCGGAACTCGT-1,-8.299889,8.243211
TCTTACGGCATCCGAC-1,-12.3675165,12.55362
TCTTACTTATGCCTCT-1,-16.850874,17.011213
TCTTAGAGCTCCAATT-1,-9.927185,9.84871
TCTTAGAGTGAACTCT-1,-14.708063,14.665629
TCTTCCCATGGGCACA-1,-10.92499,10.645137
TCTTCGAATAGACGTT-1,-19.542253,19.048788
TCTTCGATACCAATAA-1,-8.70565,8.314155
TCTTCTATAACCCGCC-1,-10.3321495,10.288827
TCTTGATGCGTAGCGA-1,-14.233103,13.712693
TCTTGCTCCCGATACT-1,-12.505405,12.608304
TCTTGGTAACACCAAA-1,-12.506721,12.270657
TGAAACTTATGCAAGC-1,-17.557741,17.055183
TGAAAGGACCTGACTC-1,-14.270643,14.422202
TGAACAAGCAGGGACT-1,-14.019156,14.204978
TGAATACCGACGCGTA-1,-15.637287,15.6781645
TGAATGTCAGCCGGCC-1,-13.730423,13.927716
TGACATCGAGCGGACC-1,-7.370403,7.492579
TGACATGTAACGTGAC-1,-20.685736,20.79194
TGACCAAATCTTAAAC-1,-11.729029,11.871542
TGACCCACGTTAGACA-1,1.9409584,-1.9590906
TGACGAATATTTCCCT-1,-18.55797,18.638449
TGACGATGCACTAGAA-1,-7.6566176,7.8441453
TGACTATAATCCTTTC-1,-48.541138,48.101658
TGAGAATGCTTTACCG-1,-6.9968066,7.0019097
TGAGAGATTTACCACG-1,-8.235485,7.903813
TGAGATCAAATACTCA-1,-22.95432,23.093632
TGAGATTAGGCCCTAA-1,-13.637164,13.4308405
TGAGCCATACAGTCTC-1,-17.955046,17.995085
TGAGCGGAAAGTGTTC-1,-12.212644,12.161971
TGAGTAAATTAGCGTA-1,-26.67953,26.424011
TGAGTGCCTCTTAAAT-1,-10.014438,9.908396
TGAGTGGTCCGTGACG-1,-6.43341,6.4730334
TGAGTTAAAGACATTC-1,-15.262278,15.436883
TGATAGCGGGATTCTA-1,-12.780141,12.820241
TGATCAGGGAACTGCT-1,-12.556287,12.590695
TGATCCCAGCATTAGT-1,-20.799559,20.907703
TGATCGGTTTGACCCT-1,1.9409584,-1.9590906
TGATCTACGCTGATCT-1,-22.873419,22.887104
TGATCTCCGGCGCCAG-1,-5.0313306,5.040686
TGATTCCCGGTTACCT-1,-32.488647,32.492245
TGATTCGTCTATCACT-1,-15.390429,15.118632
TGATTCTGTCGCCGGT-1,-29.64134,29.698177
TGATTTATTAGCTGTG-1,-19.879105,19.98095
TGATTTCCTCCTGACG-1,-19.195177,19.139544
TGCAACCCATCTGCGG-1,-16.178146,16.263588
TGCAAGAATGACGTAA-1,-11.589594,11.530974
TGCAATCTAACACGGT-1,-21.397787,21.574862
TGCAGAACTATATCGT-1,-13.780867,13.920609
TGCAGAGTACCGAGCA-1,-4.2570205,4.166411
TGCAGATCGTCCTAGG-1,-20.20289,20.371784
TGCAGCTACGTACTTC-1,-25.081072,25.186829
TGCAGGATCGGCAAAG-1,-16.335344,16.521746
TGCAGTTTCCTCCCAT-1,-9.317017,9.407535
TGCATATGTCTGTCAC-1,-11.928651,11.970437
TGCATGGATCGGATCT-1,-9.707184,9.282903
TGCATGTGACCCATAG-1,-36.69347,36.561424
TGCATGTGGTAATCTA-1,-15.323317,15.414798
TGCCAAAGTCAGACTT-1,-19.588217,19.716404
TGCCAATGGGTACTCT-1,-9.228466,9.068664
TGCCACCTGGCGAAAC-1,-10.5023365,10.526202
TGCCAGTACGTGGAGA-1,-19.445395,19.62499
TGCCATTACTAAAGAA-1,-5.949687,6.103337
TGCCCGTACCGTTAAA-1,-35.411076,35.101654
TGCCGGATGTACGAGC-1,-21.121588,21.26502
TGCCTAATTGAAGATT-1,-22.72271,22.735538
TGCCTGATCAAACGAT-1,-7.691568,7.3377643
TGCCTTGGCCAGGCAA-1,-45.84512,45.61046
TGCGAATATGGGATTT-1,-19.60166,19.724354
TGCGACACCCTAGTGC-1,-5.386969,5.0652266
TGCGACGGCCGAACGT-1,-16.790756,16.846512
TGCGAGAATATTACCC-1,-12.968772,13.154483
TGCGCAAAGCATTTGG-1,1.9408492,-1.9589844
TGCGCGATTAACGGAG-1,-21.26913,21.36951
TGCGGACTTGACTCCG-1,-21.80075,21.86039
TGCGGAGTAAAGGTGC-1,-5.7365594,5.785791
TGCGGCATAGTTCAAC-1,-20.35513,20.392809
TGCGGTGAAATTTCAT-1,-9.5459585,9.313042
TGCGTAAGAACCTGAT-1,-11.831434,11.607644
TGCGTCATGACTGAGC-1,-25.992025,25.9982
TGCGTTTGTTGACACT-1,-6.6367164,6.535073
TGCTAAGTGTCTATTT-1,-8.439565,8.5765295
TGCTCCACAGTTCTTA-1,-11.530743,11.612319
TGCTCGGTGGGTCACC-1,-15.403658,15.502233
TGCTCTTGAGAGTTTG-1,-20.113367,20.229048
TGCTGGTTGGACAATT-1,-7.779819,7.875443
TGCTGTTGAAGAACTC-1,-15.669477,15.697225
TGCTTAGAGAGAATGC-1,-19.35351,19.566399
TGCTTCCCAAGCAGTA-1,-31.244902,31.329578
TGGAACCACTGACACA-1,-20.563917,20.468138
TGGAAGAAGGGAACGT-1,-18.987185,19.104298
TGGAAGGATAAAGATG-1,-11.475742,11.072228
TGGAATATCCTTGACC-1,-22.071196,22.053135
TGGACCAATCTAAGAT-1,-10.447478,10.646276
TGGACGCAATCCAGCC-1,-25.580576,25.740902
TGGACTGTTCGCTCAA-1,-10.298607,9.9662695
TGGAGTGATGCGATGA-1,-17.090906,16.767914
TGGCAAACTAAATTAC-1,-30.202139,29.43793
TGGCAACTCGCGCGCC-1,-6.173715,6.3007283
TGGCAATGGGACGGCG-1,-22.47202,22.620596
TGGCAGCAGTAATAGT-1,-29.935598,30.074608
TGGCCAAACTGAAGTA-1,-5.0244746,5.0192537
TGGCCAATTTGGTACT-1,-22.124321,22.221905
TGGCCGTATATTGACC-1,-12.180281,12.358962
TGGCGATCAAGTTATG-1,-23.410666,23.461216
TGGCTATGTGACATAC-1,-21.863544,22.073933
TGGCTCTTGTCGCGTA-1,-13.045343,13.1184
TGGCTTTGGGTAGACA-1,-12.806031,12.936416
TGGGAAATGCCTTTCC-1,-19.471771,19.398628
TGGGCAATAGTTGGGT-1,-10.355166,10.476639
TGGGCACAAACAGAAC-1,-17.455822,17.630104
TGGGCACGTTCTATGG-1,-14.3694725,14.056561
TGGGCCACAAGAGCGC-1,-17.546335,17.069506
TGGGCCCATACTAATT-1,-18.462759,18.602966
TGGGCGATACAATAAG-1,-15.527767,15.721538
TGGGTAAGGTTCCCGC-1,-10.4464,10.64411
TGGTAAGCAGGATTGA-1,-22.470335,22.536518
TGGTAGAATATATGGG-1,-9.764313,9.859365
TGGTATCGCATCCCAA-1,-10.267376,10.430968
TGGTATCGGTCTGTAT-1,-56.43561,55.40187
TGGTCCCACGCTACGG-1,-53.3128,53.573074
TGGTCTGTTGGGCGTA-1,-13.703934,13.370677
TGGTGATCGTATTTGT-1,-19.508554,19.27724
TGGTTCAACGGGTAAT-1,-14.723116,14.841123
TGGTTCGTAGCAAAGG-1,-15.106783,14.954392
TGTAATGACCACAATA-1,-20.624828,20.470749
TGTACCTACACGAGGG-1,-13.571389,13.705474
TGTACGAACAAATCCG-1,-15.070683,15.170489
TGTAGGAGAAATTTCC-1,-8.22258,8.388455
TGTAGTGATCTATAAT-1,-5.293078,5.241349
TGTATAACAGATCCTG-1,-11.135743,11.3302355
TGTATCCTTATTCCAT-1,-17.90658,17.961073
TGTATGGCGCAGACAG-1,-8.090881,8.199943
TGTCCCGACATAGCAC-1,-24.502851,24.669498
TGTCCGTGGCGCCTTT-1,-17.607817,17.142612
TGTCCTAAGTCACCGC-1,-13.627283,13.417367
TGTCTACAGTTTCTGT-1,-17.449076,17.14153
TGTGACTACGCCAGTC-1,-10.547053,10.636136
TGTGCCGGTGCCGGAA-1,-9.868955,9.992304
TGTGCTTTACGTAAGA-1,-10.120775,10.190049
TGTGGCAAAGCGTATG-1,-14.601881,14.573583
TGTGGCGGGCTTCTGG-1,-8.559202,8.399575
TGTGGTTGCTAAAGCT-1,-38.031517,37.9812
TGTGTCGCGAGTTGCA-1,-16.875723,16.49613
TGTGTTCGTATCCAAG-1,-17.638153,17.678295
TGTTATTGTATGTGGC-1,-14.253424,14.294238
TGTTCCGCTTCCATGA-1,-11.345063,11.234676
TGTTCGTATTGCGGTG-1,-17.321253,16.812965
TGTTCTTCCATTGACT-1,-14.0763645,13.784545
TGTTGTCAAGAAGTCT-1,-19.66773,19.748896
TGTTTAATACTTCATC-1,-12.880798,12.886048
TGTTTCGGTACTTCTC-1,-14.3533745,13.655405
TTAAACCTGGTTCCTT-1,-23.612373,23.539383
TTAAACTCGAATTCAT-1,-17.36437,16.984955
TTAACACCTCGAACAT-1,-15.891754,16.060692
TTAACCAACCCTCCCT-1,-11.809856,11.758754
TTAACGTCGCAAGACC-1,-18.453102,18.593634
TTAACTTCAGGTAGGA-1,-10.792901,10.76415
TTAAGATAGGATTGAC-1,-18.930914,19.007048
TTAAGCCGACAACTTC-1,-11.970989,11.939124
TTAAGCGCCTGACCCA-1,-6.99017,7.0525937
TTAAGGCCCGTACTTT-1,-23.74156,23.762558
TTAATGTAGACCAGGT-1,-4.471005,4.590474
TTAATTGCTTTGGGTG-1,-16.03977,16.127766
TTAATTTCAGACGCGG-1,-10.717054,10.420511
TTACAACTACGCATCC-1,-12.2998705,12.481417
TTACAGACCTAAATGA-1,-15.065222,14.706534
TTACATCGTGGCCTGG-1,-8.019512,7.7417645
TTACATGCCACAACTA-1,-12.870098,12.948456
TTACCATTGATTACCC-1,-13.625651,13.682058
TTACCCATTGCCGGGT-1,-34.655323,34.723377
TTACCCTAACAGTCCT-1,-18.310991,18.263504
TTACCCTAGGGATTGG-1,-46.558125,46.293133
TTACTAAAGGACTTTA-1,-13.287558,13.450159
TTACTATCGGCTTCTC-1,-16.504984,16.64149
TTACTCCGGCCGGGAA-1,-17.827772,17.785164
TTACTCTGGTACGTAC-1,-10.259718,9.912744
TTACTGGGATATTTCA-1,-7.676969,7.670732
TTAGAAGAACATGACT-1,-18.476408,18.614414
TTAGAATAAGGGTCGG-1,-37.913326,37.87377
TTAGACACGATCGTTG-1,-20.393457,20.371983
TTAGACGAGTCACCTC-1,-16.71033,16.843048
TTAGAGTTTAGAAGGA-1,-16.846388,16.930828
TTAGCAACATGGATGT-1,-14.502703,14.439958
TTAGCTAATACGATCT-1,-19.57907,19.713531
TTAGCTCTGTAATCCG-1,-17.70781,17.257015
TTAGCTGATTTGCCGT-1,-12.145145,12.237224
TTAGGTCATAACCGAC-1,-30.540922,30.59835
TTAGTAAACCTGCTCT-1,-22.647598,22.773521
TTAGTAGGGCGGCGGG-1,-17.628098,17.775064
TTAGTTATTCGTGGCA-1,-17.850988,18.065443
TTATAGGTAATTGTCT-1,-12.592967,12.648484
TTATATACGCTGTCAC-1,-13.814825,13.309419
TTATATTTGGCAATCC-1,-14.402855,14.588571
TTATCCAATCGAACTC-1,-14.278322,14.359019
TTATCCGGGATCTATA-1,-23.533916,23.580887
TTATCCTCAAGGAATA-1,-19.454727,19.65517
TTATCGCCTGCGAAGC-1,-15.002504,15.10473
TTATCTGTATCATAAC-1,-16.097548,15.545831
TTATGAATGAAAGGGA-1,-14.87372,14.523614
TTATGACAAACTGGAT-1,-18.92982,18.948914
TTATGATCTTAACGAA-1,-17.75611,17.738579
TTATTAGAGCGTGTTC-1,-34.81157,34.30259
TTATTAGGGAAGCATC-1,-17.373735,17.550257
TTCAAAGTCTCTAGCC-1,-15.226597,15.257367
TTCAACGACCCGACCG-1,-21.924799,22.106977
TTCAAGCCGAGCTGAG-1,-5.6394205,5.5696454
TTCAATACTCTGAATC-1,-14.215145,14.266299
TTCACTCGAGCACCTA-1,-4.9792027,5.065719
TTCACTTCCTAGAACG-1,-14.142649,13.568435
TTCAGCCCTGGTCCAC-1,-46.268543,46.014397
TTCAGCTGGCGTGCCC-1,-11.025818,11.081935
TTCAGGCGTCAAAGCC-1,-17.178137,17.343933
TTCATGGCGCAACAGG-1,-5.5632105,5.437592
TTCCAATCAGAGCTAG-1,-14.204428,14.344117
TTCCAATCTGGCTATC-1,-21.805864,21.84404
TTCCACACAGATTTGA-1,-23.623426,23.782799
TTCCAGACGAGATTTA-1,-11.935438,12.0205345
TTCCCGGCGCCAATAG-1,-18.16521,18.284756
TTCCGCAGAGAAATAT-1,-13.437956,13.588349
TTCCGCGTGAGGCGAT-1,-35.877796,34.93727
TTCCGGCCTTGAGGCT-1,-16.643549,16.471016
TTCCGGTATCTGTGTC-1,-12.816082,12.878131
TTCCGGTTACCCACTT-1,-16.220911,16.4444
TTCCTCGAGGGTGTCT-1,-15.656143,15.612107
TTCCTCGGACTAACCA-1,-11.539483,11.4696865
TTCCTCTGCCCGAATA-1,-13.607496,13.793647
TTCGACAGAGCCCGTG-1,-14.592499,14.756511
TTCGACGGGAAGGGCG-1,-20.71662,20.95585
TTCGCACTCGCGTGCT-1,-21.709126,21.880203
TTCGCACTGTACGACA-1,-49.01245,48.762043
TTCGCGCGCCATACGA-1,-46.383884,46.167755
TTCGCTATCTGACGTG-1,-12.477424,12.646744
TTCGGCAACCCGCTGA-1,-8.470633,8.538205
TTCGGCTAGAGATGGT-1,-14.417509,14.575105
TTCGGGACTAATCGCG-1,-18.703993,18.872551
TTCGGGCGCTAGTCTT-1,-12.958359,13.003995
TTCGGTACTGTAGAGG-1,-8.908548,9.062521
TTCGTAATCCCAGCGG-1,-15.025524,14.582366
TTCGTACTCCAGAACG-1,-16.301592,16.32521
TTCGTTCAACGAAGTT-1,-18.640665,18.662308
TTCTAACCGAAGCTTA-1,-19.358637,19.515957
TTCTACTTGCGAGGGC-1,-12.921449,13.096117
TTCTAGAAAGTCTTAT-1,-56.863583,56.694054
TTCTAGGCCAATTGTG-1,-15.426334,15.580529
TTCTGCCGCGCCTAGA-1,-17.077623,17.281786
TTCTGCGAGCGCCCTT-1,-13.296892,12.908595
TTCTGCGGGTTAGCGG-1,-13.140966,12.9115305
TTCTGCTAGACTCCAA-1,-15.749792,15.90265
TTCTTAGTGAACGGTG-1,-13.241271,13.342775
TTCTTAGTGGCTCAGA-1,-11.624914,11.848388
TTCTTGAGCCGCGCTA-1,-14.567095,14.349994
TTCTTGGACGATCTGC-1,-13.599462,13.64107
TTCTTGGAGTAATGAG-1,-4.763642,4.69347
TTCTTGTAACCTAATG-1,-11.09859,11.001136
TTCTTTGGTCGCGACG-1,-20.027552,20.103346
TTGAACGAATCCTTTG-1,-16.813902,16.971003
TTGAACGACGTGCTGA-1,-18.76754,18.820248
TTGAAGAATTCCCAGG-1,-15.233463,15.390752
TTGAATATGGACTTTC-1,-20.851477,20.84182
TTGAATCGTTGTATAA-1,-20.93403,21.078583
TTGACAGGAGCTCCCG-1,-19.91513,20.092182
TTGACATGAACGTGGA-1,-8.825647,8.719749
TTGACCAGGAACAACT-1,-15.365442,15.528201
TTGACCATGTTCTCCG-1,-7.4634852,7.4161744
TTGACCGTGTTAATGA-1,-13.573312,13.710236
TTGACGATTCAGCACG-1,-16.862717,17.05568
TTGACGCTCCATGAGC-1,-14.685987,14.395425
TTGACTACCATATGGT-1,-8.633072,8.64606
TTGACTATTGTCCGGC-1,-13.05604,13.117401
TTGAGAGTACTGCTAA-1,-10.566952,10.747171
TTGATCTAACTTTGTC-1,-5.378389,5.2236156
TTGATGTGTAGTCCCG-1,-10.865835,10.856339
TTGATTAGCTGTTTCT-1,-14.119417,14.109372
TTGATTATGCAGATGA-1,-15.751759,15.79378
TTGCACAATTCAGAAA-1,-11.636074,11.584088
TTGCACGGAGCAGCAC-1,-15.51499,14.513143
TTGCATGCTGATCACG-1,-21.95225,22.11183
TTGCCAAGCAGAACCC-1,-14.472269,14.651826
TTGCCATAGCCCGCTC-1,-16.43862,16.551548
TTGCCCTGATCACGGG-1,-16.549177,16.619364
TTGCCGCTTTCTAGTA-1,-11.009111,11.100909
TTGCGGCATCAGAAAG-1,-20.793154,20.741545
TTGCGTCGGCCAACCG-1,-12.695549,12.873708
TTGCGTGAACGCTTAG-1,-15.423092,15.477237
TTGCTCCCATACCGGA-1,-7.444984,7.5685525
TTGCTGAAGGAACCAC-1,-12.682371,12.763929
TTGCTGATCATGTTCG-1,1.9409584,-1.9590906
TTGGAAGAATACAGTC-1,-12.112225,12.189343
TTGGACATGTGGCTTA-1,-18.03209,17.748604
TTGGACCATCTGGCAA-1,-31.49742,31.528038
TTGGACCTATAACAGT-1,-21.202509,21.316183
TTGGAGTCTCCCTTCT-1,-10.172499,10.302598
TTGGATATCGTCTACG-1,-9.933339,9.852217
TTGGATCGACTTCTGG-1,-26.762228,26.983072
TTGGATTGGGTACCAC-1,-8.55595,8.156818
TTGGCCTAGAATTTCG-1,-17.577349,17.164293
TTGGCTCGCATGAGAC-1,-7.343183,7.4292455
TTGGGAAGACGAGCCG-1,-15.684586,15.820981
TTGGGACACTGCCCGC-1,-15.357412,15.461331
TTGGGACGTAAGAGTT-1,-18.674532,18.773804
TTGGGCGGCGGTTGCC-1,-14.051009,14.247193
TTGGTCACACTCGTAA-1,-17.861925,17.864594
TTGGTTGCGGTGCGCG-1,-22.929834,22.871082
TTGTAAGGACCTAAGT-1,-5.342109,5.2971945
TTGTAAGGCCAGTTGG-1,-7.3221602,7.455788
TTGTAATCCGTACTCG-1,-22.151926,22.025887
TTGTATCACACAGAAT-1,-18.547855,18.134075
TTGTCGTTCAGTTACC-1,-9.607435,9.407479
TTGTGAACCTAATCCG-1,-11.316799,11.509171
TTGTGAGGCATGACGC-1,-22.237062,22.47235
TTGTGCAGCCACGTCA-1,-6.9834065,7.0044
TTGTGGCCCTGACAGT-1,-14.136618,14.053042
TTGTGGTAGGAGGGAT-1,-19.486017,19.57436
TTGTGTATGCCACCAA-1,-17.145506,17.274134
TTGTGTTTCCCGAAAG-1,-14.973249,15.178367
TTGTTAGCAAATTCGA-1,-14.758596,14.744546
TTGTTCAGTGTGCTAC-1,-14.36655,14.505025
TTGTTGTGTGTCAAGA-1,-15.108713,15.170915
TTGTTTCACATCCAGG-1,-42.0452,41.965134
TTGTTTCATTAGTCTA-1,-16.984348,17.074831
TTGTTTCCATACAACT-1,-7.7083573,7.854277
