Cell ID,Predicted Label
AAACAAGTATCTCCCA-1,0
AAACACCAATAACTGC-1,1
AAACAGAGCGACTCCT-1,0
AAACAGCTTTCAGAAG-1,1
AAACAGGGTCTATATT-1,1
AAACCGGGTAGGTACC-1,1
AAACCGTTCGTCCAGG-1,0
AAACCTAAGCAGCCGG-1,1
AAACCTCATGAAGTTG-1,1
AAACGAGACGGTTGAT-1,1
AAACGGTTGCGAACTG-1,0
AAACTCGGTTCGCAAT-1,1
AAACTGCTGGCTCCAA-1,0
AAACTTGCAAACGTAT-1,1
AAAGACCCAAGTCGCG-1,1
AAAGACTGGGCGCTTT-1,1
AAAGGCTACGGACCAT-1,1
AAAGGGATGTAGCAAG-1,1
AAAGGGCAGCTTGAAT-1,1
AAAGTAGCATTGCTCA-1,1
AAAGTCACTGATGTAA-1,1
AAAGTCGACCCTCAGT-1,1
AAAGTGTGATTTATCT-1,1
AAAGTTGACTCCCGTA-1,0
AAATAACCATACGGGA-1,0
AAATACCTATAAGCAT-1,0
AAATCCGATACACGCC-1,1
AAATCGTGTACCACAA-1,0
AAATCTAGCCCTGCTA-1,1
AAATGCTCGTTACGTT-1,0
AAATGGCATGTCTTGT-1,0
AAATGGCCCGTGCCCT-1,1
AAATTAACGGGTAGCT-1,0
AAATTACACGACTCTG-1,1
AAATTACCTATCGATG-1,1
AAATTGATAGTCCTTT-1,1
AAATTTGCGGGTGTGG-1,1
AACAACTGGTAGTTGC-1,1
AACAATACATTGTCGA-1,1
AACAATTACTCTACGC-1,1
AACACACGCTCGCCGC-1,1
AACACGACTGTACTGA-1,1
AACACGAGACGCGGCC-1,1
AACAGCTGTGTGGCAA-1,1
AACAGGAAATCGAATA-1,0
AACAGGATGGGCCGCG-1,1
AACAGGTAGTATGGAT-1,1
AACATATCAACTGGTG-1,1
AACATTGTGACTCGAG-1,1
AACCAAGACTTCTCTG-1,1
AACCATGGGATCGCTA-1,0
AACCCAGAGACGGAGA-1,1
AACCCGACAACCCGTG-1,1
AACCCTACTGTCAATA-1,1
AACCCTGGTGGAACCA-1,1
AACCGAGCTTGGTCAT-1,0
AACCGCTAAGGGATGC-1,1
AACCGTTGTGTTTGCT-1,1
AACCTCGCTTTAGCCC-1,1
AACCTTTAAATACGGT-1,1
AACCTTTACGACGTCT-1,0
AACGATAATGCCGTAG-1,0
AACGATAGAAGGGCCG-1,1
AACGATATGTCAACTG-1,0
AACGCATGATCTGGGT-1,1
AACGCGACCTTGGGCG-1,1
AACGCGGTCTCCAGCC-1,1
AACGCTGTTGCTGAAA-1,1
AACGGACGTACGTATA-1,1
AACGGCCATCTCCGGT-1,1
AACGTACTGTGGGTAC-1,1
AACGTCAGACTAGTGG-1,1
AACGTGATGAAGGACA-1,1
AACGTGCGAAAGTCTC-1,0
AACTACCCGTTTGTCA-1,0
AACTAGGCTTGGGTGT-1,1
AACTCAAGTTAATTGC-1,0
AACTCCAGAGCGTGTT-1,1
AACTCTCAATAGAGCG-1,0
AACTCTCAGTGTGCTC-1,1
AACTGATATTAGGCCT-1,0
AACTGGGTCCCGACGT-1,0
AACTTGCCCGTATGCA-1,1
AAGACCCAACTGAACA-1,1
AAGACTGCAAGCTACT-1,1
AAGAGATGAATCGGTA-1,1
AAGAGCTCTTTATCGG-1,1
AAGAGGATGTACGCGA-1,0
AAGAGGCATGGATCGC-1,1
AAGATTGGCGGAACGT-1,0
AAGCACCCTGCGTATC-1,0
AAGCATACTCTCCTGA-1,1
AAGCCGAAGCGGTTTA-1,1
AAGCGCAGGGCTTTGA-1,1
AAGCGTCCCTCATCGA-1,1
AAGCTAGATCGAGTAA-1,1
AAGCTCGTGCCAAGTC-1,1
AAGCTCTTTCATGGTG-1,1
AAGGAGCGGTTGGTGC-1,0
AAGGATCGATCGCTTG-1,0
AAGGATGAGGGACCTC-1,1
AAGGCGCGTAAAGCTT-1,1
AAGGCTGTGCTCATCG-1,0
AAGGGACAGATTCTGT-1,0
AAGGGACTATGCATTC-1,1
AAGGTATCCTAATATA-1,0
AAGGTGATAAACCAGC-1,1
AAGTAGAAGACCGGGT-1,1
AAGTAGTGACGCGAGG-1,0
AAGTCAATTGTCGTCA-1,1
AAGTGACGACCGAATT-1,1
AAGTGAGTCGGGTTTA-1,1
AAGTGCCTTGACTGTA-1,1
AAGTGCGTTAGAATCT-1,1
AAGTGTTTGGAGACGG-1,1
AAGTTCACTCCAAGCT-1,1
AAGTTCAGTCTGCGTA-1,1
AAGTTCGGCCAACAGG-1,1
AAGTTTATGGGCCCAA-1,1
AATAACAACGCTCGGC-1,0
AATAACACTAGAACAA-1,1
AATACCGGAGGGCTGT-1,1
AATAGAACAGAGTGGC-1,0
AATAGAATCTGTTTCA-1,1
AATATCAAGGTCGGAT-1,1
AATATCGAATCAATGC-1,1
AATATCGAGGGTTCTC-1,1
AATATTGGAGTATTGA-1,0
AATCATGTAAAGACTC-1,1
AATCCAAGGGCCTGAG-1,1
AATCGCCTCAGCGCCA-1,1
AATCGCGCAGAGGACT-1,0
AATCGGGACACTACGA-1,1
AATCGTGAGCCGAGCA-1,1
AATCTAGGTTTACTTG-1,1
AATCTATGCCGGAGCC-1,1
AATCTCTACTGTGGTT-1,1
AATCTGCGTTGGGACG-1,1
AATCTGGCTTTCTAGT-1,1
AATGACAGCAATGTCT-1,1
AATGACGTAGGATGTC-1,0
AATGACTGTCAGCCGG-1,1
AATGATGATACGCTAT-1,1
AATGATGCGACTCCTG-1,1
AATGCAACCGGGTACC-1,1
AATGCACCAAGCAATG-1,1
AATGGTCCACCGTTCA-1,1
AATGGTTCTCACAAGC-1,0
AATGTGCCCGAGGTGT-1,1
AATTAAAGGTCGGCGT-1,0
AATTAGCGCTGCAGCG-1,1
AATTCATAAGGGATCT-1,0
AATTCCAAGCATGTAC-1,0
AATTCGATTCGAGGAT-1,1
AATTCTAGAGTTAGGC-1,0
AATTGAACGCTCTGGT-1,1
AATTTGGGACATAGTA-1,0
AATTTGGTTCCAAAGA-1,0
ACAAATCGCACCGAAT-1,0
ACAAATGGTAGTGTTT-1,1
ACAACAGCATGAGCTA-1,1
ACAACGGTCCCTGCGA-1,1
ACAAGCAGTGCCTAGC-1,1
ACAAGGAAATCCGCCC-1,1
ACAAGGACAAGAGGTT-1,1
ACAAGGATGCTTTAGG-1,1
ACAAGGGCAGGCTCTG-1,0
ACAATAGTCGTACGTT-1,1
ACAATCCATTTAAACC-1,0
ACAATGAATACGGAGA-1,1
ACAATTGTGTCTCTTT-1,1
ACAATTTGAGCAGTGG-1,1
ACACAAAGACGGGTGG-1,1
ACACACCAGGACCAGT-1,1
ACACACTTTCTACACG-1,0
ACACCCAGCATGCAGC-1,1
ACACCCGAGAAATCCG-1,0
ACACCTTAAGTAGGGC-1,1
ACACCTTACTACTTGC-1,1
ACACGAGACTCCTTCT-1,1
ACACGGGAACTTAGGG-1,1
ACACTGATCAAGGTGT-1,1
ACAGAACTGAGAACAA-1,1
ACAGATTAGGTTAGTG-1,1
ACAGCATAGAGCCAGT-1,1
ACAGCGACATTCTCAT-1,1
ACAGCGCACCCGCAGC-1,1
ACAGGTGGAGGTGAGG-1,1
ACAGTAATACAACTTG-1,1
ACATAATAAGGCGGTG-1,0
ACATCAGCTGGGACGC-1,1
ACATCCCGGCCATACG-1,1
ACATCCTGGTAACTGT-1,1
ACATCGATCGTTTACC-1,1
ACATCGGTCAGCCGCG-1,1
ACATCGTATGCAATGG-1,1
ACATCGTTAACCTAGT-1,1
ACATGGCGCCAAAGTA-1,0
ACATTAGTTTATATCC-1,1
ACCAACGCTTATTTAT-1,1
ACCAAGAACGCGTGTC-1,1
ACCAATATGCAAGTTA-1,1
ACCACAAGTTTCTATC-1,0
ACCACCAATGTAACAA-1,1
ACCACGTGCAGCTATA-1,1
ACCAGTGCGGGAGACG-1,1
ACCATATCCGCAATAA-1,1
ACCATCCGCCAACTAG-1,1
ACCATCGTATATGGTA-1,0
ACCCAACGCCCGTGGC-1,0
ACCCACCTACATGCTC-1,1
ACCCATTTGTCCCTCT-1,1
ACCCGAGCGAAATTAC-1,1
ACCCGGAAACTCCCAG-1,0
ACCCGGATGACGCATC-1,0
ACCCGGTTACACTTCC-1,0
ACCCGTGTCATCAGTA-1,1
ACCCTCCCTTGCTATT-1,1
ACCCTTCATCTGCGAA-1,0
ACCGAAAGGGCCCTGC-1,1
ACCGACTGAGTCCCAC-1,1
ACCGATGGTAGCATCG-1,0
ACCGCGGTGGAAGTCG-1,0
ACCGGGCCTTTGTTGA-1,1
ACCTAAGTACCTTTCA-1,1
ACCTAATCGACTTCCT-1,0
ACCTACAGTATGTGGT-1,0
ACCTACTATAAATCTA-1,1
ACCTCCGTTATTCACC-1,1
ACCTGCGTGTCATGTT-1,1
ACGAAATGGGCGGCAC-1,1
ACGACTGGTCATACTC-1,1
ACGAGATATTTGCTTA-1,1
ACGAGGATACCACTCT-1,1
ACGAGTACGGATGCCC-1,1
ACGATACATAGAACTA-1,0
ACGATCATACATAGAG-1,1
ACGATCATCTTGTAAA-1,1
ACGATGCATATGTTAT-1,0
ACGATGGATCCGATGC-1,1
ACGCAATCACTACAGC-1,0
ACGCATACGTTTACTA-1,1
ACGCATTCGTGAGTAC-1,0
ACGCCAGATGATTTCT-1,0
ACGCCGCTAGACGACC-1,0
ACGCGAAGTCAGACGA-1,1
ACGCGCTACACAGGGT-1,0
ACGCGGGCCAAGGACA-1,0
ACGCTAGTGATACACT-1,1
ACGCTGTGAGGCGTAG-1,1
ACGGAATTTAGCAAAT-1,0
ACGGACTCTCAAAGCG-1,0
ACGGATGGTGCGGATA-1,1
ACGGCACTTGCTTGGG-1,1
ACGGCCAACATGGACT-1,1
ACGGCGACGATGGGAA-1,1
ACGGGAGTGTCGGCCC-1,1
ACGTACAGATTTCTCT-1,0
ACGTAGATTGCTGATG-1,1
ACGTATTACTCCGATC-1,1
ACGTGCGCCTCGTGCA-1,0
ACGTTAATGTCGAAGA-1,0
ACGTTAGATTTGCCCG-1,0
ACGTTCCGCGCTCCGT-1,1
ACGTTCGCAATCAATT-1,1
ACGTTCGTTCAGGAAA-1,1
ACGTTTAGTTGTGATC-1,0
ACTACCAGCTCTCTGG-1,1
ACTACGCGTTAGAATT-1,1
ACTAGTTGCGATCGTC-1,1
ACTATTCGTCCGTGGT-1,0
ACTATTTCCGGGCCCA-1,1
ACTCAAGTGCAAGGCT-1,1
ACTCAATAAAGGCACG-1,1
ACTCAGACCTGCTTCT-1,1
ACTCCAATATCATCAT-1,1
ACTCCCATTCCTAAAG-1,1
ACTCCCGAATTCGTTT-1,0
ACTCCCTAATGCTAAA-1,0
ACTCCCTAGAATAGTA-1,0
ACTCGTAACCCGTCCT-1,1
ACTCGTCAGTAATCCC-1,1
ACTCTCTGACTTAGGT-1,0
ACTCTTGTATAGTAAC-1,1
ACTGAAACGCCGTTAG-1,1
ACTGAATGGCGAAAGT-1,1
ACTGCCGTCGTAACTC-1,0
ACTGTACGATACACAT-1,1
ACTGTAGCACTTTGGA-1,1
ACTGTATACGCGAGCA-1,1
ACTGTCCAGGATTATA-1,0
ACTGTCTTCTTTAGAA-1,0
ACTGTGCTAGTAGATC-1,0
ACTTAGTACGACAAGA-1,0
ACTTATACTTACCCGG-1,1
ACTTATTAGGATCGGT-1,1
ACTTATTTATGTGCCA-1,1
ACTTCCATGCGGGACA-1,1
ACTTCGCCATACGCAC-1,1
ACTTGACTCCCTCTTT-1,0
ACTTGGGACCCGGTGG-1,0
ACTTGTAGTCCCTTCA-1,1
ACTTGTGGATGGAACG-1,1
ACTTTACCCTCATGAA-1,1
ACTTTCCTATAGCTTC-1,1
ACTTTGACTGCATCCT-1,1
AGAACGTGGTACATTC-1,1
AGAAGAGCGCCGTTCC-1,1
AGAAGGTACACTTCAC-1,1
AGAAGGTTGCCGAATT-1,0
AGAAGGTTGTAGGTCG-1,0
AGAAGTGATTCGTGAT-1,1
AGAATAAATCTTCAGG-1,1
AGAATTATGGATTCGA-1,1
AGAATTGTTTGACATA-1,0
AGACCATGGGATACAA-1,1
AGACCCACCGCTGATC-1,0
AGACCCGCCCTCCTCG-1,1
AGACCGGGAAACCCTG-1,1
AGACGAAGTGCCGGTC-1,1
AGACGACGATGCCGCT-1,1
AGACTAGCCTTCCAGA-1,1
AGACTGTTACCGGGTC-1,1
AGAGAACCGTCTAGGA-1,1
AGAGAAGGAGTACAAT-1,1
AGAGATCTCTAAAGCG-1,1
AGAGCAGTTATGAGAC-1,1
AGAGCGGGCTAATCAT-1,0
AGAGCGTACAAGCTCG-1,1
AGAGGCTTCGGAAACC-1,0
AGAGTAAACTTCACTA-1,1
AGATAACTTCAGGGCC-1,0
AGATACGACTTCATAT-1,1
AGATACTCAAGATCGA-1,1
AGATATAATACGACTA-1,0
AGATCGTGCATAAGAT-1,1
AGATCTCAGGTGTGAT-1,1
AGATGACTCGCCCACG-1,0
AGATGATGGAGTCTGG-1,1
AGATGCAAGACGTGCA-1,1
AGATTATAGGACGTTT-1,1
AGATTCACAACCGATA-1,1
AGCAAAGGCCGCTAGT-1,0
AGCAACATATCTTATT-1,1
AGCAACCGAAAGTAAT-1,1
AGCACCAGTACTCACG-1,1
AGCACTACCGGCCTGT-1,1
AGCACTACCTCACCAG-1,1
AGCACTTAAGGACGCC-1,1
AGCAGAAGGAGAAAGA-1,0
AGCATATCAATATGCT-1,1
AGCATCATTTCGAAAG-1,1
AGCATCGTCGATAATT-1,1
AGCCAAGCTTTGTGTC-1,1
AGCCACAGGTTACCCG-1,1
AGCCACTCCCGTGCTT-1,0
AGCCCATACATGTAAG-1,1
AGCCCGCAACAAGCAG-1,1
AGCCCGGTAGCCTGTA-1,1
AGCCCTAAGCGAAGTT-1,0
AGCCCTTCTAATCCGA-1,1
AGCCGTGGCTAAATGT-1,1
AGCCTAATACCCACGT-1,1
AGCGACAGGAACGGTC-1,1
AGCGACATCCCATTCA-1,1
AGCGACCAACGATATT-1,1
AGCGCGGGTGCCAATG-1,1
AGCGGACACTTCGTAG-1,1
AGCGGCGGTTAGCGGT-1,1
AGCGGGAAGGGTCCAT-1,1
AGCGGGTCTGACACTC-1,0
AGCGTGGTATTCTACT-1,0
AGCTAACAAGCAATGT-1,1
AGCTAAGTACGCAGGC-1,1
AGCTAGAAGCAGAAGT-1,1
AGCTATTTAATCCAAC-1,0
AGCTCTAGACGTTCCA-1,1
AGCTCTTCCCAGTGCA-1,0
AGCTCTTTACTCAGTT-1,0
AGCTGAAGTAAACCAA-1,0
AGCTGTAACCTCAATC-1,1
AGCTTGATCTTAACTT-1,1
AGGAAGCTGTCCGCCG-1,1
AGGACAGTCGAATCCC-1,1
AGGACATCGCACGTCG-1,0
AGGACGACCCATTAGA-1,0
AGGACGCTCGATGTTG-1,1
AGGAGGCCTTCGCGCG-1,1
AGGATAAAGTCGGGAT-1,1
AGGATATAGGGATTTA-1,1
AGGATCACGCGATCTG-1,1
AGGCAGATGCGTAAAC-1,1
AGGCAGGGAGCGTACT-1,1
AGGCATTGTCGTAGGG-1,1
AGGCCACCCGTTATGA-1,1
AGGCCCATTGTACAGG-1,1
AGGCCCTAGAACGCCA-1,1
AGGCCTGAGAATCTCG-1,1
AGGCTATGGTTAGCTT-1,1
AGGCTTCCCGAAGAAG-1,1
AGGGAAACGAGGTACT-1,0
AGGGACCGGCTGCGTT-1,1
AGGGAGACATACTTCG-1,1
AGGGCAGCGGCGTGGT-1,1
AGGGCGAGCAGCTGAT-1,1
AGGGCGTGATCGGCTA-1,0
AGGGCTGCAGTTACAG-1,0
AGGGTCAGAGCACTCG-1,1
AGGGTGCCGTTCTTTA-1,0
AGGGTGCTCTCGAGGG-1,0
AGGGTGGATAGTGCAT-1,1
AGGGTTCAGACGGTCC-1,1
AGGGTTCCCTTTGGTT-1,1
AGGGTTTAGTTCGGGA-1,0
AGGTAACCTCCTATTC-1,0
AGGTACGATATTGCCA-1,0
AGGTAGATCGAGATAT-1,1
AGGTAGGTACAAAGCT-1,0
AGGTATAATTGATAGT-1,1
AGGTCGCGGAGTTACT-1,1
AGGTGGTGACCTTCGC-1,1
AGGTGTATCGCCATGA-1,0
AGGTTGAGGCACGCTT-1,1
AGGTTTCACACACCTT-1,0
AGTAATGTCTTGCCGC-1,1
AGTACATCATTTATCA-1,1
AGTACGGCCCGTATCG-1,1
AGTACGGGCACCTGGC-1,0
AGTACTCTTATGCCCA-1,1
AGTAGGAAGGAAGTTG-1,1
AGTATAATACTAGGCA-1,1
AGTATGCTGGAGACCA-1,1
AGTATTTGGCACGACC-1,1
AGTCAACACCACCATC-1,0
AGTCAAGATGACACTT-1,1
AGTCACTAGCTCTCGA-1,1
AGTCAGCCACCGCCTG-1,0
AGTCCATTGGCTGATG-1,1
AGTCCCGCCTTTAATT-1,0
AGTCGACGGTCTCAAG-1,1
AGTCGGCCCAAACGAC-1,1
AGTCGGCTCAACTTTA-1,1
AGTCGGTTGCGTGAGA-1,0
AGTCGTATAAAGCAGA-1,1
AGTCGTCGACCACCAA-1,1
AGTCGTGGGCATTACG-1,1
AGTCTAAAGTATACTC-1,1
AGTCTCACAAGACTAC-1,1
AGTCTTCTCCTCAAAT-1,1
AGTCTTTAAAGTGTCC-1,1
AGTGAACAAACTTCTC-1,1
AGTGACCTACTTTACG-1,1
AGTGAGACTTCCAGTA-1,1
AGTGAGCCTCGCCGCC-1,1
AGTGATAACCTGCGCG-1,1
AGTGATATGAGTAGTT-1,1
AGTGATTCAAGCAGGA-1,0
AGTGCACGCTTAAGAA-1,1
AGTGCGTAGCTCGTAA-1,1
AGTGCTAAACACAGCA-1,1
AGTGCTTGCACGAATA-1,0
AGTGGCGGCAATTTGA-1,0
AGTGGCGTCTGAAGGT-1,1
AGTGGCTCCGTCGGCC-1,1
AGTGGTGTTACCCGTG-1,1
AGTGGTTGCGTATAGG-1,1
AGTGTATTGCGCATTG-1,1
AGTGTGGTCTATTGTG-1,1
AGTTAAACACTTGCGA-1,0
AGTTAAGCGGTCCCGG-1,1
AGTTAAGTCAACCGCT-1,1
AGTTACTCTATCGTGG-1,0
AGTTCCTACAGAATTA-1,0
AGTTCCTATTTATGTT-1,0
AGTTGACGGTCCTTGC-1,0
AGTTTCGCAGGTCGGA-1,1
AGTTTGCACCTGCCTC-1,0
AGTTTGGCACGGGTTG-1,1
AGTTTGGCCAGACCTA-1,1
ATAAACGGACCCGTAA-1,0
ATAAATATTAGCAGCT-1,0
ATAACGCCGGAGGGTC-1,1
ATAACGGAGTCCAACG-1,1
ATAAGGTGGAGAACAT-1,1
ATAAGTAGGATTCAGA-1,1
ATAAGTTACCGCGACG-1,0
ATAATAGCTGTTGAAT-1,0
ATAATAGTGTAGGGAC-1,1
ATAATCTTGGAGAACC-1,0
ATAATTAGCTAAGTAG-1,0
ATACAGGCCCTCCAAT-1,0
ATACCACGGGCAACTT-1,1
ATACCAGGCTAATAGA-1,1
ATACGCCGGCGAAACC-1,1
ATACGGAACGTCGTTT-1,1
ATACGGGTTTCGATTG-1,0
ATACGGTGAAGATGCA-1,0
ATACGTACTTAGCCAC-1,1
ATACGTCCACTCCTGT-1,1
ATACTAGCATGACCCT-1,0
ATACTGCCTTACACCG-1,1
ATACTTGTTCTCGAGC-1,0
ATAGACAACGGGACCT-1,1
ATAGACGAAGAGAAAG-1,0
ATAGAGTACTGGGACA-1,1
ATAGAGTTATCAACTT-1,1
ATAGGCGGCTATAGAA-1,0
ATAGGCTAGCTTCGCA-1,1
ATAGGGATATCCTTGA-1,0
ATAGGTTGGGCAGATG-1,0
ATAGTGAAGCGTTCTC-1,0
ATAGTTCCACCCACTC-1,0
ATATAAAGCGCTCGTG-1,0
ATATAAATGTAGCTGC-1,1
ATATCGGTAGGGAGAT-1,0
ATATCGTTCCTCGAAC-1,1
ATATCTCCCTCGTTAA-1,0
ATATCTTAGGGCCTTC-1,0
ATATGTCTCCCTAGCC-1,0
ATATTCAGTTAAACCT-1,0
ATATTCCCACAGGTCA-1,1
ATATTGCTGTCAAAGT-1,0
ATATTTAACCCTCAAG-1,0
ATCAAACACTGTTCCA-1,1
ATCAAACGAAGGTTTG-1,1
ATCAATCTGGGCTGCA-1,1
ATCACGTGCTAATTAA-1,0
ATCACTTCATCCTCGC-1,1
ATCAGACGGCACGCCG-1,0
ATCAGCCTCATGCTGC-1,1
ATCAGCTCGTCCACTA-1,1
ATCAGTAGGCAGGGAT-1,0
ATCCAACGCAGTCATA-1,1
ATCCAATGGAGGGTCC-1,1
ATCCAATGGTACCGAA-1,1
ATCCACATCGACAGAA-1,0
ATCCAGAGCAACAACC-1,1
ATCCAGGATTCGTGAA-1,0
ATCCTACCTAAGCTCT-1,0
ATCCTGAATCGCTGCG-1,1
ATCCTGCGTGGAATGG-1,0
ATCGACCCAATACAGA-1,0
ATCGACTCTTTCCGTT-1,1
ATCGCACGCCGGGAGA-1,1
ATCGCCAGTCAACATT-1,0
ATCGGCAAGCAGTCCA-1,1
ATCGGTTACCTAGTAA-1,1
ATCGTTAGCTAGCGGA-1,1
ATCTAATATCCTACGG-1,1
ATCTAGCTTGTGAGGG-1,1
ATCTCCCTGCAATCTA-1,1
ATCTGACATGGAAGGA-1,1
ATCTGCACCTCTGCGA-1,1
ATCTGCTGTTATCGCC-1,0
ATCTGGTTAAGACTGT-1,1
ATCTGTAATTGTACCC-1,0
ATCTTGACCTGCAACG-1,1
ATCTTGACTTGTCCAA-1,0
ATGAAGCCAAGGAGCC-1,1
ATGACGCCGGCTCTAA-1,1
ATGACGCGTTCTATCC-1,1
ATGACTATCAGCTGTG-1,1
ATGACTATGCGACATT-1,1
ATGAGGAGTGTTAATC-1,1
ATGATCGGGAATAGAC-1,1
ATGATGCAATGGTACA-1,1
ATGCACTACCGCATTG-1,1
ATGCATGATCCAGGAT-1,1
ATGCCATTTGCGACCA-1,1
ATGCCGGTCTTGCATA-1,1
ATGCCGGTTGATGGGA-1,1
ATGCGACAGTCCCATT-1,0
ATGCGAGTCCCACCAC-1,0
ATGCTCAGTGTTGCAT-1,1
ATGCTCTGGCGCGGTA-1,0
ATGGAGCAGGCCGTGA-1,1
ATGGATCCGGCGTCCG-1,1
ATGGATTGACCAAACG-1,1
ATGGCAGCCGAGAAAC-1,0
ATGGGACCTGCTGAAC-1,1
ATGGGCCTCGGCCTCT-1,1
ATGGTCGCGTGGTTTC-1,1
ATGTAAGGCTGCTCTT-1,1
ATGTACGATGACGTCG-1,1
ATGTAGCGCGCGTAGG-1,1
ATGTGCATCCGACGCA-1,1
ATGTGGACATCTTGAT-1,0
ATGTTACGAGCAATAC-1,1
ATGTTCGTCGACCCAC-1,0
ATGTTGTAGTCTGTTT-1,1
ATTAAACATGCGGACC-1,0
ATTAATACTACGCGGG-1,0
ATTAATGAACCAGTCG-1,1
ATTAATTCGGTCACTC-1,0
ATTACAACTACCGGCC-1,0
ATTACATGTCAGTCTT-1,1
ATTACGCGCTGGCAGG-1,0
ATTACTAGCCTCTTGC-1,1
ATTACTTACTGGGCAT-1,1
ATTAGATTCCTCAGCA-1,1
ATTAGATTGATAGCGG-1,1
ATTAGGCGATGCTTTC-1,1
ATTATACTTTGCTCGT-1,0
ATTATCGGAATGTACG-1,1
ATTATCTCGACAGATC-1,1
ATTATGCCATAGGGAG-1,1
ATTCAACCATTTAAGG-1,1
ATTCACTGATGTTGGA-1,1
ATTCAGGACCTATTTC-1,1
ATTCAGTAGCAGGGTC-1,1
ATTCATATACTGTCCA-1,0
ATTCATCGTTGAGGCA-1,1
ATTCCCACATAAACAA-1,1
ATTCCTCCGCCAGTGC-1,0
ATTCGACGCCGGGCCT-1,1
ATTCGTGCTATCTCTT-1,0
ATTGAAGATCTTAGTG-1,0
ATTGACGTAACTCGGT-1,1
ATTGATGAGTCCTAAC-1,1
ATTGCCTTTATGTTTG-1,1
ATTGCTGCTCCTCCAT-1,0
ATTGGATTACAGCGTA-1,1
ATTGTACAACTCGGCT-1,1
ATTGTCGCAATACCTT-1,1
ATTTACAGTTTACTGG-1,0
ATTTACTAAGTCCATT-1,1
ATTTCATTATTTCGCG-1,0
ATTTCCGGGTTCTGCG-1,1
ATTTGCGCGAGTAGCT-1,1
ATTTGTCTTGGGAGCT-1,1
ATTTGTTCCAGGGCTC-1,0
CAAACGAGTATCGCAG-1,0
CAAACGGTCGCACTTT-1,1
CAAACTACGATAGAGA-1,0
CAAACTATTGAGCTTC-1,1
CAAACTCGCGACGCCG-1,0
CAAAGATTATTGGGCC-1,1
CAAATCTCTCACAAGG-1,1
CAAATTGTCAGCAAGC-1,0
CAACGACCCGTTTACA-1,1
CAACGGTTCTTGATAC-1,0
CAACTATATCGAATGC-1,1
CAACTCCTTGATCCCG-1,1
CAACTGCTCATCCGAT-1,1
CAACTTGTAGTGGGCA-1,1
CAAGAGGGCGGAGTAC-1,0
CAAGATATTATAACGT-1,1
CAAGCAACGTCGGAGT-1,0
CAAGCACCAAATGCCT-1,0
CAAGCGGCACATAATT-1,0
CAAGGATCGCATGTTC-1,1
CAAGGTCCTATAGGCT-1,1
CAAGTAAGTGATAGAC-1,0
CAAGTGTGGTTGCAAA-1,0
CAATAAACCTTGGCCC-1,1
CAATACGCTCTGAGGC-1,1
CAATATTCTTGACCTA-1,1
CAATCCCTATACCAGC-1,0
CAATGCGAGAAGTATC-1,1
CAATGGATCTCTACCA-1,0
CAATGTGCCAACCCTT-1,0
CAATTAAGGGTGATGA-1,1
CAATTTCGTATAAGGG-1,1
CACAATGAGCTGCTAT-1,1
CACACACGCTAACGAG-1,1
CACACAGGGATAGATT-1,1
CACAGCACCCACGGCA-1,0
CACAGCTAGGGAGTGA-1,1
CACAGGGCCATATAGT-1,1
CACAGGGCCGTTGTCA-1,1
CACATATTAGCAGGAT-1,0
CACATGATTCAGCAAC-1,1
CACATTCTTTCGATGG-1,0
CACATTTCTTGTCAGA-1,0
CACCACGCCACACAGA-1,1
CACCAGTCAGCATGCA-1,1
CACCATCGGAGGAGAC-1,1
CACCCACACGTCACCC-1,0
CACCCACGAGGCAATT-1,0
CACCCGGTTTGTGACT-1,1
CACCCTAACAAGATCT-1,1
CACCCTTGGTGAGACC-1,1
CACCGATACACCGAGC-1,1
CACCGCCAGAAGGTTT-1,1
CACCGCCGACCAGCGA-1,0
CACCGTATCCCATCCG-1,1
CACCGTTAGGGATCAC-1,1
CACCGTTGCGCGATAT-1,1
CACCTAATAGAGTCGT-1,1
CACCTAATCAGTTTAC-1,1
CACCTCGATGGTGGAC-1,0
CACCTTGCGAAACTCG-1,0
CACCTTGGCGCCTTTG-1,0
CACGAAAGTTAGTCCC-1,0
CACGCACAGCGCAGCT-1,0
CACGCAGCGAGGCTTT-1,1
CACGCGGAACTGTTGC-1,1
CACGGGATTGAGGGTT-1,0
CACGTCGGCAACCTCT-1,1
CACGTTCGTGCTCTAG-1,1
CACGTTTCGTACACAC-1,1
CACTCAAGAGCTATGG-1,1
CACTCAGCTCTTGAGG-1,0
CACTCCTATGTAAGAT-1,1
CACTCCTCTCGGTCGG-1,1
CACTCGAGCTGAACAA-1,1
CACTCGGTTAGGAGGA-1,0
CACTCTTCTGCTAGCC-1,1
CACTGACGATTGTGGA-1,1
CACTGTCCAAGTGAGA-1,1
CACTTAATCAGACGGA-1,1
CACTTCGCCACAGGCT-1,0
CAGACACCGATCGCTG-1,1
CAGACCTGTAAGTGTT-1,1
CAGACGAACCTGATAC-1,1
CAGAGACGGTCACCCA-1,1
CAGAGCATGAGCTTGC-1,1
CAGAGGCGATGCATGA-1,0
CAGAGTGATTTAACGT-1,1
CAGATACTAACATAGT-1,1
CAGATCATTTAAAGTC-1,1
CAGATCCTGGTTTGAA-1,1
CAGCAGCCCGTTCCTT-1,1
CAGCAGTCCAGACTAT-1,0
CAGCAGTCTGTGCTGC-1,0
CAGCCGGGCCCTCTAT-1,0
CAGCCTCCTGCAGAGG-1,0
CAGCCTCTCCTCAAGA-1,1
CAGCGATTCCCTTCAA-1,1
CAGCTCACTGAGACAT-1,0
CAGCTCGACAAGTTAA-1,0
CAGCTCGTGCTTGTGT-1,0
CAGCTGGCGTAACCGT-1,1
CAGCTTAGTAGGTAGC-1,1
CAGGAAGACTTTATAT-1,1
CAGGATATATCGTTGT-1,0
CAGGCAGTCTTACCAG-1,1
CAGGCCGTTTGGGTGT-1,0
CAGGCGCACGGTGGTC-1,1
CAGGCGCCATGCTAGG-1,1
CAGTAACTATTTATTG-1,1
CAGTAATCCCTCCCAG-1,1
CAGTACATTCTCTAAA-1,1
CAGTACCAGTTTACGT-1,1
CAGTAGCCCACGCGGT-1,1
CAGTCGAGGATGCAAT-1,0
CAGTCTGTATACTGGG-1,0
CAGTGAATAAATGACT-1,0
CAGTGTCCGCAGAATG-1,1
CAGTGTCGGCTGGCCC-1,1
CAGTTCAAATTGACAC-1,0
CAGTTCCGCGGGTCGA-1,1
CATAACGGACAGTCGT-1,1
CATAAGAAGCTTGGCT-1,1
CATAAGCTCTCCGTCT-1,1
CATACAAAGCCGAACC-1,0
CATACACGGTTCCCAC-1,1
CATACCCGTACCCAGT-1,0
CATACGAACTAGCTGG-1,0
CATACGGCGTCTGGGC-1,0
CATACTATGTAATTGT-1,0
CATACTTAGGCAATAC-1,0
CATACTTCTTTCTCCG-1,1
CATAGCCGCCCGGGAT-1,1
CATAGCGTTGCCCACC-1,1
CATAGTACATTGAGAG-1,1
CATAGTAGCATAGTAG-1,1
CATAGTCCACAAGAAC-1,0
CATATACTACTGATAA-1,1
CATATAGGTACAGTCA-1,1
CATATGTCAGGCTACG-1,1
CATATTATTTGCCCTA-1,1
CATCATCTACCCGGAC-1,1
CATCATTACCCTGAGG-1,1
CATCCTCTCAAAGATC-1,1
CATCGGACGGGTTAAT-1,0
CATCTATCCCGTGTCT-1,1
CATCTTACACCACCTC-1,0
CATGAACCGACATTTG-1,0
CATGACTTCGCTGAAT-1,1
CATGAGATGCACTCTC-1,1
CATGATGCACAATTCT-1,1
CATGATGGAAGTTAGC-1,1
CATGCCAACTCGCAAA-1,1
CATGCGACCAGTTTAA-1,1
CATGCGTTAGACAGAA-1,0
CATGCTGGCTCCAATT-1,1
CATGGATTGTCTTCCG-1,1
CATGGCAGGAAGATCG-1,1
CATGGGTATGCCTTAT-1,1
CATGGGTCGGGTGTGG-1,0
CATGGTAAGTAGCGTT-1,0
CATGGTCTAGATACCG-1,1
CATGTAAGAGACATTT-1,1
CATGTCTCATTTATGG-1,1
CATTACGTCGGCCCGT-1,0
CATTATGCTTGTTGTG-1,1
CATTGCGAAATGGGCG-1,1
CATTTAGCGGACCATG-1,0
CATTTCTAGCAGACTA-1,1
CATTTGAGTGGTACGT-1,0
CCAAACAGAACCCTCG-1,1
CCAACCTTATGTAACT-1,1
CCAACGATGCACTGAT-1,0
CCAAGAAAGTGGGCGA-1,1
CCAAGACTTCTGCGAA-1,0
CCAAGCGTAACTCGTA-1,1
CCAAGGAACAGAGAGG-1,1
CCAATAGTGCCGTCGA-1,0
CCAATCGGTAGATCGA-1,1
CCAATGTCACAGCAAG-1,0
CCAATTACGGGTCGAG-1,0
CCAATTGAATGTTAAT-1,1
CCACAATGTACGTCTT-1,0
CCACACTGAGATATTA-1,0
CCACAGTACCCATCCT-1,1
CCACCAACTTTACTGT-1,0
CCACCCAAGGAAAGTG-1,1
CCACGGAGCCATAAGA-1,1
CCACGGTGCCCGGTAG-1,0
CCACTGGTGGCTGGTT-1,1
CCAGAAAGCAACTCAT-1,0
CCAGATAGTTGAGTGA-1,0
CCAGCCTGGACCAATA-1,1
CCAGCTCGAACGCATT-1,0
CCAGCTGATGGTACTT-1,0
CCAGCTTCCGCCCGCA-1,1
CCAGGGACGTGGCCTC-1,0
CCAGTAGTCTGATCCA-1,0
CCAGTCAAATCTCTTA-1,1
CCAGTCTAGACGGCGC-1,0
CCATAAACAACCCGAC-1,0
CCATACCTTTACTTGT-1,1
CCATAGGTTGGCGTGG-1,1
CCATATGGAAACTATA-1,1
CCATCCATACCAAGTC-1,1
CCATCGCAGTTAAACT-1,1
CCATCTCACCAGTGAA-1,0
CCATGCCCTAGATTTC-1,1
CCATGCCTGTTTAGTA-1,1
CCATGCTCTGCAGGAA-1,1
CCATGGCCCTTGTACC-1,0
CCATTAGCGATAATCC-1,0
CCATTCCCTGCCCACA-1,0
CCATTTCTACCTATTA-1,1
CCCAAACATGCTGCTC-1,0
CCCAACATACGTCGCG-1,1
CCCAACCACACTAACA-1,1
CCCAATGAGATTTGCA-1,1
CCCAATTTCACAACTT-1,0
CCCAGAGGAGGGCGTA-1,1
CCCAGTAAACTTGGGA-1,1
CCCAGTTAAGGCGCCG-1,0
CCCGAAGTTTCGCGAA-1,1
CCCGACCATAGTCCGC-1,1
CCCGAGTTTCTCCGTA-1,1
CCCGCAGCGCGAACTA-1,0
CCCGCAGGGCCCAAAG-1,0
CCCGCCATGCTCCCGT-1,0
CCCGCGCAATGCACCC-1,1
CCCGGTGTATCGGAAT-1,1
CCCGTAAGTCTAGGCC-1,1
CCCGTCAGCGTCTGAC-1,1
CCCGTTTCGCAGATGT-1,1
CCCTATGTAGAGCAGA-1,1
CCCTCATTCTGGAATT-1,0
CCCTCCTCGCTCGTAT-1,1
CCCTGAAATGAGTTGA-1,0
CCCTGACTAACAAATT-1,1
CCCTGCCCAATCCGCT-1,1
CCCTGCGCTACGCATA-1,1
CCCTTTGACAGGTCTT-1,1
CCGAAAGTGGTGAGCA-1,0
CCGAACCTTCCCGGCC-1,1
CCGAAGTATATTGTTC-1,1
CCGACAAAGGGAGTGC-1,1
CCGACGGGCATGAGGT-1,1
CCGAGAAGTCGCATAA-1,0
CCGATCTCAACCTTAT-1,1
CCGATTCGAGGGACCC-1,1
CCGCACAAAGACCAAC-1,1
CCGCACGTGACCTCGG-1,1
CCGCATGTGGTACGAT-1,1
CCGCCGGTCAACACAC-1,1
CCGCCTGCGAATTGGT-1,1
CCGCGATTTGGTAGGT-1,1
CCGCGGAATGCGTCAC-1,1
CCGCGGGTACGAAGAA-1,1
CCGCGTAGGTAAGGGC-1,1
CCGCTATCAGCACCAG-1,0
CCGCTTACCTCACTCT-1,1
CCGGAATGGTTTCAGT-1,1
CCGGAGCGTACTTTCT-1,1
CCGGCACGACCGTTTC-1,0
CCGGCGCATATTGGAT-1,1
CCGGCGTGAGACTCTG-1,1
CCGGGCGGTCTCGTCA-1,1
CCGGGCTGCTCCATAC-1,1
CCGGGTTCGAGGTTAC-1,0
CCGGTAATGGCTAGTC-1,0
CCGTAAGTTGGTCCCA-1,1
CCGTACCCAAGCGCCA-1,1
CCGTAGGAAATCCCTG-1,1
CCGTATCTCGTCGTAG-1,1
CCGTGCCCATGACGGC-1,1
CCGTGGAACGATCCAA-1,1
CCGTGTTAAATTCCAT-1,1
CCGTTACGTTAGAACA-1,0
CCGTTCCGAATCTCGG-1,1
CCTAAAGGCTGACGCT-1,1
CCTAAATTAACGGTTC-1,0
CCTAACCCAAACAAGT-1,1
CCTAACTAAGGCTCTA-1,1
CCTACATTCACAGACG-1,1
CCTACGGCTCAGTCGA-1,1
CCTACTGCTTACACTT-1,1
CCTAGGCGTAGCGATC-1,1
CCTAGGTAAAGGTAGC-1,1
CCTAGTTAGTCGCATG-1,0
CCTATATTTGTCCTGG-1,1
CCTATGAAGTGGTGCC-1,0
CCTATGGCTCCTAGTG-1,1
CCTATGGGTTACCGTC-1,1
CCTATGGTCAAAGCTG-1,1
CCTATGTCCACTCCAC-1,1
CCTCACCAATCTTGAC-1,0
CCTCACCTGAGGGAGC-1,1
CCTCACCTTAGCATCG-1,1
CCTCCCGACAATCCCT-1,1
CCTCCGACAATTCAAG-1,0
CCTCCTGAGCCCACAT-1,1
CCTCCTGTTGTGTCGT-1,1
CCTCGAAGTGGACGGG-1,0
CCTCGCCAGCAAATTA-1,0
CCTCGCGCGATATAGG-1,1
CCTCGGACCGGGATAG-1,1
CCTCGGATGCTACCTG-1,1
CCTCTAATCTGCCAAG-1,1
CCTCTATCGATTAGCA-1,1
CCTCTCTCCCATCTAG-1,0
CCTCTGGCCTAGACGG-1,0
CCTCTGTACTATTCTA-1,1
CCTGAACGATATATTC-1,1
CCTGAATATTTACATA-1,1
CCTGACCACCGATGGT-1,0
CCTGCCCGTTGTCTAG-1,1
CCTGCGTTCTACGCTT-1,1
CCTGCTATTTGAGAAG-1,1
CCTGGAAACGTTCTGC-1,0
CCTGGCTAGACCCGCC-1,1
CCTGTAAGACATGATA-1,0
CCTGTACTCACGCCCA-1,1
CCTGTCACCCGGGCTC-1,1
CCTGTCCCTCACGTTA-1,1
CCTGTCGCCCGTAAAT-1,1
CCTGTTTGAAGACACG-1,1
CCTTCGTATAGAATCC-1,1
CCTTCTTGATCCAGTG-1,1
CCTTTAAGGGAGCACT-1,1
CCTTTCAATGAAGAAA-1,1
CGAAACATAGATGGCA-1,0
CGAAACGCAATTCATG-1,0
CGAACAGTATGGGCGT-1,1
CGAACCCGCATGCGTC-1,1
CGAACGCCCAGTGCCG-1,0
CGAACGGCCGGACAAC-1,1
CGAAGCTATAAATTCA-1,1
CGAAGTTGCTCTGTGT-1,0
CGAATGACGCATAATG-1,1
CGACAATTTGATCTAA-1,1
CGACACGCTCCGACAG-1,1
CGACAGTTCGCGTTAT-1,0
CGACATGCGATCTTCT-1,1
CGACCCTTAACGCCGG-1,1
CGACGCATCCGTACCT-1,1
CGACTCAGGATGTTAT-1,0
CGACTTTGTATAGCCT-1,1
CGAGACCCTAGAGTGT-1,0
CGAGAGATGTGAACCT-1,1
CGAGAGCTTTCACTAC-1,1
CGAGAGGGTAGCCGCG-1,1
CGAGCACTTCAAGTTT-1,1
CGAGCGTTGATCAGCC-1,1
CGAGCTGGGCTTTAGG-1,0
CGAGGCTAAATATGGC-1,1
CGAGGGACTGCGGTCG-1,1
CGAGGGTATCCAGGTG-1,0
CGAGTACTAAAGAGGA-1,0
CGAGTGAAGGTACCAG-1,1
CGAGTGCTATAGTTCG-1,1
CGAGTTCTGTCCCACC-1,1
CGAGTTTATCGGACTG-1,1
CGATACCTCGCGGACA-1,0
CGATCCGACCCAGTGC-1,0
CGATCCTCGCAACATA-1,1
CGATCTGTTGGAGGAC-1,1
CGATGGACCCTACGCC-1,1
CGATTAAATATCTCCT-1,1
CGATTCGCCTGGCTGC-1,1
CGCAAACACGAGTTAC-1,1
CGCAATTACTTTCGGT-1,1
CGCAATTAGGGTAATA-1,1
CGCAATTCTACAATAA-1,1
CGCACATGTCCACTAC-1,1
CGCACGTGCGCTATCA-1,0
CGCAGAAACATTTGCG-1,1
CGCAGGCGATCCAAAC-1,0
CGCATGGTGCGATGCT-1,1
CGCATTAGCTAATAGG-1,1
CGCCAAGAAGCCGAGT-1,1
CGCCACAGGTCGCGAT-1,1
CGCCATCCGATTATGA-1,0
CGCCCAGCGTTTCACG-1,1
CGCCCGCTTCCGTACA-1,1
CGCCGCCCATGCCTGT-1,1
CGCCTCCCTCCTCTAT-1,0
CGCCTGGCCTACGTAA-1,1
CGCGACCGCGACAGAT-1,0
CGCGAGTCTGCCGGGT-1,1
CGCGCAAATGTCCAGA-1,1
CGCGCATGTTTGATTG-1,1
CGCGCCCGACTTAATA-1,1
CGCGGCTCAACTTGAA-1,1
CGCGGGAATTAGGCAG-1,1
CGCGTTCATGAAATAC-1,0
CGCTACGGGACATTTA-1,0
CGCTAGAGACCGCTGC-1,0
CGCTATACCGCCCACT-1,1
CGCTATTCAATGTATG-1,0
CGCTATTCTTAGGCTC-1,0
CGCTCGACATAATGAT-1,1
CGCTCTCCGTAGATTA-1,0
CGCTGGTGACTACCCT-1,1
CGCTGTGACGCCGCAC-1,1
CGCTGTGTGGATGTTG-1,1
CGCTTAGTATTGATAC-1,1
CGCTTATTCCCGGTCG-1,1
CGCTTCCACTGAAATC-1,0
CGCTTTCATACCGGTG-1,1
CGCTTTCTTGCATTCG-1,0
CGGAACGTAAACATAG-1,1
CGGAGCAATTTAATCG-1,1
CGGAGCATGGCGATCC-1,1
CGGAGCTTATAACACC-1,0
CGGAGTTTGAGAGACA-1,1
CGGATCCTCAAGGACT-1,1
CGGCAAACATCGTGCG-1,1
CGGCAGGGTCGGGTTG-1,1
CGGCCACGCACAAAGT-1,0
CGGCCAGAGCGACCAT-1,1
CGGCCCAACCTGTAGT-1,1
CGGCCCAGGTATATCC-1,1
CGGCGCCATCAATCCC-1,1
CGGCTCTAAAGCTGCA-1,1
CGGCTTTGTATGATAA-1,0
CGGGAATATAGTATAC-1,1
CGGGAATTTATGTAAA-1,0
CGGGAGCTTCAGTGTA-1,1
CGGGATCAATGTAAGA-1,1
CGGGCAGCTAAACCGC-1,0
CGGGCCTTCTTTGTAA-1,0
CGGGCGATGGATCACG-1,1
CGGGTGTACCCATTTA-1,0
CGGTACTAGAATCAAA-1,1
CGGTAGAGGTGCAGGT-1,0
CGGTCAAGTGGGAACC-1,1
CGGTCCGTCGCAAGCC-1,1
CGGTCTATCAACCCGT-1,1
CGGTGAAGACTAAAGT-1,1
CGGTGCAGATAGAACG-1,1
CGGTGCGCGTTGGTCC-1,1
CGGTGGGCTCCAGCCT-1,0
CGGTGTACTTGATCCC-1,0
CGGTTATCCAACAGTG-1,1
CGGTTCAAGTAGGTGT-1,0
CGGTTGACCTGGCATA-1,1
CGTAACTTCGACACTT-1,1
CGTACCTGATAGGCCT-1,1
CGTAGCGAATTGTCAG-1,0
CGTATTAAGAGATCTA-1,0
CGTCAAGGCTATAAAT-1,1
CGTCACGTCCATTGGT-1,0
CGTCGCATGTGAGCCA-1,1
CGTCGCTTGGTTATAC-1,1
CGTCGGATAGTGTTGA-1,0
CGTCGGGTCTAAGCGC-1,1
CGTCGTCCTTCGCGAA-1,1
CGTCTGGAAGGGCCCG-1,0
CGTGAAGTTAATTCAC-1,1
CGTGACATTGGGTCGT-1,1
CGTGACCAGTCCTCTG-1,1
CGTGCAGACTGGGACA-1,0
CGTGCATTGTCGACGC-1,0
CGTGCCCTCCCGAAGA-1,0
CGTGCTTCTACCTAAA-1,1
CGTGGCCGAATATCTA-1,1
CGTGGTACCCAAAGGC-1,0
CGTGTCCCATTCGCGA-1,1
CGTGTCTCGTTACGAC-1,1
CGTTAAACTAGTTAGG-1,0
CGTTAATGTCCCGACG-1,1
CGTTAGCTCACAACTG-1,0
CGTTCAGACCCGCGAA-1,0
CGTTCATGGTGCGCGT-1,1
CGTTGAATACCGCGCT-1,1
CGTTGAGCGACCGTCG-1,0
CGTTGTAAGATTGATT-1,1
CGTTGTCGGCAATTGA-1,0
CGTTGTTTCAATTCCC-1,0
CGTTTAAGCGGAGCAC-1,0
CGTTTCACTTCGGGCG-1,0
CGTTTCGCTCATTACA-1,1
CGTTTGTGTAGAGGGT-1,1
CTAAAGAATGCCTACT-1,1
CTAAAGGGAAATAGGA-1,0
CTAAATCCGGTGTACA-1,1
CTAAATCCTATTCCGG-1,1
CTAACCGCGCGCCCGT-1,1
CTAACGAAACTTGCTG-1,0
CTAACTGATAATCGCC-1,1
CTAACTGGTCCGGTTC-1,1
CTAAGGGAATGATTGG-1,0
CTAATTCGCACGCGCT-1,1
CTAATTCTCAGATATT-1,1
CTAATTTCAACAACAC-1,1
CTACACTCGCAGATGG-1,1
CTACCCTAAGGTCATA-1,1
CTACGACTAGCTATAA-1,1
CTACGCACGGAGTACC-1,0
CTACGCCATTTCCGAT-1,0
CTACTATCATAGGTTT-1,1
CTACTATCTTTCAGAG-1,1
CTACTCAAGGTATAGT-1,1
CTACTCTAGGCCCGGC-1,1
CTACTGCCACCTGACC-1,1
CTAGATGTGAGTGTAA-1,0
CTAGATTTACGACGGC-1,0
CTAGCATAGTATAATG-1,1
CTAGCCGATGTTATGA-1,1
CTAGGCGCCCTATCAG-1,1
CTAGGTCTGAAGGAAT-1,1
CTAGGTTCGGACGTGA-1,0
CTAGTAGAAAGGGATT-1,1
CTAGTATTCGGAATTA-1,1
CTAGTCACGTCTTAAG-1,1
CTAGTGAAGGACAGGA-1,0
CTAGTTACAACCCGGT-1,1
CTAGTTGGGCCCGGTA-1,1
CTATAAGAGCCAATCG-1,1
CTATCGACGAAATACA-1,1
CTATCGGGTCTCAACA-1,1
CTATGCCCGAATGCAA-1,1
CTATGGGAAGCGGAAT-1,1
CTATGTCACTAGCCCA-1,0
CTATGTCTATTGAAAC-1,1
CTATTCATGTGTCCCA-1,1
CTATTTGGTTACGGAT-1,1
CTCAAACCACTGCCCG-1,0
CTCAACTAACCCGGAT-1,1
CTCACATTTACTAAAT-1,1
CTCACTGTGATACTTA-1,0
CTCACTTGGCTGGTAA-1,1
CTCAGGACTCACCTGT-1,1
CTCAGTCACGACAAAT-1,1
CTCATGGCTCACAATC-1,0
CTCATGGTAATTTGCG-1,1
CTCATTGCTCTAACAA-1,1
CTCATTTGATGGGCGG-1,1
CTCCCTCCTTTCGATC-1,1
CTCCGGCCTAATATGC-1,1
CTCGAGGTCGAACAGT-1,1
CTCGATATTTGCGAGC-1,1
CTCGCACCTATATAGT-1,0
CTCGGGTTCTCTGGCC-1,1
CTCGGTACCACTGCTC-1,0
CTCGGTCCGTAGCCTG-1,1
CTCGGTTGTCGGCCCT-1,1
CTCGTTTCTAATGTTT-1,1
CTCTAATGCATTGATC-1,1
CTCTACACTGGCGATT-1,1
CTCTATTTGGCTGCAG-1,0
CTCTCACAATCGATGA-1,0
CTCTCTAACTGCCTAG-1,1
CTCTGGACGCCTGGTG-1,0
CTCTGTTTGAGGATTC-1,1
CTCTTCTATTGACTGG-1,1
CTCTTCTGGAAGTTAG-1,1
CTCTTGTCCCGCTTGG-1,1
CTGAAAGAGATCCGAC-1,0
CTGAATCCGAGACCTC-1,0
CTGAATTTATTGCCAG-1,1
CTGACTGCGCAGCTCG-1,1
CTGAGCAAGTAACAAG-1,1
CTGATAGTGTATCTCA-1,1
CTGCACAACTACATAT-1,1
CTGCACCTGGAACCGC-1,1
CTGCACTCCAGTACAG-1,1
CTGCCAAGGTTGGAAG-1,0
CTGCCATGCATCACAT-1,0
CTGCCTTTAATACCTT-1,0
CTGCCTTTCTAGTAAA-1,1
CTGCGGGTGAAATGTT-1,1
CTGCGTTACGATATAA-1,0
CTGCTGAGGCCACGAA-1,1
CTGCTTGGCGATAGCT-1,1
CTGGAAATGGATGCTT-1,0
CTGGAAGACACGGTGG-1,1
CTGGACGCAGTCCGGC-1,1
CTGGATTTACACTTGA-1,1
CTGGCATCCGAATGAG-1,1
CTGGCGACATAAGTCC-1,1
CTGGCGCACAGGTCTG-1,1
CTGGCGGGAATAAGTA-1,1
CTGGCTGATTCATCCT-1,1
CTGGCTGGTTGTCAGT-1,1
CTGGGATAAATAATGG-1,1
CTGGGCCTGCTATATC-1,0
CTGGGTAGGCAGTTAA-1,0
CTGGTAACACATAGAA-1,1
CTGGTAACGAGCTCTT-1,1
CTGGTTTCGAGCAAGA-1,1
CTGTAGTGAGGATCGA-1,1
CTGTATGGTGTAGAAA-1,0
CTGTCAAATGGCTCGG-1,0
CTGTGCAGGGTAGGTC-1,0
CTGTGGTCGGGAGATA-1,1
CTGTTACCCAATCTAG-1,1
CTGTTCACTGCCTGTG-1,1
CTGTTCATCTCACGGG-1,0
CTTAACTTCGAAGTAC-1,0
CTTACACGGTATTCCA-1,0
CTTACACTGGGAAATA-1,1
CTTAGCCTTCCACATG-1,0
CTTAGTAGGCCTACAG-1,1
CTTAGTGTAGTAGCAT-1,1
CTTATGCGCTCAGGGC-1,1
CTTCAACTCCACTTGG-1,0
CTTCAGTGGTCGCCTA-1,1
CTTCATAGCTCAAGAA-1,0
CTTCATTGTCAGTGGA-1,1
CTTCGGCCAATTGTTT-1,1
CTTCGTAGATAGGTGA-1,1
CTTCTATGTTGAAGTA-1,1
CTTCTATTAATGCTAG-1,0
CTTCTGGGCGTACCTA-1,0
CTTCTTACGTCGTATA-1,0
CTTGACCCGAAAGATA-1,1
CTTGAGTTAGGGTAAT-1,1
CTTGCAACCGCCTCCT-1,1
CTTGCCCAGGCTCTAC-1,0
CTTGGCCAAGCTGGGA-1,1
CTTGTACTTGTTGACT-1,1
CTTGTCAACATTCGAG-1,1
CTTGTGAGTCTTTGAC-1,1
CTTGTGCTCACCGATT-1,0
CTTGTTGCTGAGTCAA-1,1
CTTGTTTATGTAGCCA-1,1
CTTTAACTTTCAAAGG-1,0
CTTTAATATTGGTCGA-1,0
CTTTACCGAATAGTAG-1,1
CTTTAGGAACACTGTT-1,0
CTTTAGTGCTATTATT-1,0
CTTTCTGTGCGGGCTT-1,1
CTTTGCATCGCTCTTG-1,1
CTTTGGCGCTTTATAC-1,1
CTTTGGCTTTAGTAAA-1,0
CTTTGGGATTGTTGCA-1,1
GAAACAGATGACCACC-1,1
GAAACAGCCATGCAGT-1,0
GAAACATAGGAAACAG-1,1
GAAACCATGGTGCGCT-1,1
GAAACCGAATTACCTT-1,1
GAAACTCGTGCGATGC-1,1
GAAACTCTAATGAAGG-1,1
GAAAGAACAGCGTTAT-1,1
GAAAGCCCTTTGGACC-1,1
GAAAGTGACTAACTGC-1,1
GAAATACTAAACGTTT-1,1
GAAATATCACCATCAG-1,1
GAAATCGCGCGCAACT-1,0
GAAATGGCGGTGTTAG-1,0
GAAATTAGCACGGATA-1,1
GAAATTCACATCGCTG-1,1
GAAATTGTCTCTATAA-1,1
GAACACACATCAACCA-1,1
GAACAGATTACTAAAT-1,1
GAACCTCGACCTACAC-1,0
GAACCTTTAACGATCC-1,1
GAACGACCGAATGATA-1,1
GAACGTCTCATGGTCG-1,0
GAACGTTAGGAAGACG-1,0
GAACTGTGGAGAGACA-1,1
GAAGAAACGATATTGT-1,1
GAAGAACGGTGCAGGT-1,0
GAAGCCACTGATTATG-1,0
GAAGCCTGCACATTCC-1,1
GAAGCGTGAGGAATTT-1,0
GAAGCTCGGACCCGTC-1,1
GAAGCTTGCTGACCGC-1,1
GAAGGAGTCGAGTGCG-1,0
GAAGTCAGTTGCACTA-1,1
GAAGTCTCCCTAGCGA-1,1
GAAGTGATTTATCGTG-1,0
GAAGTGCTGGATAGCT-1,0
GAAGTTTCCACTCAAT-1,1
GAATAGACGCGACCCA-1,1
GAATAGTGCTCGATTA-1,1
GAATATTCGGAGTCCC-1,1
GAATCGACATGGTCAC-1,1
GAATCGCCGGACACGG-1,1
GAATCTGAACATTCTC-1,0
GAATGCGAATCGGTTC-1,1
GAATGTATGGCAGGTC-1,0
GAATGTGGTCCGGATT-1,0
GAATGTTGGGTAATCT-1,0
GAATTATAGTGAAAGG-1,0
GAATTCACCCGGGTGT-1,0
GAATTTCTCGCTGCAG-1,1
GACAAACATATGCAGG-1,1
GACAACGACCATTGAA-1,0
GACAACGCAGCTTACG-1,0
GACACAAGGGAAGAAA-1,1
GACACGAGTTAGAGGA-1,0
GACACTGAGTTCAGTG-1,0
GACAGCCAGACCTGAC-1,1
GACAGGCACACACTAT-1,1
GACATCCGTCGAACTG-1,0
GACATCGATTTATAAC-1,1
GACCAGAGCCCTGTAG-1,0
GACCCAATTATGATAC-1,1
GACCCGTCGCCGGCTA-1,1
GACCGACGTGAAAGCA-1,0
GACCGACTGAAGCGTC-1,1
GACCGTCAGGTCGTGA-1,1
GACCGTGCTGACGGTG-1,1
GACCGTTACATGCGAC-1,1
GACCTTCCACGTCTAC-1,0
GACGACGATCCGCGTT-1,1
GACGAGGCTAATAAAC-1,0
GACGCCGTAAAGGCTA-1,1
GACGGTCAATAGAAGC-1,1
GACGTGTAGGGATTAT-1,1
GACTAAGATCATGCAC-1,1
GACTAAGTAGGCTCAC-1,1
GACTACAAAGCGGTGG-1,1
GACTAGGCCGTTAGGT-1,1
GACTCACCCACGTGAG-1,0
GACTCCCAGAATAAGG-1,1
GACTCGCGGGAATGAC-1,1
GACTGCAAATCGAGCT-1,1
GACTGCACCAGCCCAG-1,1
GACTGCGGCACGTGTA-1,1
GACTGCTGGTGAGAAA-1,1
GAGACTGATGGGTAGA-1,0
GAGACTTCGCGACCGA-1,1
GAGAGGGCGCGAGGTT-1,1
GAGAGGTGCATTCTGG-1,1
GAGATCTGCTTGGCAT-1,0
GAGATCTGTCACTCCG-1,1
GAGATCTTCCATGACA-1,1
GAGATGGGAGTCGACA-1,1
GAGCATCAACAACTTG-1,1
GAGCATCATCCCTGGG-1,1
GAGCCACGGTAGTAGG-1,1
GAGCCAGCTACCTGTG-1,1
GAGCGAGGGAGTACCG-1,0
GAGCGCAAATACTCCG-1,1
GAGCGCGCACGAGTAG-1,1
GAGCGCTGTTAGGTAA-1,1
GAGCGGAATGCGGTGT-1,1
GAGCTAAGGGCATATC-1,0
GAGCTCTCGGACCTAA-1,1
GAGGAATGGAGAGGTT-1,1
GAGGATAAACAGTGCT-1,0
GAGGCCCGACTCCGCA-1,1
GAGGCTATCAAAGTCG-1,1
GAGGGAGTCAGATCGC-1,0
GAGGGCATCGCGTATC-1,0
GAGGGCGCAGCTCTGC-1,0
GAGGGTAGTAACAAAG-1,1
GAGGTACATCCATCTT-1,1
GAGGTACGCGTGTCCC-1,1
GAGGTCCCAAAGATCT-1,1
GAGTAAGGCCACGGGA-1,1
GAGTACGGGTATACAA-1,0
GAGTAGATACTAGTTG-1,1
GAGTATGCCCGCCTTG-1,1
GAGTATGCGCGTGCAT-1,1
GAGTCCGCTTACCGGA-1,0
GAGTGTCAACCAGAAA-1,1
GAGTGTGCGGTACCCA-1,1
GAGTTGATGGCAATTT-1,1
GATAAATCGGTGGATG-1,0
GATAACTCGCACTGTG-1,0
GATACGATGGGAGTCA-1,0
GATAGGTAACGTTGAC-1,0
GATAGTGCGAGTAAGT-1,1
GATATCTCATGCAATA-1,1
GATATGAGACACTAAC-1,0
GATATGCGGTAGCCAA-1,0
GATATGGATTACGCGG-1,1
GATATTTCCTACATGG-1,1
GATCAACATAAAGGGA-1,0
GATCATTCCAAACATT-1,0
GATCCCTTTATACTGC-1,1
GATCCGGGAATTAACA-1,0
GATCCTAAATCGGGAC-1,1
GATCCTCGACACTGGC-1,1
GATCGACACTATCTGA-1,1
GATCGCGGGCTCTCCA-1,1
GATCGCTACCCGATTT-1,1
GATCGCTATATCTCAG-1,1
GATCGGATAGAACCAT-1,1
GATCGGTGGCCATAAC-1,1
GATCGTGACTGATATC-1,0
GATCTGCTATCTAAGG-1,1
GATCTTGGAGGGCATA-1,0
GATCTTTGCAGGGTAT-1,1
GATGACAAGTAGGGCA-1,1
GATGAGGAACCTTCGG-1,0
GATGCGTCCTGCATTC-1,1
GATGCTACAAGCGCCT-1,1
GATGCTGTATTTCATC-1,0
GATGGCGCACACATTA-1,0
GATGGTGCCCTAGGCA-1,0
GATGTAACGAACCACC-1,1
GATGTCGGTCAACTGC-1,1
GATGTTCAATCCACGA-1,0
GATGTTTGTGCGAGAT-1,0
GATTAACCGAAAGCCC-1,1
GATTCCCTTGTCGCAG-1,1
GATTCCTATACGGCGC-1,1
GATTCGACGGTTCACG-1,0
GATTGCTCCAGTTGCA-1,1
GATTGGGAAAGGTTGT-1,1
GCAAACCCTACATTAT-1,1
GCAAACCTTGGCCATA-1,0
GCAAATATTACGCTTT-1,0
GCAACACACTAGAACT-1,1
GCAACAGCAGTATGCG-1,0
GCAACCACCAGACCGG-1,0
GCAACCACGGCCGCGT-1,0
GCAACGGCTAGTTATG-1,0
GCAAGAATTCCTTGGC-1,0
GCAAGTGCACAGAGAA-1,1
GCAAGTGTAAAGCATG-1,1
GCACAAACGAGGCGTG-1,0
GCACAAGTGTCGGAAG-1,1
GCACACACTGGTAGCC-1,1
GCACACGCCCATGGTC-1,1
GCACGCCTACTTAGAT-1,1
GCACTGCCTACCTTTA-1,0
GCAGACCCAGCACGTA-1,0
GCAGATTAGGGATATC-1,0
GCAGCACACAGCCCAG-1,0
GCAGCCTATATCACAT-1,1
GCAGGAACTTAGATCT-1,1
GCAGGACTATAGAATA-1,1
GCAGGTAGAGTATGGT-1,0
GCAGTGTGGCTATAGG-1,1
GCATACGAGGTCTTTA-1,1
GCATAGAGCACTCAGG-1,0
GCATCCCTAACTTTGA-1,0
GCATCGGCCGTGTAGG-1,0
GCATGAGGGACGCGGC-1,1
GCATTCAAGGCAACGC-1,1
GCATTCGAAATGAACA-1,1
GCATTGTAATTCATAT-1,1
GCATTTCCAAGGCTCC-1,1
GCCAACCATTTCCGGA-1,1
GCCAAGAATACTTCTG-1,1
GCCAATAGGGCATCTC-1,1
GCCACAATTTAAGGAC-1,0
GCCACTCAGAGCGCGA-1,1
GCCAGGAGTAACCGAT-1,0
GCCATATTGCACACAG-1,0
GCCATCGAGCTGCGTG-1,1
GCCATCGATGCTGCAT-1,1
GCCATTAGCCTCAAAC-1,1
GCCCACCAAGGCTGTC-1,1
GCCCAGTTGGTATGCC-1,1
GCCCGACTTCTTCCCG-1,1
GCCCGATCTGTGGTCG-1,1
GCCCGCGCGTAAACGG-1,0
GCCCGCGCGTTTGACA-1,0
GCCCGTAATACCTTCT-1,1
GCCCTAGCCGTCGCGA-1,1
GCCCTGAGGATGGGCT-1,1
GCCGAAATTCCTACGT-1,0
GCCGACCCACGACTGC-1,1
GCCGATTGGCCAAGCT-1,0
GCCGCATTAGTCCGGC-1,0
GCCGCTTGTGAGAAAC-1,0
GCCGGGTTAGGGTCGC-1,0
GCCTAGCGATCTGACC-1,0
GCCTATAGTGTCAGGG-1,1
GCCTATTCCGATATAG-1,1
GCCTATTTGCTACACA-1,1
GCCTCATCTGGAAATA-1,1
GCCTCCGACAATTCAC-1,1
GCCTCTATACATAGCA-1,1
GCGAAACTTAACTGGA-1,1
GCGAAGAATCTGACGG-1,1
GCGAAGCCATACCCGT-1,0
GCGACCCAACCATCTG-1,1
GCGACGATAGTTGTAC-1,1
GCGAGAGTTGCGTCCA-1,1
GCGAGCGCATGCTCCC-1,1
GCGAGGCCCGAGCAGA-1,0
GCGAGTTCTGCAAAGA-1,1
GCGATTCTGGAAGCAG-1,1
GCGATTGTTAACGTTA-1,1
GCGCAAATATATTCAA-1,1
GCGCAAGAGCGCGCTG-1,0
GCGCATCCAGTCAGCA-1,1
GCGCCGTTCCACGATA-1,0
GCGCCTCCCACTCCGA-1,0
GCGCGGTCTAGTAACT-1,1
GCGCTAATTGAATAGA-1,0
GCGCTATGCCGAGGCA-1,0
GCGCTGATCCAGACTC-1,1
GCGCTGCTTTGCATTT-1,1
GCGCTTAAATAATTGG-1,1
GCGGACCGCGTTGTGG-1,1
GCGGAGAAACTTCGCA-1,1
GCGGAGAGGGAGAACG-1,0
GCGGCAAAGTATTGCC-1,1
GCGGCTCTGACGTACC-1,1
GCGGGAACCAGGCCCT-1,1
GCGGTCCCTAGACGCA-1,1
GCGGTGAACTGCGCTC-1,1
GCGGTTCCCTATCATG-1,0
GCGTAAATGGCCATAA-1,1
GCGTCGAAATGTCGGT-1,0
GCGTCGCCAGGGTGAT-1,1
GCGTGGTACTGGGTTA-1,0
GCGTTATATTTGGAAC-1,1
GCGTTCGGAGACCGGG-1,1
GCTAAACCTGAGGTGA-1,0
GCTAACTGAAGTCTGA-1,1
GCTAAGTAAAGGCGAT-1,1
GCTAAGTAGTTTCTCT-1,1
GCTAATACCGAATGCC-1,1
GCTACAGTACGGACCG-1,1
GCTACGACTTATTGGG-1,0
GCTACTATAGTAGAGT-1,1
GCTAGACCGTCTACTG-1,1
GCTAGAGTAGAGATGT-1,1
GCTAGCTTGAATAGCT-1,1
GCTAGGCACCACGGAG-1,1
GCTAGTAGAGCTTGTA-1,1
GCTAGTTTCATTGAGG-1,1
GCTATACGTCTCGGAC-1,1
GCTATCGCGGCGCAAC-1,1
GCTCAATCCGTTTATT-1,1
GCTCAATGTAATACCG-1,1
GCTCATTACTGCATGT-1,0
GCTCCATGCAAAGCAA-1,1
GCTCCCAGTCGGTCCA-1,0
GCTCCGCTCGCTTCAG-1,0
GCTCCTGACATACTGG-1,1
GCTCGGAATTTAAAGC-1,0
GCTCTAAACCCTGACG-1,1
GCTCTATGTTACGTGC-1,1
GCTCTCGGGTACCGAA-1,1
GCTCTTTCCGCTAGTG-1,1
GCTGAATCTTCCAATC-1,1
GCTGAGGCGTGAGTAT-1,0
GCTGCACGGTTTCTTA-1,0
GCTGCTACTGCGTAGC-1,0
GCTGCTCTCCGGACAC-1,0
GCTGGCATATTCACCT-1,0
GCTGGCGGCGCATGCT-1,1
GCTGTATTACTGGCCC-1,0
GCTGTTGCTACCGAAC-1,1
GCTTAATGTAACTAAC-1,1
GCTTACGTAGTTAGTA-1,1
GCTTATGAAGCAGGAA-1,0
GCTTCCGTCCCTAGAC-1,1
GCTTGATGATAATCAG-1,0
GCTTGGATCGATTAGG-1,1
GCTTTCAGAGGAGGTG-1,1
GGAAACCTTGTTGAAT-1,1
GGAAAGTGCCCATGCC-1,0
GGAACCGTGTAAATTG-1,1
GGAACCTTGACTCTGC-1,1
GGAAGCTCGCTTACAG-1,0
GGAATGCGCTAGCGTG-1,1
GGACACAAGTTTACAC-1,0
GGACCAACAGGATAAC-1,1
GGACCTCTAGGCCGCC-1,1
GGACTCGACAGCGCAT-1,1
GGACTCGTGAGTGGTC-1,0
GGAGAAGTCATTGGCA-1,0
GGAGACGACACCTTTG-1,0
GGAGCAACATTTCAAG-1,1
GGAGCACCAAGAACTA-1,1
GGAGCGAGGCCTACTT-1,1
GGAGGGCTTGGTTGGC-1,1
GGAGTGCCGCCCTGGA-1,0
GGATACTCATGAATTG-1,1
GGATCATCCCGTACGC-1,1
GGATCCGGAATATACT-1,1
GGATCTTACTGCCCTT-1,1
GGATCTTGACTCAACC-1,1
GGATGAAGATCGCTGA-1,0
GGATGACGCGAGTTTA-1,1
GGATGCTGGCGTTCCT-1,1
GGATGTCCTTACCGCA-1,0
GGATTCAGTACGGTGG-1,0
GGATTCCGCTATACCC-1,1
GGATTGCTGTGACTCC-1,1
GGATTTCACTTCTATA-1,0
GGCAAAGGCGCCAATA-1,1
GGCAAATTACTTTACT-1,1
GGCAAGCCCATAGTGG-1,0
GGCAAGGCGAAATAGC-1,0
GGCAATAGTCAATGAG-1,0
GGCACTCCACTGGGCA-1,0
GGCAGCAAACCTATGC-1,1
GGCATACAGGTAGCGG-1,0
GGCATATCGGTTCTGC-1,1
GGCCCTCACCCACTTA-1,1
GGCCGAGACTCTGGTG-1,1
GGCCGGCGTCTGCTAT-1,1
GGCCGTTTGGGTTTCA-1,1
GGCCTTTGCAACTGGC-1,1
GGCGAAATCTAACTTG-1,1
GGCGCAGGACATCTTC-1,1
GGCGCATGAATTGATG-1,0
GGCGCGGAGATCTTTC-1,1
GGCGCGTTCGAGTTTA-1,0
GGCGCTTCATTCCCTG-1,1
GGCGGAGTAATATTAG-1,0
GGCGGTAGGATCATTG-1,1
GGCGTAGGGAAAGCTG-1,1
GGCGTCCTATCCGCTG-1,0
GGCTAAAGGGCGGGTC-1,1
GGCTATTAAGTTGTAT-1,0
GGCTCCTCCACCTGTT-1,1
GGCTCGCGTTGAGGTA-1,1
GGCTCGTGCCACCAGC-1,0
GGCTCTGCTCCAACGC-1,1
GGCTGAAATAGCAAAG-1,1
GGGAACGGGAGGTTAG-1,1
GGGAACGGTTTCAGAT-1,0
GGGAAGACGGTCTGTC-1,0
GGGAAGGGCTTTCTCA-1,1
GGGACAGAGTTACTCC-1,1
GGGACTGCATAGATAG-1,0
GGGAGAACTCACAGTA-1,0
GGGAGGATGCCCGAAA-1,0
GGGAGTAATGGCTGGC-1,1
GGGAGTTAATGAGGCG-1,1
GGGATGGTCGTAACCG-1,1
GGGATTTACCGCACCT-1,1
GGGCAACCGCACGTGC-1,1
GGGCCCGTCTTAAACA-1,1
GGGCCCTACGAAAGGG-1,1
GGGCCGGCCGAAGTAC-1,1
GGGCCTAAATGGGCTA-1,1
GGGCGATATGTGTGAA-1,1
GGGCGGCAAATGAATT-1,1
GGGCGGGTTCCCTACG-1,1
GGGCGGTCCTATTGTC-1,0
GGGCGTACATTTATAT-1,1
GGGCGTCACCACGTAA-1,1
GGGCGTCCACTGGCTC-1,1
GGGCGTGGTTTCCCAG-1,1
GGGCTCATCGAACCCA-1,1
GGGCTGCCTAGGGCGA-1,0
GGGTACTTCATGAACT-1,1
GGGTATGTATGCACTT-1,1
GGGTATTCTAGCAAAC-1,1
GGGTCACCGTGACGGT-1,0
GGGTCAGGAGCTAGAT-1,1
GGGTCGTGGCAAGTGT-1,1
GGGTGACACCTTAACT-1,0
GGGTGCATATGAAAGC-1,0
GGGTGTTTCAGCTATG-1,0
GGGTTAACATTTGAGT-1,0
GGGTTTAGGATAGGAT-1,0
GGTAAATGTGCGTTAC-1,0
GGTAACCGGGAGGATA-1,1
GGTAACTATGTATCTG-1,0
GGTACAAACATGCTAT-1,1
GGTACATCTGGGACGA-1,1
GGTACCATTAAGACGG-1,1
GGTAGAAGACCGCCTG-1,1
GGTAGACCGTTGGGCG-1,1
GGTAGTGCTCGCACCA-1,1
GGTATAGTGACACATA-1,0
GGTATTGCCGAGTTTA-1,1
GGTCAAGACTACTTCG-1,1
GGTCAGTGGGTCCCAC-1,0
GGTCGGATAAACGGCG-1,1
GGTCGGCCAGGAGCTT-1,0
GGTCGGTAATTAGACA-1,1
GGTCGTAAGCTCGCAC-1,1
GGTCTCTGAATGGACT-1,1
GGTCTGAGAATCTGGA-1,1
GGTCTTGAGCGCTCTT-1,0
GGTGAAGTACAGGGAT-1,1
GGTGAGATGCAGATAA-1,1
GGTGATAAGGAGCAGT-1,1
GGTGCATAAATGATTA-1,1
GGTGCGGATAAGTGGC-1,0
GGTGCTGATCACAAAG-1,1
GGTGCTGGTACACATT-1,0
GGTGGACTGCTCTGGC-1,1
GGTGTAAATCGATTGT-1,1
GGTGTAGGTAAGTAAA-1,1
GGTTACCACCCTCGGG-1,0
GGTTAGCTATATGTCT-1,1
GGTTAGGCTTGGAGAA-1,1
GGTTAGTTACGGCGCC-1,1
GGTTCGGATTATACTA-1,1
GGTTCTACTCGTCTGA-1,0
GGTTGTGTAGCCTGGC-1,0
GGTTTACAATCTCAAT-1,1
GGTTTAGCCTTTCTTG-1,1
GGTTTGAGTGCTGGAA-1,0
GTAACTTGCGGCAGTC-1,1
GTAAGCGGGCAGTCAG-1,0
GTAAGGATTTGTCGGA-1,1
GTAAGTAACAGTCTGG-1,0
GTAAGTAGGGTATACC-1,1
GTAATAAAGGGCTCCC-1,1
GTAATCTGATTCTTCG-1,1
GTACACTTACCTGAAG-1,1
GTACAGAGGCAAGGGT-1,1
GTACGAGATTGCGACA-1,0
GTACGCTTCATTGCAC-1,0
GTACGTTTGCCCGTCA-1,0
GTACTAAGATTTGGAG-1,0
GTACTCCCTTATCGCT-1,0
GTACTCCTGGGTATGC-1,1
GTACTGCATGAAGCGT-1,1
GTACTGGAGTTAGACC-1,1
GTACTTGGGCACTTCT-1,1
GTAGACAACCGATGAA-1,1
GTAGACGTCGTTACAT-1,1
GTAGAGGGAGACAAGT-1,1
GTAGCCAAACATGGGA-1,1
GTAGCGGCTATACACT-1,1
GTAGCTCCGGGAGGCT-1,1
GTAGCTTCCTCTTGTT-1,1
GTAGGTGATCCGTGTA-1,1
GTAGTCGCGGGAATCA-1,0
GTAGTCTACGATATTG-1,1
GTAGTTCGAAGGCGAA-1,0
GTATAGGACTCAGTAG-1,0
GTATCAAACGTTAGCT-1,1
GTATCAGCTTGGGTTC-1,0
GTATCCTTTGGTAACC-1,1
GTATCTCAGTCTTGAC-1,1
GTATCTTTCATAACCA-1,0
GTATGAAATTTCACTC-1,1
GTATGTGGGTCTAGTT-1,1
GTATTAAGGCGTCTAA-1,1
GTATTCTGAGAAACGA-1,1
GTCAAAGAAGTGGTGT-1,1
GTCAAAGTTTACATAG-1,0
GTCAAGCGGACTCGGG-1,1
GTCACAAAGTTTCCAA-1,1
GTCACTCTCCAAATCT-1,0
GTCAGAATAGTCTATG-1,1
GTCAGTTGTGCTCGTT-1,0
GTCAGTTTGGTAGTCG-1,1
GTCATGCACCTCCGTT-1,1
GTCATGGACATGACTA-1,1
GTCATTAGAGCGAACG-1,1
GTCATTGCATTGACCC-1,1
GTCCAATATTTAGCCT-1,1
GTCCATTACTGCTACG-1,0
GTCCCAACGTAAAGTA-1,1
GTCCGGACCTGAAATT-1,1
GTCCGGCTGAATTGCG-1,0
GTCCGGGTTCACATTA-1,1
GTCCTACGAATAGTCT-1,1
GTCCTTCTAGTGGGTT-1,0
GTCGCGTAACCCGTTG-1,0
GTCGGATATCTCAGAC-1,0
GTCGGATGTAGCGCGC-1,1
GTCGTACCATCTCGGG-1,0
GTCGTACCTACGATTG-1,1
GTCGTATTGGCGTACA-1,1
GTCGTGTCTGGTCATC-1,1
GTCGTTATTCGCTTAT-1,0
GTCTACTCAATTACAA-1,1
GTCTATCTGAGTTTCT-1,0
GTCTATTGGTTCCGGT-1,1
GTCTGGGCGGTCGAGA-1,1
GTCTTAGTACAGCCGG-1,0
GTCTTGTAGCTATTCA-1,0
GTGAAACGGCGCCACC-1,0
GTGAAACGTGCTCCAC-1,0
GTGAACTCCCATTCGA-1,0
GTGAAGATTTCAAGTG-1,1
GTGACAGCTTCCCACT-1,0
GTGACCGCACACTACG-1,1
GTGACGAGGGTGACCC-1,0
GTGACGCAGGTTTCAT-1,1
GTGACTTCAGTAGTGC-1,0
GTGAGCGTGCTGCACT-1,1
GTGAGGACACTTAAGG-1,1
GTGAGGAGCGGTTGAG-1,0
GTGAGTGGTACAACGC-1,1
GTGATCACTAACGCCT-1,1
GTGATCCTTGTCATGA-1,1
GTGATTCGCCGCTCAA-1,1
GTGCAACAAATGTGGC-1,0
GTGCACCAGCTTCAAC-1,1
GTGCACGAAAGTGACT-1,0
GTGCCATCACACGGTG-1,0
GTGCCCGTTCGGATTC-1,1
GTGCCGCTTCAAAGGT-1,1
GTGCGAAATCGAACAC-1,0
GTGCGGGTCTCCAAAT-1,0
GTGCGTGTATATGAGC-1,0
GTGCTGCAGATAAGGA-1,1
GTGGAACCTACATGCG-1,1
GTGGACCAACCCGATT-1,1
GTGGACGCATTTGTCC-1,1
GTGGACGTGCTGAGAC-1,1
GTGGAGTCGGCGGTTG-1,1
GTGGCAAACAGCGGCA-1,1
GTGGCGGTCCCAGCGT-1,1
GTGGGAAGACTGAATC-1,1
GTGGGCTTAGACACAC-1,1
GTGGTGGCCAAGTGAA-1,1
GTGGTTACTTCTTTCG-1,1
GTGGTTTCCGCCTTTC-1,0
GTGTACCTTGGCTACG-1,1
GTGTCAGTGTACGTGG-1,1
GTGTCGTATAGCGTTC-1,1
GTGTGAATAACTTAGG-1,0
GTGTTACTATGCGTCC-1,0
GTTAAAGTAGGACTGG-1,1
GTTAACATCACTTAAA-1,0
GTTAACTATGTTGTCA-1,0
GTTAATGTCTATCTTA-1,0
GTTACAATTGGTGACG-1,0
GTTACCTACAACTTGC-1,0
GTTACTTTGGGCCTAG-1,1
GTTAGCCCATGACATC-1,1
GTTAGCCGTAAATCAA-1,1
GTTAGGCTACCCGTTT-1,1
GTTATAATACGGTGAA-1,1
GTTATATTATCTCCCT-1,1
GTTCACAGGAGTCTAG-1,0
GTTCATCGTTTGGCTG-1,1
GTTCCAGTCTGACCAT-1,1
GTTCGCCATAAGTGCC-1,1
GTTCGGATCGGGAACA-1,0
GTTCGGGCGTACCATT-1,1
GTTCGTCTAAAGAACT-1,1
GTTGAACCGGTTCCAT-1,0
GTTGAGTCCCGCCGGT-1,1
GTTGCACGGAGTTTCG-1,1
GTTGGATTCAGTGGCT-1,1
GTTGGATTGAGAACAC-1,1
GTTGGATTTGCGTTGG-1,0
GTTGGTCATGCTATCC-1,1
GTTTACGTTCCATCTG-1,0
GTTTCATATCGTCGCT-1,0
GTTTCCTGGAGGGTGA-1,1
GTTTCTGCAGTCTCCC-1,0
GTTTGACCAAATCCTA-1,0
GTTTGGCCCAAGTTAT-1,0
GTTTGGCCGCTCAGCG-1,0
GTTTGGGCTTGTGAGC-1,1
GTTTGGGTTTCGCCCG-1,1
GTTTGGTAGGGTCAAC-1,1
GTTTGGTGATCGGTGC-1,1
TAAACCCAGGAGGGCA-1,1
TAAAGAGCCCGAAACC-1,1
TAAAGCGTTAGGAGAA-1,0
TAAAGCTGCAATAGGG-1,1
TAAATGAATCCGTTTC-1,1
TAACAAAGGGAGAAGC-1,0
TAACAATATTTGTTGC-1,1
TAACAGCGTTTGTGCT-1,1
TAACATACAATGTGGG-1,1
TAACATACACGCGATC-1,1
TAACCGCCCGCAGTGC-1,1
TAACCTACCGTCCGAG-1,1
TAACGCTTTGAGAGCG-1,1
TAACTATCGAAGGTCC-1,1
TAACTATTACGCCAAA-1,1
TAACTCCATGGAGGCT-1,1
TAAGCAGGCGACACGC-1,0
TAAGGAACTTGTGGGA-1,1
TAAGGCAACATAAGAT-1,1
TAAGGCTGAATCCCTC-1,1
TAAGGGCCTGTCCGAT-1,1
TAAGGGCTGGGAGAGG-1,0
TAAGTAACATCTTGAC-1,0
TAAGTCGCCGAGTATC-1,1
TAAGTTGCGACGTAGG-1,1
TAATAAACAAGGAGAT-1,0
TAATACACAGTAGTAT-1,0
TAATAGAACAGAGTTA-1,1
TAATAGGTCACCAGAA-1,1
TAATAGTGACGACCAG-1,1
TAATATTGAAATTCGC-1,0
TAATCGATCCGTACGT-1,1
TAATTAGGACATCCGT-1,0
TACAAGTCTCGTGCAT-1,1
TACAGAAACGGTGGGC-1,1
TACATAGGCATACACC-1,0
TACATCCCTATCCCTG-1,1
TACATTTCTAACGTGC-1,1
TACCAATAAAGTACCA-1,1
TACCAGAAGTAGGTTC-1,1
TACCAGCTAGGTTTAA-1,1
TACCGCGGACTTGCAG-1,1
TACCGGCTCACTGCCC-1,0
TACCGGTCGTTTCCAT-1,0
TACCGTAGGTTAACTA-1,1
TACCGTGCCTCGGACC-1,1
TACCTCACGCTTGTAC-1,0
TACCTCAGTTGTCTGT-1,1
TACCTGCTGCACTGTG-1,1
TACCTTAAGATTTCCC-1,1
TACGAACACGACTTCA-1,1
TACGACGCTTGCTGCG-1,0
TACGACTGCCTCTTAG-1,0
TACGAGAACTTCACGT-1,0
TACGATGTTGATCATC-1,0
TACGCAGTTCTTTCCT-1,0
TACGCCATATTCTAAT-1,0
TACGCCGAGGGTACCC-1,1
TACGCCTCCATTCCGA-1,0
TACGCTATAGAAACCT-1,0
TACGGAAGCCAAACCA-1,1
TACGGGATGCTAGCAG-1,0
TACGTACTAGTGCTGA-1,1
TACGTGCACTATGCTG-1,0
TACGTTTACCGGCAAT-1,0
TACTCCTCTAGTTGAC-1,1
TACTCGGCACGCCGGG-1,0
TACTCTCCGAACAAAT-1,0
TACTGCAATCAATTAC-1,1
TACTGGACAGCTCGGC-1,1
TACTTGTTAGTAGTCC-1,1
TACTTTACTGAGCCGG-1,1
TACTTTCCGCACGCCA-1,1
TAGAAAGGTGGCGCTA-1,1
TAGAAATTCACGTATA-1,1
TAGAATTAAGGGCAAC-1,1
TAGACGAAACGCCAAT-1,0
TAGACGCCCGTACCGG-1,1
TAGACTACCTAGCGTT-1,1
TAGAGATCATGCAACT-1,1
TAGAGGTTCTACTTGT-1,1
TAGAGTCTAAGCGAAC-1,0
TAGATATGGACTGGAA-1,1
TAGATCCGAAGTCGCA-1,1
TAGATGGTTCCTTACT-1,1
TAGATTCCTGGTTATT-1,1
TAGCAACCTGTCACAA-1,1
TAGCCATTTCAAAGTC-1,0
TAGCCGGCGGTCAGCG-1,0
TAGCGTCCCTCGATTG-1,0
TAGCGTTGGGTCTTAC-1,1
TAGCTAAGTCCGGGAG-1,1
TAGCTAGAAGGCATGA-1,1
TAGCTCGCCTGATAAC-1,1
TAGCTGATGTGAAGCG-1,1
TAGGCATGTTACGCCA-1,0
TAGGGAGCTTGGGATG-1,0
TAGGGTGTTTCAAGAG-1,1
TAGGTCCAAGTAAGGA-1,1
TAGGTCGCCGGAACTG-1,1
TAGGTGACGATAACCT-1,1
TAGGTGAGCCCTACTC-1,1
TAGGTGCTCGCCTAGC-1,1
TAGGTTCGAGTTCGTC-1,1
TAGTACCTTAGTGGTC-1,1
TAGTAGCTTATACCAG-1,1
TAGTCCGCAGAGAATG-1,1
TAGTCGATCACGGGTT-1,1
TAGTCTAACAACGAGA-1,0
TAGTCTGTGACGTTGC-1,1
TAGTGCCCTCCAGAGT-1,1
TAGTTAAGATAGGATA-1,0
TAGTTTATTCTTGCTT-1,1
TATAAATCCACAAGCT-1,1
TATAAGTGAGGATAGC-1,0
TATACACAGACGCCTT-1,0
TATACACGCAAAGTAT-1,0
TATAGAGTCGCTTGAA-1,1
TATAGATGGTCGCAGT-1,0
TATAGGGTACTCATGA-1,0
TATATAGGGCTTTACG-1,1
TATATATCGAGAAATG-1,1
TATATTCGCGTCGATA-1,1
TATCACCCAACCGACC-1,1
TATCACTTCGAGTAAC-1,1
TATCCATATCATGCGA-1,1
TATCCGCACCGTCGGG-1,1
TATCCTATCAACTGGT-1,1
TATCCTGCATGGGAAT-1,1
TATCGATCTATGCATA-1,0
TATCGATGATTAAACG-1,1
TATCTACAGAGGTAAT-1,1
TATCTACCACAGCGGG-1,0
TATCTAGCCTAAAGGA-1,0
TATCTTGCAATACAAC-1,1
TATGAAGACAGGTGCG-1,1
TATGATCTTCTCTTTA-1,0
TATGCTCCCTACTTAC-1,1
TATGGATGTGCTACGC-1,1
TATGGCCCGGCCTCGC-1,1
TATGGGACCGAGCAGG-1,1
TATGGGTACGTATCGT-1,0
TATGGTCTGAGTAACA-1,1
TATGGTTAGTGGGAGA-1,1
TATGTAAAGTGCTTAA-1,0
TATGTCAAGACCGACT-1,0
TATGTCTCATTGTGCC-1,1
TATTATGTTTGCCTGC-1,1
TATTCAATTCTAATCC-1,1
TATTCCACTCAGCTCG-1,1
TATTCCTCCGCCCACT-1,1
TATTCGTGCCAGAATA-1,1
TATTTAGTCTAGATCG-1,1
TATTTATACCGAGTAG-1,1
TATTTGTTACCCTTTA-1,1
TCAAACAACCGCGTCG-1,1
TCAAACTTAGATTGTT-1,0
TCAACAAAGATAATTC-1,1
TCAACACATTGGGTAA-1,1
TCAACATAGCGCCCTA-1,1
TCAACCATGTTCGGGC-1,1
TCAACGCAGGAAATAA-1,1
TCAACGCGACCGGCAG-1,1
TCAACTAACGTATAAC-1,1
TCAAGAAATACTAGCT-1,1
TCAAGGTTACTACACC-1,1
TCAATACGCCGTCATG-1,1
TCACAAACCGAGGTAC-1,1
TCACAGCAAACTCGAA-1,1
TCACAGGGAATCGCAA-1,1
TCACAGGTTATTGGGC-1,0
TCACATCTTATCTGAT-1,1
TCACCGCTCGGCACTC-1,1
TCACGATGTCCGTGGA-1,1
TCACGCATTGTAGATC-1,1
TCACGGTCATCGCACA-1,1
TCACGTGCCCGATTCA-1,1
TCACTCGTGCAACGGC-1,1
TCAGAACCTCCACAGG-1,1
TCAGACGCTATAGAAG-1,0
TCAGCAAATGCATCTC-1,0
TCAGCAGTAGGCCCTG-1,1
TCAGGGTGTAACGTAA-1,1
TCAGGTTCTTTGAGAA-1,1
TCAGTACTGACCCGCG-1,1
TCAGTAGGGACTATAA-1,0
TCAGTGTATACGTCAT-1,1
TCATACTTACAGATCC-1,1
TCATATGAGCTTTGTT-1,0
TCATCACTCGAGCTCG-1,0
TCATCCCAGAGGGTGG-1,0
TCATCGATGGTCCCAA-1,1
TCATGCAGGTTCTCAT-1,1
TCCAACTTTAAATTCT-1,1
TCCAAGCCTAGACACA-1,1
TCCACAATGGTTTACG-1,1
TCCACATCGTATATTG-1,0
TCCACCTCTAGCCTTT-1,1
TCCACTTTATCTAGGT-1,1
TCCAGAGCACCGGTTC-1,0
TCCAGGCGAGTACGGT-1,0
TCCCAAAGACGAAGGA-1,1
TCCCACTCTCTTCCGG-1,1
TCCCAGCTTTAGTCTG-1,0
TCCCAGGCTTAGCTAA-1,0
TCCCGCGTACTCCTGG-1,1
TCCCGGGTGTGCTGCT-1,0
TCCCGTCAGTCCCGCA-1,1
TCCCGTGTGCAATTTG-1,0
TCCCTGGCGTATTAAC-1,1
TCCCTGGCTCGCTGGA-1,1
TCCCTTAGATTACTCG-1,1
TCCGAACTTGGCTTAC-1,1
TCCGAATGGTCCTGAG-1,0
TCCGATAATTGCCATA-1,0
TCCGATGACTGAGCTC-1,0
TCCGATGGTGCGACAT-1,1
TCCGATTACATTGCCG-1,0
TCCGCGGCAGCATCTG-1,1
TCCGCTGTCATCCCGG-1,1
TCCGCTTATCCCATTA-1,0
TCCGGCCTAGCGTACA-1,1
TCCGGTTCGTCCGGTC-1,1
TCCGTTAAGCTAATAT-1,1
TCCGTTTAGCCTTGAA-1,1
TCCTAAATTGGGAAGC-1,1
TCCTAACCGTCGGGCA-1,1
TCCTACATCCACGGCC-1,1
TCCTAGCAAAGAAGCT-1,0
TCCTCGGGCTGGGCTT-1,1
TCCTCTACGAGATGGC-1,1
TCCTCTCCAGTTGTCC-1,1
TCCTGCCAACTGGAGA-1,0
TCCTGCGTTGATACTC-1,0
TCCTTACGACGGTCCG-1,1
TCCTTCAGTGGTCGAA-1,0
TCCTTGTCCTTTAATT-1,1
TCCTTTAAATCCGCTT-1,1
TCCTTTCTTACGCTTA-1,0
TCGAAATTTAGGACCA-1,1
TCGAAGAACCGAGCAC-1,1
TCGAATATCCCGCAGG-1,1
TCGAGACCAACACCGT-1,0
TCGAGCCAGGCAGGCC-1,1
TCGATAGGCTAGTCGC-1,1
TCGCAAAGATGCATTT-1,0
TCGCACCAGGAGGCAG-1,1
TCGCATCCCTAAGTGT-1,0
TCGCCGAAGTTGCGTC-1,0
TCGCCGACATATTCGC-1,1
TCGCCGGTCGATCCGT-1,1
TCGCGTAGCAGTGTCC-1,0
TCGCGTCCAGAAGGTC-1,1
TCGCTAAACCGCTATC-1,0
TCGCTACTGGCTTTGA-1,0
TCGCTCGATATATTCC-1,1
TCGCTCGGCACCAGCG-1,1
TCGCTGCCAATGCTGT-1,1
TCGCTGGGCGGATTGT-1,1
TCGCTGTGCGTAAATC-1,1
TCGCTTTAAACGTTTG-1,0
TCGGAATGCGCTCTGA-1,1
TCGGACGCCCAGCCCA-1,1
TCGGAGAGTATCGGGA-1,1
TCGGAGTACATGAGTA-1,0
TCGGCGAACCCAAACC-1,1
TCGGCGTACTGCACAA-1,1
TCGGCTTGTATCGACG-1,1
TCGGGAACGTGCCTAG-1,1
TCGGGAGACAGCGTAC-1,0
TCGGGATTCAAACATA-1,1
TCGGGCCGTCGTGGTA-1,0
TCGGGTGAAACTGCTA-1,1
TCGGTCCCGACAATAG-1,1
TCGTAAGACGACATTG-1,1
TCGTACCGACGTCAAG-1,1
TCGTATAGTGCAATTA-1,1
TCGTATTACCCATTGC-1,1
TCGTCAAGTACGCGCA-1,1
TCGTCCGCTGGCGTCT-1,0
TCGTCTTAGGCGTTAA-1,1
TCGTGTACTATGGATG-1,1
TCGTGTCACGCTGACA-1,1
TCGTTAGGAGTCCCTA-1,1
TCGTTCGTTATTATGT-1,1
TCGTTGCTATCCGGTC-1,1
TCTAATACTGCCTCAG-1,1
TCTACCGTCCACAAGC-1,1
TCTAGCAATCTCCGCC-1,1
TCTAGCATCTTCGATG-1,1
TCTAGCATGCCCAGAA-1,0
TCTAGGTGGCGACGCT-1,1
TCTAGTGATATCGTGG-1,1
TCTATCATGCAGTTAC-1,1
TCTATCGGTCGCAACA-1,1
TCTATTACGCTGGCGA-1,1
TCTATTACTAGAGGAT-1,1
TCTCATGAGATAGGGT-1,1
TCTCCACAAGTTGAAT-1,1
TCTCGACGTATCGCCG-1,0
TCTCTAATAGCTGGTA-1,1
TCTCTTACCGCGAACC-1,0
TCTGAACCGGTCGGCT-1,0
TCTGAACTCGTACCCG-1,1
TCTGAATTCCGTACAA-1,0
TCTGCCAGAAACTGCA-1,0
TCTGGGTAGCGCTCAT-1,1
TCTGTCATACAAGAGC-1,1
TCTGTGCCATCATAGT-1,1
TCTGTTACCCAGCATA-1,1
TCTTACAGAGGTACCG-1,0
TCTTACCGGAACTCGT-1,0
TCTTACGGCATCCGAC-1,1
TCTTACTTATGCCTCT-1,1
TCTTAGAGCTCCAATT-1,0
TCTTAGAGTGAACTCT-1,1
TCTTCCCATGGGCACA-1,1
TCTTCGAATAGACGTT-1,0
TCTTCGATACCAATAA-1,0
TCTTCTATAACCCGCC-1,0
TCTTGATGCGTAGCGA-1,0
TCTTGCTCCCGATACT-1,0
TCTTGGTAACACCAAA-1,0
TGAAACTTATGCAAGC-1,1
TGAAAGGACCTGACTC-1,1
TGAACAAGCAGGGACT-1,1
TGAATACCGACGCGTA-1,1
TGAATGTCAGCCGGCC-1,0
TGACATCGAGCGGACC-1,1
TGACATGTAACGTGAC-1,1
TGACCAAATCTTAAAC-1,0
TGACCCACGTTAGACA-1,0
TGACGAATATTTCCCT-1,1
TGACGATGCACTAGAA-1,1
TGACTATAATCCTTTC-1,0
TGAGAATGCTTTACCG-1,0
TGAGAGATTTACCACG-1,0
TGAGATCAAATACTCA-1,1
TGAGATTAGGCCCTAA-1,1
TGAGCCATACAGTCTC-1,1
TGAGCGGAAAGTGTTC-1,1
TGAGTAAATTAGCGTA-1,1
TGAGTGCCTCTTAAAT-1,0
TGAGTGGTCCGTGACG-1,0
TGAGTTAAAGACATTC-1,0
TGATAGCGGGATTCTA-1,0
TGATCAGGGAACTGCT-1,1
TGATCCCAGCATTAGT-1,1
TGATCGGTTTGACCCT-1,0
TGATCTACGCTGATCT-1,1
TGATCTCCGGCGCCAG-1,0
TGATTCCCGGTTACCT-1,1
TGATTCGTCTATCACT-1,0
TGATTCTGTCGCCGGT-1,1
TGATTTATTAGCTGTG-1,1
TGATTTCCTCCTGACG-1,1
TGCAACCCATCTGCGG-1,1
TGCAAGAATGACGTAA-1,0
TGCAATCTAACACGGT-1,1
TGCAGAACTATATCGT-1,1
TGCAGAGTACCGAGCA-1,0
TGCAGATCGTCCTAGG-1,1
TGCAGCTACGTACTTC-1,1
TGCAGGATCGGCAAAG-1,1
TGCAGTTTCCTCCCAT-1,0
TGCATATGTCTGTCAC-1,1
TGCATGGATCGGATCT-1,0
TGCATGTGACCCATAG-1,1
TGCATGTGGTAATCTA-1,1
TGCCAAAGTCAGACTT-1,1
TGCCAATGGGTACTCT-1,0
TGCCACCTGGCGAAAC-1,1
TGCCAGTACGTGGAGA-1,1
TGCCATTACTAAAGAA-1,0
TGCCCGTACCGTTAAA-1,0
TGCCGGATGTACGAGC-1,1
TGCCTAATTGAAGATT-1,1
TGCCTGATCAAACGAT-1,0
TGCCTTGGCCAGGCAA-1,1
TGCGAATATGGGATTT-1,1
TGCGACACCCTAGTGC-1,0
TGCGACGGCCGAACGT-1,1
TGCGAGAATATTACCC-1,1
TGCGCAAAGCATTTGG-1,0
TGCGCGATTAACGGAG-1,1
TGCGGACTTGACTCCG-1,1
TGCGGAGTAAAGGTGC-1,0
TGCGGCATAGTTCAAC-1,1
TGCGGTGAAATTTCAT-1,0
TGCGTAAGAACCTGAT-1,0
TGCGTCATGACTGAGC-1,1
TGCGTTTGTTGACACT-1,0
TGCTAAGTGTCTATTT-1,1
TGCTCCACAGTTCTTA-1,1
TGCTCGGTGGGTCACC-1,0
TGCTCTTGAGAGTTTG-1,0
TGCTGGTTGGACAATT-1,0
TGCTGTTGAAGAACTC-1,1
TGCTTAGAGAGAATGC-1,1
TGCTTCCCAAGCAGTA-1,1
TGGAACCACTGACACA-1,0
TGGAAGAAGGGAACGT-1,1
TGGAAGGATAAAGATG-1,0
TGGAATATCCTTGACC-1,1
TGGACCAATCTAAGAT-1,1
TGGACGCAATCCAGCC-1,1
TGGACTGTTCGCTCAA-1,0
TGGAGTGATGCGATGA-1,1
TGGCAAACTAAATTAC-1,0
TGGCAACTCGCGCGCC-1,0
TGGCAATGGGACGGCG-1,1
TGGCAGCAGTAATAGT-1,0
TGGCCAAACTGAAGTA-1,1
TGGCCAATTTGGTACT-1,1
TGGCCGTATATTGACC-1,1
TGGCGATCAAGTTATG-1,1
TGGCTATGTGACATAC-1,1
TGGCTCTTGTCGCGTA-1,1
TGGCTTTGGGTAGACA-1,1
TGGGAAATGCCTTTCC-1,0
TGGGCAATAGTTGGGT-1,0
TGGGCACAAACAGAAC-1,1
TGGGCACGTTCTATGG-1,0
TGGGCCACAAGAGCGC-1,0
TGGGCCCATACTAATT-1,1
TGGGCGATACAATAAG-1,1
TGGGTAAGGTTCCCGC-1,0
TGGTAAGCAGGATTGA-1,1
TGGTAGAATATATGGG-1,1
TGGTATCGCATCCCAA-1,1
TGGTATCGGTCTGTAT-1,1
TGGTCCCACGCTACGG-1,1
TGGTCTGTTGGGCGTA-1,0
TGGTGATCGTATTTGT-1,1
TGGTTCAACGGGTAAT-1,1
TGGTTCGTAGCAAAGG-1,1
TGTAATGACCACAATA-1,1
TGTACCTACACGAGGG-1,1
TGTACGAACAAATCCG-1,1
TGTAGGAGAAATTTCC-1,0
TGTAGTGATCTATAAT-1,1
TGTATAACAGATCCTG-1,1
TGTATCCTTATTCCAT-1,1
TGTATGGCGCAGACAG-1,1
TGTCCCGACATAGCAC-1,1
TGTCCGTGGCGCCTTT-1,1
TGTCCTAAGTCACCGC-1,0
TGTCTACAGTTTCTGT-1,0
TGTGACTACGCCAGTC-1,1
TGTGCCGGTGCCGGAA-1,1
TGTGCTTTACGTAAGA-1,0
TGTGGCAAAGCGTATG-1,1
TGTGGCGGGCTTCTGG-1,0
TGTGGTTGCTAAAGCT-1,1
TGTGTCGCGAGTTGCA-1,1
TGTGTTCGTATCCAAG-1,1
TGTTATTGTATGTGGC-1,1
TGTTCCGCTTCCATGA-1,1
TGTTCGTATTGCGGTG-1,0
TGTTCTTCCATTGACT-1,0
TGTTGTCAAGAAGTCT-1,0
TGTTTAATACTTCATC-1,1
TGTTTCGGTACTTCTC-1,0
TTAAACCTGGTTCCTT-1,0
TTAAACTCGAATTCAT-1,1
TTAACACCTCGAACAT-1,1
TTAACCAACCCTCCCT-1,0
TTAACGTCGCAAGACC-1,1
TTAACTTCAGGTAGGA-1,1
TTAAGATAGGATTGAC-1,1
TTAAGCCGACAACTTC-1,0
TTAAGCGCCTGACCCA-1,0
TTAAGGCCCGTACTTT-1,1
TTAATGTAGACCAGGT-1,1
TTAATTGCTTTGGGTG-1,1
TTAATTTCAGACGCGG-1,0
TTACAACTACGCATCC-1,1
TTACAGACCTAAATGA-1,1
TTACATCGTGGCCTGG-1,0
TTACATGCCACAACTA-1,0
TTACCATTGATTACCC-1,1
TTACCCATTGCCGGGT-1,1
TTACCCTAACAGTCCT-1,0
TTACCCTAGGGATTGG-1,1
TTACTAAAGGACTTTA-1,1
TTACTATCGGCTTCTC-1,0
TTACTCCGGCCGGGAA-1,1
TTACTCTGGTACGTAC-1,0
TTACTGGGATATTTCA-1,1
TTAGAAGAACATGACT-1,1
TTAGAATAAGGGTCGG-1,1
TTAGACACGATCGTTG-1,1
TTAGACGAGTCACCTC-1,0
TTAGAGTTTAGAAGGA-1,1
TTAGCAACATGGATGT-1,1
TTAGCTAATACGATCT-1,1
TTAGCTCTGTAATCCG-1,1
TTAGCTGATTTGCCGT-1,1
TTAGGTCATAACCGAC-1,1
TTAGTAAACCTGCTCT-1,1
TTAGTAGGGCGGCGGG-1,1
TTAGTTATTCGTGGCA-1,1
TTATAGGTAATTGTCT-1,0
TTATATACGCTGTCAC-1,0
TTATATTTGGCAATCC-1,1
TTATCCAATCGAACTC-1,0
TTATCCGGGATCTATA-1,1
TTATCCTCAAGGAATA-1,1
TTATCGCCTGCGAAGC-1,1
TTATCTGTATCATAAC-1,0
TTATGAATGAAAGGGA-1,0
TTATGACAAACTGGAT-1,0
TTATGATCTTAACGAA-1,1
TTATTAGAGCGTGTTC-1,0
TTATTAGGGAAGCATC-1,1
TTCAAAGTCTCTAGCC-1,1
TTCAACGACCCGACCG-1,1
TTCAAGCCGAGCTGAG-1,0
TTCAATACTCTGAATC-1,0
TTCACTCGAGCACCTA-1,1
TTCACTTCCTAGAACG-1,0
TTCAGCCCTGGTCCAC-1,1
TTCAGCTGGCGTGCCC-1,0
TTCAGGCGTCAAAGCC-1,1
TTCATGGCGCAACAGG-1,0
TTCCAATCAGAGCTAG-1,1
TTCCAATCTGGCTATC-1,0
TTCCACACAGATTTGA-1,1
TTCCAGACGAGATTTA-1,0
TTCCCGGCGCCAATAG-1,1
TTCCGCAGAGAAATAT-1,1
TTCCGCGTGAGGCGAT-1,0
TTCCGGCCTTGAGGCT-1,1
TTCCGGTATCTGTGTC-1,0
TTCCGGTTACCCACTT-1,1
TTCCTCGAGGGTGTCT-1,1
TTCCTCGGACTAACCA-1,1
TTCCTCTGCCCGAATA-1,0
TTCGACAGAGCCCGTG-1,1
TTCGACGGGAAGGGCG-1,1
TTCGCACTCGCGTGCT-1,1
TTCGCACTGTACGACA-1,1
TTCGCGCGCCATACGA-1,1
TTCGCTATCTGACGTG-1,1
TTCGGCAACCCGCTGA-1,1
TTCGGCTAGAGATGGT-1,1
TTCGGGACTAATCGCG-1,1
TTCGGGCGCTAGTCTT-1,1
TTCGGTACTGTAGAGG-1,1
TTCGTAATCCCAGCGG-1,0
TTCGTACTCCAGAACG-1,1
TTCGTTCAACGAAGTT-1,1
TTCTAACCGAAGCTTA-1,0
TTCTACTTGCGAGGGC-1,0
TTCTAGAAAGTCTTAT-1,1
TTCTAGGCCAATTGTG-1,0
TTCTGCCGCGCCTAGA-1,0
TTCTGCGAGCGCCCTT-1,1
TTCTGCGGGTTAGCGG-1,1
TTCTGCTAGACTCCAA-1,1
TTCTTAGTGAACGGTG-1,0
TTCTTAGTGGCTCAGA-1,1
TTCTTGAGCCGCGCTA-1,1
TTCTTGGACGATCTGC-1,1
TTCTTGGAGTAATGAG-1,0
TTCTTGTAACCTAATG-1,0
TTCTTTGGTCGCGACG-1,1
TTGAACGAATCCTTTG-1,1
TTGAACGACGTGCTGA-1,1
TTGAAGAATTCCCAGG-1,1
TTGAATATGGACTTTC-1,1
TTGAATCGTTGTATAA-1,1
TTGACAGGAGCTCCCG-1,1
TTGACATGAACGTGGA-1,0
TTGACCAGGAACAACT-1,1
TTGACCATGTTCTCCG-1,0
TTGACCGTGTTAATGA-1,1
TTGACGATTCAGCACG-1,1
TTGACGCTCCATGAGC-1,0
TTGACTACCATATGGT-1,0
TTGACTATTGTCCGGC-1,1
TTGAGAGTACTGCTAA-1,0
TTGATCTAACTTTGTC-1,0
TTGATGTGTAGTCCCG-1,0
TTGATTAGCTGTTTCT-1,1
TTGATTATGCAGATGA-1,1
TTGCACAATTCAGAAA-1,0
TTGCACGGAGCAGCAC-1,0
TTGCATGCTGATCACG-1,1
TTGCCAAGCAGAACCC-1,0
TTGCCATAGCCCGCTC-1,1
TTGCCCTGATCACGGG-1,1
TTGCCGCTTTCTAGTA-1,1
TTGCGGCATCAGAAAG-1,1
TTGCGTCGGCCAACCG-1,1
TTGCGTGAACGCTTAG-1,1
TTGCTCCCATACCGGA-1,0
TTGCTGAAGGAACCAC-1,1
TTGCTGATCATGTTCG-1,0
TTGGAAGAATACAGTC-1,1
TTGGACATGTGGCTTA-1,0
TTGGACCATCTGGCAA-1,1
TTGGACCTATAACAGT-1,1
TTGGAGTCTCCCTTCT-1,1
TTGGATATCGTCTACG-1,1
TTGGATCGACTTCTGG-1,1
TTGGATTGGGTACCAC-1,0
TTGGCCTAGAATTTCG-1,1
TTGGCTCGCATGAGAC-1,0
TTGGGAAGACGAGCCG-1,1
TTGGGACACTGCCCGC-1,1
TTGGGACGTAAGAGTT-1,1
TTGGGCGGCGGTTGCC-1,1
TTGGTCACACTCGTAA-1,1
TTGGTTGCGGTGCGCG-1,1
TTGTAAGGACCTAAGT-1,1
TTGTAAGGCCAGTTGG-1,1
TTGTAATCCGTACTCG-1,1
TTGTATCACACAGAAT-1,1
TTGTCGTTCAGTTACC-1,1
TTGTGAACCTAATCCG-1,1
TTGTGAGGCATGACGC-1,1
TTGTGCAGCCACGTCA-1,0
TTGTGGCCCTGACAGT-1,1
TTGTGGTAGGAGGGAT-1,1
TTGTGTATGCCACCAA-1,1
TTGTGTTTCCCGAAAG-1,1
TTGTTAGCAAATTCGA-1,0
TTGTTCAGTGTGCTAC-1,1
TTGTTGTGTGTCAAGA-1,1
TTGTTTCACATCCAGG-1,1
TTGTTTCATTAGTCTA-1,1
TTGTTTCCATACAACT-1,1
