spot_id,label
AAACAAGTATCTCCCA-1,
AAACACCAATAACTGC-1,
AAACAGAGCGACTCCT-1,1.0
AAACAGCTTTCAGAAG-1,
AAACAGGGTCTATATT-1,1.0
AAACCGGGTAGGTACC-1,
AAACCGTTCGTCCAGG-1,1.0
AAACCTAAGCAGCCGG-1,
AAACCTCATGAAGTTG-1,1.0
AAACGAGACGGTTGAT-1,
AAACGGTTGCGAACTG-1,
AAACTCGGTTCGCAAT-1,
AAACTGCTGGCTCCAA-1,
AAACTTGCAAACGTAT-1,1.0
AAAGACCCAAGTCGCG-1,1.0
AAAGACTGGGCGCTTT-1,1.0
AAAGGCTACGGACCAT-1,
AAAGGGATGTAGCAAG-1,
AAAGGGCAGCTTGAAT-1,1.0
AAAGTAGCATTGCTCA-1,1.0
AAAGTCACTGATGTAA-1,1.0
AAAGTCGACCCTCAGT-1,1.0
AAAGTGTGATTTATCT-1,
AAAGTTGACTCCCGTA-1,
AAATAACCATACGGGA-1,
AAATACCTATAAGCAT-1,
AAATCCGATACACGCC-1,
AAATCGTGTACCACAA-1,
AAATCTAGCCCTGCTA-1,
AAATGCTCGTTACGTT-1,1.0
AAATGGCATGTCTTGT-1,
AAATGGCCCGTGCCCT-1,
AAATGGTCAATGTGCC-1,
AAATTAACGGGTAGCT-1,
AAATTACACGACTCTG-1,
AAATTACCTATCGATG-1,1.0
AAATTGATAGTCCTTT-1,1.0
AAATTTGCGGGTGTGG-1,1.0
AACAACTGGTAGTTGC-1,
AACAATACATTGTCGA-1,
AACAATTACTCTACGC-1,
AACACACGCTCGCCGC-1,
AACACGACTGTACTGA-1,
AACACGAGACGCGGCC-1,
AACAGCTGTGTGGCAA-1,1.0
AACAGGAAATCGAATA-1,
AACAGGATGGGCCGCG-1,
AACAGGTAGTATGGAT-1,1.0
AACATATCAACTGGTG-1,
AACATTGTGACTCGAG-1,
AACCAAGACTTCTCTG-1,1.0
AACCATGGGATCGCTA-1,
AACCCAGAGACGGAGA-1,1.0
AACCCGACAACCCGTG-1,1.0
AACCCTACTGTCAATA-1,1.0
AACCCTGGTGGAACCA-1,
AACCGAGCTTGGTCAT-1,
AACCGCTAAGGGATGC-1,
AACCGTTGTGTTTGCT-1,1.0
AACCTCGCTTTAGCCC-1,1.0
AACCTTTAAATACGGT-1,
AACCTTTACGACGTCT-1,
AACGATAATGCCGTAG-1,
AACGATAGAAGGGCCG-1,1.0
AACGATATGTCAACTG-1,
AACGCATGATCTGGGT-1,
AACGCGACCTTGGGCG-1,
AACGCGGTCTCCAGCC-1,
AACGCTGTTGCTGAAA-1,
AACGGACGTACGTATA-1,1.0
AACGGCCATCTCCGGT-1,1.0
AACGTACTGTGGGTAC-1,
AACGTCAGACTAGTGG-1,1.0
AACGTGATGAAGGACA-1,1.0
AACGTGCGAAAGTCTC-1,1.0
AACTACCCGTTTGTCA-1,
AACTAGGCTTGGGTGT-1,1.0
AACTCAAGTTAATTGC-1,1.0
AACTCCAGAGCGTGTT-1,
AACTCTCAATAGAGCG-1,
AACTCTCAGTGTGCTC-1,1.0
AACTGATATTAGGCCT-1,1.0
AACTGGGTCCCGACGT-1,
AACTTGCCCGTATGCA-1,1.0
AAGACCCAACTGAACA-1,1.0
AAGACTGCAAGCTACT-1,1.0
AAGAGATGAATCGGTA-1,1.0
AAGAGCTCTTTATCGG-1,
AAGAGGATGTACGCGA-1,
AAGAGGCATGGATCGC-1,1.0
AAGATTGGCGGAACGT-1,1.0
AAGCACCCTGCGTATC-1,
AAGCATACTCTCCTGA-1,1.0
AAGCCGAAGCGGTTTA-1,
AAGCGCAGGGCTTTGA-1,1.0
AAGCGTCCCTCATCGA-1,1.0
AAGCTAGATCGAGTAA-1,
AAGCTCGTGCCAAGTC-1,1.0
AAGCTCTTTCATGGTG-1,
AAGGAGCGGTTGGTGC-1,1.0
AAGGATCGATCGCTTG-1,
AAGGATGAGGGACCTC-1,1.0
AAGGCGCGTAAAGCTT-1,1.0
AAGGCTGTGCTCATCG-1,
AAGGGACAGATTCTGT-1,1.0
AAGGGACTATGCATTC-1,1.0
AAGGTATCCTAATATA-1,
AAGGTGATAAACCAGC-1,
AAGTAGAAGACCGGGT-1,1.0
AAGTAGTGACGCGAGG-1,1.0
AAGTCAATTGTCGTCA-1,
AAGTGACGACCGAATT-1,
AAGTGAGTCGGGTTTA-1,
AAGTGCCTTGACTGTA-1,
AAGTGCGTTAGAATCT-1,
AAGTGTTTGGAGACGG-1,1.0
AAGTTCACTCCAAGCT-1,
AAGTTCAGTCTGCGTA-1,1.0
AAGTTCGGCCAACAGG-1,1.0
AAGTTTATGGGCCCAA-1,1.0
AATAACAACGCTCGGC-1,
AATAACACTAGAACAA-1,1.0
AATACCGGAGGGCTGT-1,
AATAGAACAGAGTGGC-1,1.0
AATAGAATCTGTTTCA-1,
AATATCAAGGTCGGAT-1,1.0
AATATCGAATCAATGC-1,
AATATCGAGGGTTCTC-1,1.0
AATATTGGAGTATTGA-1,1.0
AATCATGTAAAGACTC-1,1.0
AATCCAAGGGCCTGAG-1,1.0
AATCGCCTCAGCGCCA-1,
AATCGCGCAGAGGACT-1,
AATCGGGACACTACGA-1,1.0
AATCGTGAGCCGAGCA-1,
AATCTAGGTTTACTTG-1,1.0
AATCTATGCCGGAGCC-1,1.0
AATCTCTACTGTGGTT-1,1.0
AATCTGCGTTGGGACG-1,1.0
AATCTGGCTTTCTAGT-1,1.0
AATGACAGCAATGTCT-1,
AATGACGTAGGATGTC-1,1.0
AATGACTGTCAGCCGG-1,
AATGATGATACGCTAT-1,
AATGATGCGACTCCTG-1,1.0
AATGCAACCGGGTACC-1,1.0
AATGCACCAAGCAATG-1,1.0
AATGGTCCACCGTTCA-1,1.0
AATGGTTCTCACAAGC-1,
AATGTGCCCGAGGTGT-1,
AATTAAAGGTCGGCGT-1,1.0
AATTAGCGCTGCAGCG-1,
AATTCATAAGGGATCT-1,
AATTCCAAGCATGTAC-1,
AATTCGATTCGAGGAT-1,
AATTCTAGAGTTAGGC-1,
AATTGAACGCTCTGGT-1,
AATTTGGGACATAGTA-1,1.0
AATTTGGTTCCAAAGA-1,
ACAAATCGCACCGAAT-1,
ACAAATGGTAGTGTTT-1,
ACAACAGCATGAGCTA-1,
ACAACGGTCCCTGCGA-1,1.0
ACAAGCAGTGCCTAGC-1,
ACAAGGAAATCCGCCC-1,1.0
ACAAGGACAAGAGGTT-1,
ACAAGGATGCTTTAGG-1,1.0
ACAAGGGCAGGCTCTG-1,1.0
ACAATAGTCGTACGTT-1,
ACAATCCATTTAAACC-1,
ACAATGAATACGGAGA-1,
ACAATTGTGTCTCTTT-1,1.0
ACAATTTGAGCAGTGG-1,1.0
ACACAAAGACGGGTGG-1,1.0
ACACACCAGGACCAGT-1,
ACACACTTTCTACACG-1,
ACACCCAGCATGCAGC-1,
ACACCCGAGAAATCCG-1,
ACACCTTAAGTAGGGC-1,
ACACCTTACTACTTGC-1,
ACACGAGACTCCTTCT-1,1.0
ACACGGGAACTTAGGG-1,
ACACTGATCAAGGTGT-1,
ACAGAACTGAGAACAA-1,1.0
ACAGATTAGGTTAGTG-1,
ACAGCATAGAGCCAGT-1,
ACAGCGACATTCTCAT-1,
ACAGCGCACCCGCAGC-1,1.0
ACAGGTGGAGGTGAGG-1,1.0
ACAGTAATACAACTTG-1,1.0
ACATAATAAGGCGGTG-1,
ACATCAGCTGGGACGC-1,1.0
ACATCCCGGCCATACG-1,
ACATCCTGGTAACTGT-1,1.0
ACATCGATCGTTTACC-1,
ACATCGGTCAGCCGCG-1,1.0
ACATCGTATGCAATGG-1,1.0
ACATCGTTAACCTAGT-1,1.0
ACATGGCGCCAAAGTA-1,
ACATTAGTTTATATCC-1,1.0
ACCAACGCTTATTTAT-1,1.0
ACCAAGAACGCGTGTC-1,1.0
ACCAATATGCAAGTTA-1,
ACCACAAGTTTCTATC-1,
ACCACCAATGTAACAA-1,1.0
ACCACGTGCAGCTATA-1,1.0
ACCAGTGCGGGAGACG-1,
ACCATATCCGCAATAA-1,
ACCATCCGCCAACTAG-1,
ACCATCGTATATGGTA-1,
ACCCAACGCCCGTGGC-1,
ACCCACCTACATGCTC-1,1.0
ACCCATTTGTCCCTCT-1,
ACCCGAGCGAAATTAC-1,1.0
ACCCGGAAACTCCCAG-1,
ACCCGGATGACGCATC-1,
ACCCGGTTACACTTCC-1,
ACCCGTGTCATCAGTA-1,1.0
ACCCTCCCTTGCTATT-1,1.0
ACCCTTCATCTGCGAA-1,
ACCGAAAGGGCCCTGC-1,
ACCGACTGAGTCCCAC-1,
ACCGATGGTAGCATCG-1,1.0
ACCGCGGTGGAAGTCG-1,
ACCGGGCCTTTGTTGA-1,
ACCTAAGTACCTTTCA-1,1.0
ACCTAATCGACTTCCT-1,
ACCTACAGTATGTGGT-1,
ACCTACTATAAATCTA-1,1.0
ACCTCCGTTATTCACC-1,
ACCTGCGTGTCATGTT-1,1.0
ACGAAATGGGCGGCAC-1,
ACGACTGGTCATACTC-1,1.0
ACGAGATATTTGCTTA-1,1.0
ACGAGGATACCACTCT-1,
ACGAGTACGGATGCCC-1,1.0
ACGATACATAGAACTA-1,
ACGATCATACATAGAG-1,
ACGATCATCTTGTAAA-1,1.0
ACGATGCATATGTTAT-1,
ACGATGGATCCGATGC-1,1.0
ACGCAATCACTACAGC-1,1.0
ACGCATACGTTTACTA-1,
ACGCATTCGTGAGTAC-1,
ACGCCAGATGATTTCT-1,
ACGCCGCTAGACGACC-1,
ACGCGAAGTCAGACGA-1,
ACGCGCTACACAGGGT-1,1.0
ACGCGGGCCAAGGACA-1,
ACGCTAGTGATACACT-1,1.0
ACGCTGTGAGGCGTAG-1,1.0
ACGGAATTTAGCAAAT-1,1.0
ACGGACTCTCAAAGCG-1,
ACGGATGGTGCGGATA-1,1.0
ACGGCACTTGCTTGGG-1,
ACGGCCAACATGGACT-1,1.0
ACGGCGACGATGGGAA-1,
ACGGGAGTGTCGGCCC-1,
ACGTACAGATTTCTCT-1,
ACGTAGATTGCTGATG-1,1.0
ACGTATTACTCCGATC-1,
ACGTGCGCCTCGTGCA-1,
ACGTTAATGTCGAAGA-1,1.0
ACGTTAGATTTGCCCG-1,1.0
ACGTTCCGCGCTCCGT-1,
ACGTTCGCAATCAATT-1,
ACGTTCGTTCAGGAAA-1,
ACGTTTAGTTGTGATC-1,
ACTACCAGCTCTCTGG-1,1.0
ACTACGCGTTAGAATT-1,1.0
ACTAGTTGCGATCGTC-1,
ACTATTCGTCCGTGGT-1,
ACTATTTCCGGGCCCA-1,
ACTCAAGTGCAAGGCT-1,1.0
ACTCAATAAAGGCACG-1,1.0
ACTCAGACCTGCTTCT-1,
ACTCCAATATCATCAT-1,
ACTCCCATTCCTAAAG-1,
ACTCCCGAATTCGTTT-1,
ACTCCCTAATGCTAAA-1,
ACTCCCTAGAATAGTA-1,
ACTCGTAACCCGTCCT-1,
ACTCGTCAGTAATCCC-1,1.0
ACTCTCTGACTTAGGT-1,
ACTCTTGTATAGTAAC-1,1.0
ACTGAAACGCCGTTAG-1,
ACTGAATGGCGAAAGT-1,1.0
ACTGCCGTCGTAACTC-1,
ACTGTACGATACACAT-1,
ACTGTAGCACTTTGGA-1,1.0
ACTGTATACGCGAGCA-1,1.0
ACTGTCCAGGATTATA-1,
ACTGTCTTCTTTAGAA-1,
ACTGTGCTAGTAGATC-1,
ACTTAGTACGACAAGA-1,
ACTTATACTTACCCGG-1,1.0
ACTTATTAGGATCGGT-1,1.0
ACTTATTTATGTGCCA-1,
ACTTCCATGCGGGACA-1,1.0
ACTTCGCCATACGCAC-1,1.0
ACTTGACTCCCTCTTT-1,1.0
ACTTGGGACCCGGTGG-1,
ACTTGTAGTCCCTTCA-1,
ACTTGTGGATGGAACG-1,
ACTTTACCCTCATGAA-1,1.0
ACTTTCCTATAGCTTC-1,
ACTTTGACTGCATCCT-1,1.0
AGAACGTGGTACATTC-1,
AGAAGAGCGCCGTTCC-1,1.0
AGAAGGTACACTTCAC-1,
AGAAGGTTGCCGAATT-1,1.0
AGAAGGTTGTAGGTCG-1,
AGAAGTGATTCGTGAT-1,
AGAATAAATCTTCAGG-1,1.0
AGAATTATGGATTCGA-1,
AGAATTGTTTGACATA-1,1.0
AGACCATGGGATACAA-1,1.0
AGACCCACCGCTGATC-1,
AGACCCGCCCTCCTCG-1,
AGACCGGGAAACCCTG-1,
AGACGAAGTGCCGGTC-1,
AGACGACGATGCCGCT-1,
AGACTAGCCTTCCAGA-1,
AGACTGTTACCGGGTC-1,1.0
AGAGAACCGTCTAGGA-1,1.0
AGAGAAGGAGTACAAT-1,1.0
AGAGATCTCTAAAGCG-1,1.0
AGAGCAGTTATGAGAC-1,1.0
AGAGCGGGCTAATCAT-1,
AGAGCGTACAAGCTCG-1,1.0
AGAGGCTTCGGAAACC-1,
AGAGTAAACTTCACTA-1,
AGATAACTTCAGGGCC-1,
AGATACGACTTCATAT-1,1.0
AGATACTCAAGATCGA-1,1.0
AGATATAATACGACTA-1,
AGATCGTGCATAAGAT-1,
AGATCTCAGGTGTGAT-1,
AGATGACTCGCCCACG-1,1.0
AGATGATGGAGTCTGG-1,
AGATGCAAGACGTGCA-1,1.0
AGATTATAGGACGTTT-1,
AGATTCACAACCGATA-1,
AGCAAAGGCCGCTAGT-1,
AGCAACATATCTTATT-1,
AGCAACCGAAAGTAAT-1,
AGCACCAGTACTCACG-1,
AGCACTACCGGCCTGT-1,1.0
AGCACTACCTCACCAG-1,1.0
AGCACTTAAGGACGCC-1,
AGCAGAAGGAGAAAGA-1,
AGCATATCAATATGCT-1,1.0
AGCATCATTTCGAAAG-1,
AGCATCGTCGATAATT-1,
AGCCAAGCTTTGTGTC-1,
AGCCACAGGTTACCCG-1,
AGCCACTCCCGTGCTT-1,
AGCCCATACATGTAAG-1,1.0
AGCCCGCAACAAGCAG-1,1.0
AGCCCGGTAGCCTGTA-1,
AGCCCTAAGCGAAGTT-1,
AGCCCTTCTAATCCGA-1,1.0
AGCCGTGGCTAAATGT-1,1.0
AGCCTAATACCCACGT-1,
AGCGACAGGAACGGTC-1,1.0
AGCGACATCCCATTCA-1,
AGCGACCAACGATATT-1,
AGCGCGGGTGCCAATG-1,1.0
AGCGGACACTTCGTAG-1,
AGCGGCGGTTAGCGGT-1,1.0
AGCGGGAAGGGTCCAT-1,
AGCGGGTCTGACACTC-1,
AGCGTGGTATTCTACT-1,
AGCTAACAAGCAATGT-1,
AGCTAAGTACGCAGGC-1,
AGCTAGAAGCAGAAGT-1,
AGCTATTTAATCCAAC-1,
AGCTCTAGACGTTCCA-1,1.0
AGCTCTTCCCAGTGCA-1,
AGCTCTTTACTCAGTT-1,1.0
AGCTGAAGTAAACCAA-1,
AGCTGTAACCTCAATC-1,
AGCTTGATCTTAACTT-1,
AGGAAGCTGTCCGCCG-1,1.0
AGGACAGTCGAATCCC-1,
AGGACATCGCACGTCG-1,1.0
AGGACGACCCATTAGA-1,
AGGACGCTCGATGTTG-1,1.0
AGGAGGCCTTCGCGCG-1,
AGGATAAAGTCGGGAT-1,1.0
AGGATATAGGGATTTA-1,
AGGATCACGCGATCTG-1,
AGGCAGATGCGTAAAC-1,
AGGCAGGGAGCGTACT-1,
AGGCATTGTCGTAGGG-1,
AGGCCACCCGTTATGA-1,
AGGCCCATTGTACAGG-1,1.0
AGGCCCTAGAACGCCA-1,
AGGCCTGAGAATCTCG-1,
AGGCTATGGTTAGCTT-1,1.0
AGGCTTCCCGAAGAAG-1,
AGGGAAACGAGGTACT-1,
AGGGACCGGCTGCGTT-1,1.0
AGGGAGACATACTTCG-1,1.0
AGGGCAGCGGCGTGGT-1,1.0
AGGGCGAGCAGCTGAT-1,
AGGGCGTGATCGGCTA-1,
AGGGCTGCAGTTACAG-1,1.0
AGGGTCAGAGCACTCG-1,
AGGGTGCCGTTCTTTA-1,
AGGGTGCTCTCGAGGG-1,
AGGGTGGATAGTGCAT-1,1.0
AGGGTTCAGACGGTCC-1,
AGGGTTCCCTTTGGTT-1,
AGGGTTTAGTTCGGGA-1,1.0
AGGTAACCTCCTATTC-1,
AGGTACGATATTGCCA-1,
AGGTAGATCGAGATAT-1,
AGGTAGGTACAAAGCT-1,
AGGTATAATTGATAGT-1,1.0
AGGTCGCGGAGTTACT-1,1.0
AGGTGGTGACCTTCGC-1,
AGGTGTATCGCCATGA-1,1.0
AGGTTGAGGCACGCTT-1,1.0
AGGTTTCACACACCTT-1,
AGTAATGTCTTGCCGC-1,1.0
AGTACATCATTTATCA-1,
AGTACGGCCCGTATCG-1,1.0
AGTACGGGCACCTGGC-1,
AGTACTCTTATGCCCA-1,1.0
AGTAGGAAGGAAGTTG-1,1.0
AGTATAATACTAGGCA-1,1.0
AGTATGCTGGAGACCA-1,1.0
AGTATTTGGCACGACC-1,
AGTCAACACCACCATC-1,
AGTCAAGATGACACTT-1,1.0
AGTCACTAGCTCTCGA-1,1.0
AGTCAGCCACCGCCTG-1,1.0
AGTCCATTGGCTGATG-1,1.0
AGTCCCGCCTTTAATT-1,
AGTCGACGGTCTCAAG-1,
AGTCGGCCCAAACGAC-1,1.0
AGTCGGCTCAACTTTA-1,
AGTCGGTTGCGTGAGA-1,
AGTCGTATAAAGCAGA-1,
AGTCGTCGACCACCAA-1,
AGTCGTGGGCATTACG-1,1.0
AGTCTAAAGTATACTC-1,1.0
AGTCTCACAAGACTAC-1,1.0
AGTCTTCTCCTCAAAT-1,
AGTCTTTAAAGTGTCC-1,
AGTGAACAAACTTCTC-1,
AGTGACCTACTTTACG-1,
AGTGAGACTTCCAGTA-1,
AGTGAGCCTCGCCGCC-1,
AGTGATAACCTGCGCG-1,
AGTGATATGAGTAGTT-1,
AGTGATTCAAGCAGGA-1,
AGTGCACGCTTAAGAA-1,
AGTGCGTAGCTCGTAA-1,
AGTGCTAAACACAGCA-1,
AGTGCTTGCACGAATA-1,
AGTGGCGGCAATTTGA-1,1.0
AGTGGCGTCTGAAGGT-1,
AGTGGCTCCGTCGGCC-1,
AGTGGTGTTACCCGTG-1,
AGTGGTTGCGTATAGG-1,1.0
AGTGTATTGCGCATTG-1,1.0
AGTGTGGTCTATTGTG-1,
AGTTAAACACTTGCGA-1,1.0
AGTTAAGCGGTCCCGG-1,
AGTTAAGTCAACCGCT-1,1.0
AGTTACTCTATCGTGG-1,
AGTTCCTACAGAATTA-1,
AGTTCCTATTTATGTT-1,1.0
AGTTGACGGTCCTTGC-1,
AGTTTCGCAGGTCGGA-1,1.0
AGTTTGCACCTGCCTC-1,1.0
AGTTTGGCACGGGTTG-1,1.0
AGTTTGGCCAGACCTA-1,
ATAAACGGACCCGTAA-1,
ATAAAGGCTCGGTCGT-1,
ATAAATATTAGCAGCT-1,1.0
ATAACGCCGGAGGGTC-1,
ATAACGGAGTCCAACG-1,
ATAAGGTGGAGAACAT-1,
ATAAGTAGGATTCAGA-1,1.0
ATAAGTTACCGCGACG-1,
ATAATAGCTGTTGAAT-1,
ATAATAGTGTAGGGAC-1,1.0
ATAATCTTGGAGAACC-1,
ATAATTAGCTAAGTAG-1,
ATACAGGCCCTCCAAT-1,1.0
ATACCACGGGCAACTT-1,1.0
ATACCAGGCTAATAGA-1,1.0
ATACGCCGGCGAAACC-1,
ATACGGAACGTCGTTT-1,1.0
ATACGGGTTTCGATTG-1,
ATACGGTGAAGATGCA-1,
ATACGTACTTAGCCAC-1,1.0
ATACGTCCACTCCTGT-1,
ATACTAGCATGACCCT-1,
ATACTGCCTTACACCG-1,
ATACTTGTTCTCGAGC-1,1.0
ATAGACAACGGGACCT-1,
ATAGACGAAGAGAAAG-1,
ATAGAGTACTGGGACA-1,
ATAGAGTTATCAACTT-1,
ATAGGCGGCTATAGAA-1,
ATAGGCTAGCTTCGCA-1,1.0
ATAGGGATATCCTTGA-1,
ATAGGTTGGGCAGATG-1,1.0
ATAGTGAAGCGTTCTC-1,
ATAGTTCCACCCACTC-1,
ATATAAAGCGCTCGTG-1,
ATATAAATGTAGCTGC-1,
ATATCGGTAGGGAGAT-1,1.0
ATATCGTTCCTCGAAC-1,
ATATCTCCCTCGTTAA-1,
ATATCTTAGGGCCTTC-1,
ATATGTCTCCCTAGCC-1,1.0
ATATTCAGTTAAACCT-1,
ATATTCCCACAGGTCA-1,1.0
ATATTGCTGTCAAAGT-1,
ATATTTAACCCTCAAG-1,
ATCAAACACTGTTCCA-1,1.0
ATCAAACGAAGGTTTG-1,1.0
ATCAATCTGGGCTGCA-1,1.0
ATCACGTGCTAATTAA-1,
ATCACTTCATCCTCGC-1,1.0
ATCAGACGGCACGCCG-1,
ATCAGCCTCATGCTGC-1,1.0
ATCAGCTCGTCCACTA-1,1.0
ATCAGTAGGCAGGGAT-1,
ATCCAACGCAGTCATA-1,1.0
ATCCAATGGAGGGTCC-1,1.0
ATCCAATGGTACCGAA-1,1.0
ATCCACATCGACAGAA-1,
ATCCAGAGCAACAACC-1,1.0
ATCCAGGATTCGTGAA-1,
ATCCTACCTAAGCTCT-1,
ATCCTGAATCGCTGCG-1,
ATCCTGCGTGGAATGG-1,
ATCGACCCAATACAGA-1,
ATCGACTCTTTCCGTT-1,
ATCGCACGCCGGGAGA-1,1.0
ATCGCCAGTCAACATT-1,
ATCGGCAAGCAGTCCA-1,1.0
ATCGGTTACCTAGTAA-1,
ATCGTTAGCTAGCGGA-1,
ATCTAATATCCTACGG-1,
ATCTAGCTTGTGAGGG-1,1.0
ATCTCCCTGCAATCTA-1,1.0
ATCTGACATGGAAGGA-1,
ATCTGCACCTCTGCGA-1,
ATCTGCTGTTATCGCC-1,
ATCTGGTTAAGACTGT-1,
ATCTGTAATTGTACCC-1,
ATCTTGACCTGCAACG-1,
ATCTTGACTTGTCCAA-1,1.0
ATGAAGCCAAGGAGCC-1,
ATGACGCCGGCTCTAA-1,1.0
ATGACGCGTTCTATCC-1,1.0
ATGACTATCAGCTGTG-1,1.0
ATGACTATGCGACATT-1,
ATGAGGAGTGTTAATC-1,1.0
ATGATCGGGAATAGAC-1,1.0
ATGATGCAATGGTACA-1,
ATGCACTACCGCATTG-1,
ATGCATGATCCAGGAT-1,
ATGCCATTTGCGACCA-1,1.0
ATGCCGGTCTTGCATA-1,
ATGCCGGTTGATGGGA-1,
ATGCGACAGTCCCATT-1,
ATGCGAGTCCCACCAC-1,1.0
ATGCTCAGTGTTGCAT-1,1.0
ATGCTCTGGCGCGGTA-1,1.0
ATGGAGCAGGCCGTGA-1,1.0
ATGGATCCGGCGTCCG-1,1.0
ATGGATTGACCAAACG-1,1.0
ATGGCAGCCGAGAAAC-1,1.0
ATGGGACCTGCTGAAC-1,1.0
ATGGGCCTCGGCCTCT-1,
ATGGTCGCGTGGTTTC-1,
ATGTAAGGCTGCTCTT-1,1.0
ATGTACGATGACGTCG-1,
ATGTAGCGCGCGTAGG-1,1.0
ATGTGCATCCGACGCA-1,1.0
ATGTGGACATCTTGAT-1,
ATGTTACGAGCAATAC-1,1.0
ATGTTCGTCGACCCAC-1,
ATGTTGTAGTCTGTTT-1,
ATTAAACATGCGGACC-1,
ATTAATACTACGCGGG-1,1.0
ATTAATGAACCAGTCG-1,
ATTAATTCGGTCACTC-1,
ATTACAACTACCGGCC-1,
ATTACATGTCAGTCTT-1,1.0
ATTACGCGCTGGCAGG-1,
ATTACTAGCCTCTTGC-1,1.0
ATTACTTACTGGGCAT-1,1.0
ATTAGATTCCTCAGCA-1,1.0
ATTAGATTGATAGCGG-1,1.0
ATTAGGCGATGCTTTC-1,
ATTATACTTTGCTCGT-1,1.0
ATTATCGGAATGTACG-1,
ATTATCTCGACAGATC-1,
ATTATGCCATAGGGAG-1,1.0
ATTCAACCATTTAAGG-1,
ATTCACTGATGTTGGA-1,1.0
ATTCAGGACCTATTTC-1,
ATTCAGTAGCAGGGTC-1,1.0
ATTCATATACTGTCCA-1,
ATTCATCGTTGAGGCA-1,
ATTCCCACATAAACAA-1,1.0
ATTCCTCCGCCAGTGC-1,
ATTCGACGCCGGGCCT-1,
ATTCGTGCTATCTCTT-1,
ATTGAAGATCTTAGTG-1,
ATTGACGTAACTCGGT-1,
ATTGATGAGTCCTAAC-1,1.0
ATTGCCTTTATGTTTG-1,
ATTGCTGCTCCTCCAT-1,1.0
ATTGGATTACAGCGTA-1,
ATTGTACAACTCGGCT-1,
ATTGTCGCAATACCTT-1,
ATTTACAGTTTACTGG-1,1.0
ATTTACTAAGTCCATT-1,1.0
ATTTCATTATTTCGCG-1,1.0
ATTTCCGGGTTCTGCG-1,
ATTTGCGCGAGTAGCT-1,1.0
ATTTGTCTTGGGAGCT-1,
ATTTGTTCCAGGGCTC-1,
CAAACGAGTATCGCAG-1,1.0
CAAACGGTCGCACTTT-1,1.0
CAAACTACGATAGAGA-1,
CAAACTATTGAGCTTC-1,1.0
CAAACTCGCGACGCCG-1,
CAAAGATTATTGGGCC-1,1.0
CAAATCTCTCACAAGG-1,
CAAATTGTCAGCAAGC-1,
CAACGACCCGTTTACA-1,
CAACGGTTCTTGATAC-1,
CAACTATATCGAATGC-1,
CAACTCCTTGATCCCG-1,1.0
CAACTGCTCATCCGAT-1,1.0
CAACTTGTAGTGGGCA-1,1.0
CAAGAGGGCGGAGTAC-1,
CAAGATATTATAACGT-1,
CAAGCAACGTCGGAGT-1,
CAAGCACCAAATGCCT-1,
CAAGCGGCACATAATT-1,1.0
CAAGGATCGCATGTTC-1,1.0
CAAGGTCCTATAGGCT-1,
CAAGTAAGTGATAGAC-1,
CAAGTGTGGTTGCAAA-1,
CAATAAACCTTGGCCC-1,
CAATACGCTCTGAGGC-1,1.0
CAATATTCTTGACCTA-1,
CAATCCCTATACCAGC-1,
CAATGCGAGAAGTATC-1,
CAATGGATCTCTACCA-1,
CAATGTGCCAACCCTT-1,
CAATTAAGGGTGATGA-1,
CAATTTCGTATAAGGG-1,
CACAATGAGCTGCTAT-1,
CACACACGCTAACGAG-1,
CACACAGGGATAGATT-1,1.0
CACAGCACCCACGGCA-1,
CACAGCTAGGGAGTGA-1,2.0
CACAGGGCCATATAGT-1,
CACAGGGCCGTTGTCA-1,
CACATATTAGCAGGAT-1,
CACATGATTCAGCAAC-1,
CACATTCTTTCGATGG-1,
CACATTTCTTGTCAGA-1,
CACCACGCCACACAGA-1,1.0
CACCAGTCAGCATGCA-1,1.0
CACCATCGGAGGAGAC-1,
CACCCACACGTCACCC-1,
CACCCACGAGGCAATT-1,
CACCCGGTTTGTGACT-1,1.0
CACCCTAACAAGATCT-1,
CACCCTTGGTGAGACC-1,
CACCGATACACCGAGC-1,1.0
CACCGCCAGAAGGTTT-1,1.0
CACCGCCGACCAGCGA-1,
CACCGTATCCCATCCG-1,
CACCGTTAGGGATCAC-1,1.0
CACCGTTGCGCGATAT-1,
CACCTAATAGAGTCGT-1,1.0
CACCTAATCAGTTTAC-1,1.0
CACCTCGATGGTGGAC-1,
CACCTTGCGAAACTCG-1,
CACCTTGGCGCCTTTG-1,1.0
CACGAAAGTTAGTCCC-1,1.0
CACGCACAGCGCAGCT-1,
CACGCAGCGAGGCTTT-1,1.0
CACGCGGAACTGTTGC-1,
CACGGGATTGAGGGTT-1,1.0
CACGTCGGCAACCTCT-1,
CACGTTCGTGCTCTAG-1,1.0
CACGTTTCGTACACAC-1,
CACTAAAGTTGCCTAT-1,
CACTCAAGAGCTATGG-1,1.0
CACTCAGCTCTTGAGG-1,
CACTCCTATGTAAGAT-1,1.0
CACTCCTCTCGGTCGG-1,
CACTCGAGCTGAACAA-1,
CACTCGGTTAGGAGGA-1,
CACTCTTCTGCTAGCC-1,
CACTGACGATTGTGGA-1,
CACTGTCCAAGTGAGA-1,1.0
CACTTAATCAGACGGA-1,1.0
CACTTCGCCACAGGCT-1,
CAGACACCGATCGCTG-1,1.0
CAGACCTGTAAGTGTT-1,
CAGACGAACCTGATAC-1,1.0
CAGAGACGGTCACCCA-1,1.0
CAGAGCATGAGCTTGC-1,1.0
CAGAGGCGATGCATGA-1,
CAGAGTGATTTAACGT-1,1.0
CAGATACTAACATAGT-1,
CAGATCATTTAAAGTC-1,1.0
CAGATCCTGGTTTGAA-1,
CAGCAGCCCGTTCCTT-1,
CAGCAGTCCAGACTAT-1,
CAGCAGTCTGTGCTGC-1,
CAGCCGGGCCCTCTAT-1,
CAGCCTCCTGCAGAGG-1,
CAGCCTCTCCTCAAGA-1,1.0
CAGCGATTCCCTTCAA-1,1.0
CAGCTCACTGAGACAT-1,
CAGCTCGACAAGTTAA-1,
CAGCTCGTGCTTGTGT-1,
CAGCTGGCGTAACCGT-1,
CAGCTTAGTAGGTAGC-1,
CAGGAAGACTTTATAT-1,
CAGGATATATCGTTGT-1,
CAGGCAGTCTTACCAG-1,
CAGGCCGTTTGGGTGT-1,
CAGGCGCACGGTGGTC-1,
CAGGCGCCATGCTAGG-1,
CAGTAACTATTTATTG-1,
CAGTAATCCCTCCCAG-1,1.0
CAGTACATTCTCTAAA-1,
CAGTACCAGTTTACGT-1,1.0
CAGTAGCCCACGCGGT-1,1.0
CAGTCGAGGATGCAAT-1,1.0
CAGTCTGTATACTGGG-1,
CAGTGAATAAATGACT-1,
CAGTGTCCGCAGAATG-1,1.0
CAGTGTCGGCTGGCCC-1,
CAGTTCAAATTGACAC-1,
CAGTTCCGCGGGTCGA-1,1.0
CATAACGGACAGTCGT-1,1.0
CATAAGAAGCTTGGCT-1,1.0
CATAAGCTCTCCGTCT-1,1.0
CATACAAAGCCGAACC-1,1.0
CATACACGGTTCCCAC-1,1.0
CATACCCGTACCCAGT-1,
CATACGAACTAGCTGG-1,
CATACGGCGTCTGGGC-1,1.0
CATACTATGTAATTGT-1,1.0
CATACTTAGGCAATAC-1,
CATACTTCTTTCTCCG-1,1.0
CATAGCCGCCCGGGAT-1,1.0
CATAGCGTTGCCCACC-1,1.0
CATAGTACATTGAGAG-1,1.0
CATAGTAGCATAGTAG-1,1.0
CATAGTCCACAAGAAC-1,1.0
CATATACTACTGATAA-1,
CATATAGGTACAGTCA-1,
CATATGTCAGGCTACG-1,
CATATTATTTGCCCTA-1,1.0
CATCATCTACCCGGAC-1,
CATCATTACCCTGAGG-1,1.0
CATCCTCTCAAAGATC-1,
CATCGGACGGGTTAAT-1,
CATCTATCCCGTGTCT-1,
CATCTTACACCACCTC-1,
CATGAACCGACATTTG-1,
CATGACTTCGCTGAAT-1,1.0
CATGAGATGCACTCTC-1,1.0
CATGATGCACAATTCT-1,
CATGATGGAAGTTAGC-1,
CATGCCAACTCGCAAA-1,
CATGCGACCAGTTTAA-1,1.0
CATGCGTTAGACAGAA-1,
CATGCTGGCTCCAATT-1,1.0
CATGGATTGTCTTCCG-1,
CATGGCAGGAAGATCG-1,
CATGGGTATGCCTTAT-1,1.0
CATGGGTCGGGTGTGG-1,
CATGGTAAGTAGCGTT-1,
CATGGTCTAGATACCG-1,1.0
CATGTAAGAGACATTT-1,1.0
CATGTCTCATTTATGG-1,1.0
CATTACGTCGGCCCGT-1,
CATTATGCTTGTTGTG-1,
CATTGCGAAATGGGCG-1,1.0
CATTTAGCGGACCATG-1,
CATTTCTAGCAGACTA-1,1.0
CATTTGAGTGGTACGT-1,1.0
CCAAACAGAACCCTCG-1,1.0
CCAACCTTATGTAACT-1,
CCAACGATGCACTGAT-1,1.0
CCAAGAAAGTGGGCGA-1,
CCAAGACTTCTGCGAA-1,
CCAAGCGTAACTCGTA-1,
CCAAGGAACAGAGAGG-1,
CCAATAGTGCCGTCGA-1,
CCAATCGGTAGATCGA-1,
CCAATGTCACAGCAAG-1,
CCAATTACGGGTCGAG-1,
CCAATTGAATGTTAAT-1,
CCACAATGTACGTCTT-1,
CCACACTGAGATATTA-1,
CCACAGTACCCATCCT-1,1.0
CCACCAACTTTACTGT-1,1.0
CCACCCAAGGAAAGTG-1,1.0
CCACGGAGCCATAAGA-1,
CCACGGTGCCCGGTAG-1,
CCACTGGTGGCTGGTT-1,
CCAGAAAGCAACTCAT-1,1.0
CCAGATAGTTGAGTGA-1,1.0
CCAGCCTGGACCAATA-1,
CCAGCTCGAACGCATT-1,
CCAGCTGATGGTACTT-1,1.0
CCAGCTTCCGCCCGCA-1,1.0
CCAGGGACGTGGCCTC-1,1.0
CCAGTAGTCTGATCCA-1,
CCAGTCAAATCTCTTA-1,
CCAGTCTAGACGGCGC-1,
CCATAAACAACCCGAC-1,
CCATACCTTTACTTGT-1,
CCATAGGTTGGCGTGG-1,
CCATATGGAAACTATA-1,
CCATCCATACCAAGTC-1,
CCATCGCAGTTAAACT-1,1.0
CCATCTCACCAGTGAA-1,
CCATGCCCTAGATTTC-1,
CCATGCCTGTTTAGTA-1,
CCATGCTCTGCAGGAA-1,1.0
CCATGGCCCTTGTACC-1,1.0
CCATTAGCGATAATCC-1,
CCATTCCCTGCCCACA-1,
CCATTTCTACCTATTA-1,
CCCAAACATGCTGCTC-1,
CCCAACATACGTCGCG-1,1.0
CCCAACCACACTAACA-1,
CCCAATGAGATTTGCA-1,
CCCAATTTCACAACTT-1,
CCCAGAGGAGGGCGTA-1,1.0
CCCAGTAAACTTGGGA-1,
CCCAGTTAAGGCGCCG-1,1.0
CCCGAAGTTTCGCGAA-1,1.0
CCCGACCATAGTCCGC-1,1.0
CCCGAGTTTCTCCGTA-1,1.0
CCCGCAGCGCGAACTA-1,
CCCGCAGGGCCCAAAG-1,
CCCGCCATGCTCCCGT-1,1.0
CCCGCGCAATGCACCC-1,1.0
CCCGGTGTATCGGAAT-1,
CCCGTAAGTCTAGGCC-1,
CCCGTCAGCGTCTGAC-1,
CCCGTTTCGCAGATGT-1,
CCCTATGTAGAGCAGA-1,1.0
CCCTCATTCTGGAATT-1,
CCCTCCTCGCTCGTAT-1,
CCCTGAAATGAGTTGA-1,1.0
CCCTGACTAACAAATT-1,1.0
CCCTGCCCAATCCGCT-1,
CCCTGCGCTACGCATA-1,1.0
CCCTTTGACAGGTCTT-1,
CCGAAAGTGGTGAGCA-1,1.0
CCGAACCTTCCCGGCC-1,
CCGAAGTATATTGTTC-1,1.0
CCGACAAAGGGAGTGC-1,1.0
CCGACGGGCATGAGGT-1,1.0
CCGAGAAGTCGCATAA-1,
CCGATCTCAACCTTAT-1,
CCGATTCGAGGGACCC-1,
CCGCACAAAGACCAAC-1,
CCGCACGTGACCTCGG-1,
CCGCATGTGGTACGAT-1,1.0
CCGCCGGTCAACACAC-1,1.0
CCGCCTGCGAATTGGT-1,
CCGCGATTTGGTAGGT-1,1.0
CCGCGGAATGCGTCAC-1,
CCGCGGGTACGAAGAA-1,
CCGCGTAGGTAAGGGC-1,
CCGCTATCAGCACCAG-1,
CCGCTTACCTCACTCT-1,1.0
CCGGAATGGTTTCAGT-1,1.0
CCGGAGCGTACTTTCT-1,
CCGGCACGACCGTTTC-1,1.0
CCGGCGCATATTGGAT-1,1.0
CCGGCGTGAGACTCTG-1,
CCGGGCGGTCTCGTCA-1,
CCGGGCTGCTCCATAC-1,
CCGGGTTCGAGGTTAC-1,
CCGGTAATGGCTAGTC-1,
CCGTAAGTTGGTCCCA-1,1.0
CCGTACCCAAGCGCCA-1,1.0
CCGTAGGAAATCCCTG-1,
CCGTATCTCGTCGTAG-1,1.0
CCGTGCCCATGACGGC-1,
CCGTGGAACGATCCAA-1,1.0
CCGTGTTAAATTCCAT-1,
CCGTTACGTTAGAACA-1,
CCGTTCCGAATCTCGG-1,
CCTAAAGGCTGACGCT-1,
CCTAAATTAACGGTTC-1,
CCTAACCCAAACAAGT-1,
CCTAACTAAGGCTCTA-1,1.0
CCTACATTCACAGACG-1,1.0
CCTACGGCTCAGTCGA-1,1.0
CCTACTGCTTACACTT-1,
CCTAGGCGTAGCGATC-1,
CCTAGGTAAAGGTAGC-1,1.0
CCTAGTTAGTCGCATG-1,
CCTATATTTGTCCTGG-1,
CCTATGAAGTGGTGCC-1,
CCTATGGCTCCTAGTG-1,1.0
CCTATGGGTTACCGTC-1,
CCTATGGTCAAAGCTG-1,
CCTATGTCCACTCCAC-1,
CCTCACCAATCTTGAC-1,1.0
CCTCACCTGAGGGAGC-1,
CCTCACCTTAGCATCG-1,1.0
CCTCCCGACAATCCCT-1,
CCTCCGACAATTCAAG-1,
CCTCCTGAGCCCACAT-1,1.0
CCTCCTGTTGTGTCGT-1,1.0
CCTCGAAGTGGACGGG-1,
CCTCGCCAGCAAATTA-1,
CCTCGCGCGATATAGG-1,
CCTCGGACCGGGATAG-1,1.0
CCTCGGATGCTACCTG-1,1.0
CCTCTAATCTGCCAAG-1,1.0
CCTCTATCGATTAGCA-1,1.0
CCTCTCTCCCATCTAG-1,
CCTCTGGCCTAGACGG-1,
CCTCTGTACTATTCTA-1,1.0
CCTGAACGATATATTC-1,
CCTGAATATTTACATA-1,1.0
CCTGACCACCGATGGT-1,1.0
CCTGCCCGTTGTCTAG-1,1.0
CCTGCGTTCTACGCTT-1,1.0
CCTGCTATTTGAGAAG-1,
CCTGGAAACGTTCTGC-1,
CCTGGCTAGACCCGCC-1,1.0
CCTGTAAGACATGATA-1,
CCTGTACTCACGCCCA-1,
CCTGTCACCCGGGCTC-1,
CCTGTCCCTCACGTTA-1,1.0
CCTGTCGCCCGTAAAT-1,
CCTGTTTGAAGACACG-1,
CCTTCGTATAGAATCC-1,1.0
CCTTCTTGATCCAGTG-1,1.0
CCTTTAAGGGAGCACT-1,1.0
CCTTTCAATGAAGAAA-1,1.0
CGAAACATAGATGGCA-1,1.0
CGAAACGCAATTCATG-1,
CGAACAGTATGGGCGT-1,1.0
CGAACCCGCATGCGTC-1,
CGAACGCCCAGTGCCG-1,
CGAACGGCCGGACAAC-1,
CGAAGCTATAAATTCA-1,
CGAAGTTGCTCTGTGT-1,
CGAATGACGCATAATG-1,1.0
CGACAATTTGATCTAA-1,
CGACACGCTCCGACAG-1,
CGACAGTTCGCGTTAT-1,
CGACATGCGATCTTCT-1,
CGACCCTTAACGCCGG-1,
CGACGCATCCGTACCT-1,1.0
CGACTCAGGATGTTAT-1,
CGACTTTGTATAGCCT-1,1.0
CGAGACCCTAGAGTGT-1,
CGAGAGATGTGAACCT-1,
CGAGAGCTTTCACTAC-1,
CGAGAGGGTAGCCGCG-1,
CGAGCACTTCAAGTTT-1,1.0
CGAGCGTTGATCAGCC-1,
CGAGCTGGGCTTTAGG-1,
CGAGGCTAAATATGGC-1,1.0
CGAGGGACTGCGGTCG-1,
CGAGGGTATCCAGGTG-1,
CGAGTACTAAAGAGGA-1,
CGAGTGAAGGTACCAG-1,1.0
CGAGTGCTATAGTTCG-1,
CGAGTTCTGTCCCACC-1,1.0
CGAGTTTATCGGACTG-1,
CGATACCTCGCGGACA-1,
CGATCCGACCCAGTGC-1,
CGATCCTCGCAACATA-1,
CGATCTGTTGGAGGAC-1,
CGATGGACCCTACGCC-1,
CGATTAAATATCTCCT-1,1.0
CGATTCGCCTGGCTGC-1,1.0
CGCAAACACGAGTTAC-1,1.0
CGCAATTACTTTCGGT-1,1.0
CGCAATTAGGGTAATA-1,
CGCAATTCTACAATAA-1,1.0
CGCACATGTCCACTAC-1,1.0
CGCACGTGCGCTATCA-1,
CGCAGAAACATTTGCG-1,1.0
CGCAGGCGATCCAAAC-1,
CGCATGGTGCGATGCT-1,1.0
CGCATTAGCTAATAGG-1,1.0
CGCCAAGAAGCCGAGT-1,1.0
CGCCACAGGTCGCGAT-1,1.0
CGCCATCCGATTATGA-1,
CGCCCAGCGTTTCACG-1,
CGCCCGCTTCCGTACA-1,
CGCCGCCCATGCCTGT-1,
CGCCTCCCTCCTCTAT-1,
CGCCTGGCCTACGTAA-1,
CGCGACCGCGACAGAT-1,1.0
CGCGAGTCTGCCGGGT-1,
CGCGCAAATGTCCAGA-1,
CGCGCATGTTTGATTG-1,1.0
CGCGCCCGACTTAATA-1,1.0
CGCGGCTCAACTTGAA-1,1.0
CGCGGGAATTAGGCAG-1,
CGCGTTCATGAAATAC-1,1.0
CGCTACGGGACATTTA-1,
CGCTAGAGACCGCTGC-1,
CGCTATACCGCCCACT-1,1.0
CGCTATTCAATGTATG-1,
CGCTATTCTTAGGCTC-1,
CGCTCGACATAATGAT-1,
CGCTCTCCGTAGATTA-1,
CGCTGGTGACTACCCT-1,1.0
CGCTGTGACGCCGCAC-1,1.0
CGCTGTGTGGATGTTG-1,
CGCTTAGTATTGATAC-1,
CGCTTATTCCCGGTCG-1,1.0
CGCTTCCACTGAAATC-1,1.0
CGCTTTCATACCGGTG-1,1.0
CGCTTTCTTGCATTCG-1,
CGGAACGTAAACATAG-1,
CGGAGCAATTTAATCG-1,1.0
CGGAGCATGGCGATCC-1,
CGGAGCTTATAACACC-1,1.0
CGGAGTTTGAGAGACA-1,1.0
CGGATCCTCAAGGACT-1,
CGGCAAACATCGTGCG-1,1.0
CGGCAGGGTCGGGTTG-1,
CGGCCACGCACAAAGT-1,1.0
CGGCCAGAGCGACCAT-1,1.0
CGGCCCAACCTGTAGT-1,1.0
CGGCCCAGGTATATCC-1,1.0
CGGCGCCATCAATCCC-1,
CGGCTCTAAAGCTGCA-1,
CGGCTTTGTATGATAA-1,1.0
CGGGAATATAGTATAC-1,
CGGGAATTTATGTAAA-1,
CGGGAGCTTCAGTGTA-1,
CGGGATCAATGTAAGA-1,1.0
CGGGCAGCTAAACCGC-1,
CGGGCCTTCTTTGTAA-1,
CGGGCGATGGATCACG-1,
CGGGTGTACCCATTTA-1,
CGGTACTAGAATCAAA-1,1.0
CGGTAGAGGTGCAGGT-1,1.0
CGGTCAAGTGGGAACC-1,
CGGTCCGTCGCAAGCC-1,
CGGTCTATCAACCCGT-1,
CGGTGAAGACTAAAGT-1,1.0
CGGTGCAGATAGAACG-1,1.0
CGGTGCGCGTTGGTCC-1,
CGGTGGGCTCCAGCCT-1,1.0
CGGTGTACTTGATCCC-1,1.0
CGGTTATCCAACAGTG-1,
CGGTTCAAGTAGGTGT-1,1.0
CGGTTGACCTGGCATA-1,1.0
CGTAACTTCGACACTT-1,
CGTACCTGATAGGCCT-1,
CGTAGCGAATTGTCAG-1,
CGTATTAAGAGATCTA-1,
CGTCAAGGCTATAAAT-1,1.0
CGTCACGTCCATTGGT-1,
CGTCGCATGTGAGCCA-1,1.0
CGTCGCTTGGTTATAC-1,
CGTCGGATAGTGTTGA-1,
CGTCGGGTCTAAGCGC-1,1.0
CGTCGTCCTTCGCGAA-1,1.0
CGTCTGGAAGGGCCCG-1,
CGTGAAGTTAATTCAC-1,1.0
CGTGACATTGGGTCGT-1,
CGTGACCAGTCCTCTG-1,
CGTGCAGACTGGGACA-1,
CGTGCATTGTCGACGC-1,
CGTGCCCTCCCGAAGA-1,
CGTGCTTCTACCTAAA-1,1.0
CGTGGCCGAATATCTA-1,
CGTGGTACCCAAAGGC-1,
CGTGTCCCATTCGCGA-1,
CGTGTCTCGTTACGAC-1,1.0
CGTTAAACTAGTTAGG-1,1.0
CGTTAATGTCCCGACG-1,
CGTTAGCTCACAACTG-1,
CGTTCAGACCCGCGAA-1,
CGTTCATGGTGCGCGT-1,
CGTTGAATACCGCGCT-1,1.0
CGTTGAGCGACCGTCG-1,
CGTTGTAAGATTGATT-1,1.0
CGTTGTCGGCAATTGA-1,
CGTTGTTTCAATTCCC-1,
CGTTTAAGCGGAGCAC-1,1.0
CGTTTCACTTCGGGCG-1,
CGTTTCGCTCATTACA-1,
CGTTTGTGTAGAGGGT-1,1.0
CTAAAGAATGCCTACT-1,
CTAAAGGGAAATAGGA-1,1.0
CTAAATCCGGTGTACA-1,
CTAAATCCTATTCCGG-1,
CTAACCGCGCGCCCGT-1,
CTAACGAAACTTGCTG-1,
CTAACTGATAATCGCC-1,
CTAACTGGTCCGGTTC-1,1.0
CTAAGGGAATGATTGG-1,
CTAATTCGCACGCGCT-1,1.0
CTAATTCTCAGATATT-1,1.0
CTAATTTCAACAACAC-1,1.0
CTACACTCGCAGATGG-1,
CTACCCTAAGGTCATA-1,
CTACGACTAGCTATAA-1,
CTACGCACGGAGTACC-1,
CTACGCCATTTCCGAT-1,
CTACTATCATAGGTTT-1,1.0
CTACTATCTTTCAGAG-1,
CTACTCAAGGTATAGT-1,
CTACTCTAGGCCCGGC-1,
CTACTGCCACCTGACC-1,
CTAGATGTGAGTGTAA-1,
CTAGATTTACGACGGC-1,1.0
CTAGCATAGTATAATG-1,1.0
CTAGCCGATGTTATGA-1,1.0
CTAGGCGCCCTATCAG-1,1.0
CTAGGTCTGAAGGAAT-1,1.0
CTAGGTTCGGACGTGA-1,
CTAGTAGAAAGGGATT-1,
CTAGTATTCGGAATTA-1,1.0
CTAGTCACGTCTTAAG-1,
CTAGTGAAGGACAGGA-1,
CTAGTTACAACCCGGT-1,1.0
CTAGTTGGGCCCGGTA-1,1.0
CTATAAGAGCCAATCG-1,1.0
CTATCGACGAAATACA-1,1.0
CTATCGGGTCTCAACA-1,
CTATGCCCGAATGCAA-1,
CTATGGGAAGCGGAAT-1,
CTATGTCACTAGCCCA-1,
CTATGTCTATTGAAAC-1,
CTATTCATGTGTCCCA-1,
CTATTTGGTTACGGAT-1,1.0
CTCAAACCACTGCCCG-1,
CTCAACTAACCCGGAT-1,1.0
CTCACATTTACTAAAT-1,
CTCACTGTGATACTTA-1,
CTCACTTGGCTGGTAA-1,
CTCAGGACTCACCTGT-1,
CTCAGTCACGACAAAT-1,
CTCATGGCTCACAATC-1,1.0
CTCATGGTAATTTGCG-1,
CTCATTGCTCTAACAA-1,1.0
CTCATTTGATGGGCGG-1,1.0
CTCCCTCCTTTCGATC-1,
CTCCGGCCTAATATGC-1,
CTCGAGGTCGAACAGT-1,
CTCGATATTTGCGAGC-1,1.0
CTCGCACCTATATAGT-1,
CTCGGGTTCTCTGGCC-1,1.0
CTCGGTACCACTGCTC-1,
CTCGGTCCGTAGCCTG-1,1.0
CTCGGTTGTCGGCCCT-1,
CTCGTTTCTAATGTTT-1,
CTCTAATGCATTGATC-1,1.0
CTCTACACTGGCGATT-1,
CTCTATTTGGCTGCAG-1,
CTCTCACAATCGATGA-1,
CTCTCTAACTGCCTAG-1,
CTCTGGACGCCTGGTG-1,
CTCTGTTTGAGGATTC-1,1.0
CTCTTCTATTGACTGG-1,
CTCTTCTGGAAGTTAG-1,1.0
CTCTTGTCCCGCTTGG-1,1.0
CTGAAAGAGATCCGAC-1,
CTGAATCCGAGACCTC-1,
CTGAATTTATTGCCAG-1,1.0
CTGACTGCGCAGCTCG-1,
CTGAGCAAGTAACAAG-1,1.0
CTGATAGTGTATCTCA-1,1.0
CTGCACAACTACATAT-1,1.0
CTGCACCTGGAACCGC-1,
CTGCACTCCAGTACAG-1,
CTGCCAAGGTTGGAAG-1,
CTGCCATGCATCACAT-1,
CTGCCTTTAATACCTT-1,
CTGCCTTTCTAGTAAA-1,1.0
CTGCGGGTGAAATGTT-1,
CTGCGTTACGATATAA-1,
CTGCTGAGGCCACGAA-1,1.0
CTGCTTGGCGATAGCT-1,
CTGGAAATGGATGCTT-1,
CTGGAAGACACGGTGG-1,1.0
CTGGACGCAGTCCGGC-1,
CTGGATTTACACTTGA-1,
CTGGCATCCGAATGAG-1,
CTGGCGACATAAGTCC-1,1.0
CTGGCGCACAGGTCTG-1,1.0
CTGGCGGGAATAAGTA-1,1.0
CTGGCTGATTCATCCT-1,
CTGGCTGGTTGTCAGT-1,1.0
CTGGGATAAATAATGG-1,1.0
CTGGGCCTGCTATATC-1,1.0
CTGGGTAGGCAGTTAA-1,1.0
CTGGTAACACATAGAA-1,1.0
CTGGTAACGAGCTCTT-1,1.0
CTGGTTTCGAGCAAGA-1,
CTGTAGTGAGGATCGA-1,
CTGTATGGTGTAGAAA-1,
CTGTCAAATGGCTCGG-1,
CTGTGCAGGGTAGGTC-1,1.0
CTGTGGTCGGGAGATA-1,1.0
CTGTTACCCAATCTAG-1,1.0
CTGTTCACTGCCTGTG-1,1.0
CTGTTCATCTCACGGG-1,
CTTAACTTCGAAGTAC-1,1.0
CTTACACGGTATTCCA-1,
CTTACACTGGGAAATA-1,
CTTAGCCTTCCACATG-1,
CTTAGTAGGCCTACAG-1,1.0
CTTAGTGTAGTAGCAT-1,1.0
CTTATGCGCTCAGGGC-1,1.0
CTTCAACTCCACTTGG-1,1.0
CTTCAGTGGTCGCCTA-1,
CTTCATAGCTCAAGAA-1,
CTTCATTGTCAGTGGA-1,
CTTCGGCCAATTGTTT-1,
CTTCGTAGATAGGTGA-1,1.0
CTTCTATGTTGAAGTA-1,
CTTCTATTAATGCTAG-1,
CTTCTGGGCGTACCTA-1,1.0
CTTCTTACGTCGTATA-1,
CTTGACCCGAAAGATA-1,
CTTGAGTTAGGGTAAT-1,
CTTGCAACCGCCTCCT-1,
CTTGCCCAGGCTCTAC-1,
CTTGGCCAAGCTGGGA-1,1.0
CTTGTACTTGTTGACT-1,
CTTGTCAACATTCGAG-1,
CTTGTGAGTCTTTGAC-1,1.0
CTTGTGCTCACCGATT-1,
CTTGTTGCTGAGTCAA-1,1.0
CTTGTTTATGTAGCCA-1,1.0
CTTTAACTTTCAAAGG-1,
CTTTAATATTGGTCGA-1,
CTTTACCGAATAGTAG-1,1.0
CTTTAGGAACACTGTT-1,
CTTTAGTGCTATTATT-1,
CTTTCTGTGCGGGCTT-1,1.0
CTTTGCATCGCTCTTG-1,
CTTTGGCGCTTTATAC-1,1.0
CTTTGGCTTTAGTAAA-1,
CTTTGGGATTGTTGCA-1,1.0
GAAACAGATGACCACC-1,1.0
GAAACAGCCATGCAGT-1,
GAAACATAGGAAACAG-1,1.0
GAAACCATGGTGCGCT-1,
GAAACCGAATTACCTT-1,1.0
GAAACTCGTGCGATGC-1,
GAAACTCTAATGAAGG-1,1.0
GAAAGAACAGCGTTAT-1,
GAAAGCCCTTTGGACC-1,1.0
GAAAGTGACTAACTGC-1,1.0
GAAATACTAAACGTTT-1,1.0
GAAATATCACCATCAG-1,
GAAATCGCGCGCAACT-1,
GAAATGGCGGTGTTAG-1,
GAAATTAGCACGGATA-1,
GAAATTCACATCGCTG-1,1.0
GAAATTGTCTCTATAA-1,
GAACACACATCAACCA-1,
GAACAGATTACTAAAT-1,1.0
GAACCTCGACCTACAC-1,1.0
GAACCTTTAACGATCC-1,1.0
GAACGACCGAATGATA-1,
GAACGTCTCATGGTCG-1,
GAACGTTAGGAAGACG-1,
GAACTGTGGAGAGACA-1,1.0
GAAGAAACGATATTGT-1,1.0
GAAGAACGGTGCAGGT-1,1.0
GAAGCCACTGATTATG-1,
GAAGCCTGCACATTCC-1,
GAAGCGTGAGGAATTT-1,
GAAGCTCGGACCCGTC-1,1.0
GAAGCTTGCTGACCGC-1,1.0
GAAGGAGTCGAGTGCG-1,
GAAGTCAGTTGCACTA-1,1.0
GAAGTCTCCCTAGCGA-1,1.0
GAAGTGATTTATCGTG-1,
GAAGTGCTGGATAGCT-1,
GAAGTTTCCACTCAAT-1,
GAATAGACGCGACCCA-1,
GAATAGTGCTCGATTA-1,1.0
GAATATTCGGAGTCCC-1,
GAATCGACATGGTCAC-1,
GAATCGCCGGACACGG-1,1.0
GAATCTGAACATTCTC-1,
GAATGCGAATCGGTTC-1,
GAATGTATGGCAGGTC-1,
GAATGTGGTCCGGATT-1,1.0
GAATGTTGGGTAATCT-1,1.0
GAATTATAGTGAAAGG-1,1.0
GAATTCACCCGGGTGT-1,
GAATTTCTCGCTGCAG-1,1.0
GACAAACATATGCAGG-1,
GACAACGACCATTGAA-1,
GACAACGCAGCTTACG-1,
GACACAAGGGAAGAAA-1,
GACACGAGTTAGAGGA-1,1.0
GACACTGAGTTCAGTG-1,
GACAGCCAGACCTGAC-1,
GACAGGCACACACTAT-1,
GACATCCGTCGAACTG-1,
GACATCGATTTATAAC-1,1.0
GACCAGAGCCCTGTAG-1,
GACCCAATTATGATAC-1,1.0
GACCCGTCGCCGGCTA-1,
GACCGACGTGAAAGCA-1,
GACCGACTGAAGCGTC-1,1.0
GACCGTCAGGTCGTGA-1,
GACCGTGCTGACGGTG-1,
GACCGTTACATGCGAC-1,1.0
GACCTTCCACGTCTAC-1,1.0
GACGACGATCCGCGTT-1,
GACGAGGCTAATAAAC-1,
GACGCCGTAAAGGCTA-1,1.0
GACGGTCAATAGAAGC-1,
GACGTGTAGGGATTAT-1,
GACTAAGATCATGCAC-1,
GACTAAGTAGGCTCAC-1,
GACTACAAAGCGGTGG-1,1.0
GACTAGGCCGTTAGGT-1,
GACTCACCCACGTGAG-1,
GACTCCCAGAATAAGG-1,1.0
GACTCGCGGGAATGAC-1,
GACTGCAAATCGAGCT-1,1.0
GACTGCACCAGCCCAG-1,
GACTGCGGCACGTGTA-1,1.0
GACTGCTGGTGAGAAA-1,
GAGACTGATGGGTAGA-1,1.0
GAGACTTCGCGACCGA-1,1.0
GAGAGGGCGCGAGGTT-1,1.0
GAGAGGTGCATTCTGG-1,1.0
GAGATCTGCTTGGCAT-1,1.0
GAGATCTGTCACTCCG-1,
GAGATCTTCCATGACA-1,
GAGATGGGAGTCGACA-1,1.0
GAGCATCAACAACTTG-1,
GAGCATCATCCCTGGG-1,1.0
GAGCCACGGTAGTAGG-1,1.0
GAGCCAGCTACCTGTG-1,1.0
GAGCGAGGGAGTACCG-1,
GAGCGCAAATACTCCG-1,
GAGCGCGCACGAGTAG-1,1.0
GAGCGCTGTTAGGTAA-1,1.0
GAGCGGAATGCGGTGT-1,1.0
GAGCTAAGGGCATATC-1,1.0
GAGCTCTCGGACCTAA-1,
GAGGAATGGAGAGGTT-1,
GAGGATAAACAGTGCT-1,
GAGGCCCGACTCCGCA-1,1.0
GAGGCTATCAAAGTCG-1,1.0
GAGGGAGTCAGATCGC-1,
GAGGGCATCGCGTATC-1,
GAGGGCGCAGCTCTGC-1,1.0
GAGGGTAGTAACAAAG-1,
GAGGTACATCCATCTT-1,1.0
GAGGTACGCGTGTCCC-1,1.0
GAGGTCCCAAAGATCT-1,1.0
GAGTAAGGCCACGGGA-1,1.0
GAGTACGGGTATACAA-1,
GAGTAGATACTAGTTG-1,
GAGTATGCCCGCCTTG-1,1.0
GAGTATGCGCGTGCAT-1,
GAGTCCGCTTACCGGA-1,1.0
GAGTGTCAACCAGAAA-1,
GAGTGTGCGGTACCCA-1,
GAGTTGATGGCAATTT-1,
GATAAATCGGTGGATG-1,
GATAACTCGCACTGTG-1,
GATACGATGGGAGTCA-1,1.0
GATAGGTAACGTTGAC-1,1.0
GATAGTGCGAGTAAGT-1,1.0
GATATCTCATGCAATA-1,1.0
GATATGAGACACTAAC-1,1.0
GATATGCGGTAGCCAA-1,
GATATGGATTACGCGG-1,1.0
GATATTTCCTACATGG-1,
GATCAACATAAAGGGA-1,
GATCATTCCAAACATT-1,
GATCCCTTTATACTGC-1,1.0
GATCCGGGAATTAACA-1,
GATCCTAAATCGGGAC-1,1.0
GATCCTCGACACTGGC-1,1.0
GATCGACACTATCTGA-1,
GATCGCGGGCTCTCCA-1,1.0
GATCGCTACCCGATTT-1,1.0
GATCGCTATATCTCAG-1,1.0
GATCGGATAGAACCAT-1,1.0
GATCGGTGGCCATAAC-1,1.0
GATCGTGACTGATATC-1,
GATCTGCTATCTAAGG-1,
GATCTTGGAGGGCATA-1,1.0
GATCTTTGCAGGGTAT-1,
GATGACAAGTAGGGCA-1,
GATGAGGAACCTTCGG-1,1.0
GATGCGTCCTGCATTC-1,1.0
GATGCTACAAGCGCCT-1,1.0
GATGCTGTATTTCATC-1,1.0
GATGGCGCACACATTA-1,1.0
GATGGTGCCCTAGGCA-1,1.0
GATGTAACGAACCACC-1,
GATGTCGGTCAACTGC-1,1.0
GATGTTCAATCCACGA-1,
GATGTTTGTGCGAGAT-1,
GATTAACCGAAAGCCC-1,
GATTCCCTTGTCGCAG-1,1.0
GATTCCTATACGGCGC-1,
GATTCGACGGTTCACG-1,1.0
GATTGCTCCAGTTGCA-1,
GATTGGGAAAGGTTGT-1,
GCAAACCCTACATTAT-1,1.0
GCAAACCTTGGCCATA-1,
GCAAATATTACGCTTT-1,
GCAACACACTAGAACT-1,
GCAACAGCAGTATGCG-1,
GCAACCACCAGACCGG-1,1.0
GCAACCACGGCCGCGT-1,
GCAACGGCTAGTTATG-1,
GCAAGAATTCCTTGGC-1,
GCAAGTGCACAGAGAA-1,1.0
GCAAGTGTAAAGCATG-1,1.0
GCACAAACGAGGCGTG-1,
GCACAAGTGTCGGAAG-1,
GCACACACTGGTAGCC-1,
GCACACGCCCATGGTC-1,1.0
GCACGCCTACTTAGAT-1,1.0
GCACTGCCTACCTTTA-1,
GCAGACCCAGCACGTA-1,
GCAGATTAGGGATATC-1,1.0
GCAGCACACAGCCCAG-1,
GCAGCCTATATCACAT-1,
GCAGGAACTTAGATCT-1,
GCAGGACTATAGAATA-1,
GCAGGTAGAGTATGGT-1,1.0
GCAGTGTGGCTATAGG-1,
GCATACGAGGTCTTTA-1,1.0
GCATAGAGCACTCAGG-1,1.0
GCATCCCTAACTTTGA-1,
GCATCGGCCGTGTAGG-1,1.0
GCATGAGGGACGCGGC-1,
GCATTCAAGGCAACGC-1,1.0
GCATTCGAAATGAACA-1,1.0
GCATTGTAATTCATAT-1,
GCATTTCCAAGGCTCC-1,
GCCAACCATTTCCGGA-1,1.0
GCCAAGAATACTTCTG-1,
GCCAATAGGGCATCTC-1,1.0
GCCACAATTTAAGGAC-1,
GCCACTCAGAGCGCGA-1,
GCCAGGAGTAACCGAT-1,
GCCATATTGCACACAG-1,
GCCATCGAGCTGCGTG-1,1.0
GCCATCGATGCTGCAT-1,1.0
GCCATTAGCCTCAAAC-1,
GCCCACCAAGGCTGTC-1,
GCCCAGTTGGTATGCC-1,
GCCCGACTTCTTCCCG-1,
GCCCGATCTGTGGTCG-1,1.0
GCCCGCGCGTAAACGG-1,1.0
GCCCGCGCGTTTGACA-1,
GCCCGTAATACCTTCT-1,1.0
GCCCTAGCCGTCGCGA-1,
GCCCTGAGGATGGGCT-1,1.0
GCCGAAATTCCTACGT-1,
GCCGACCCACGACTGC-1,
GCCGATTGGCCAAGCT-1,1.0
GCCGCATTAGTCCGGC-1,
GCCGCTTGTGAGAAAC-1,
GCCGGGTTAGGGTCGC-1,
GCCTAGCGATCTGACC-1,
GCCTATAGTGTCAGGG-1,1.0
GCCTATTCCGATATAG-1,1.0
GCCTATTTGCTACACA-1,1.0
GCCTCATCTGGAAATA-1,
GCCTCCGACAATTCAC-1,1.0
GCCTCTATACATAGCA-1,
GCGAAACTTAACTGGA-1,
GCGAAGAATCTGACGG-1,
GCGAAGCCATACCCGT-1,
GCGACCCAACCATCTG-1,1.0
GCGACGATAGTTGTAC-1,1.0
GCGAGAGTTGCGTCCA-1,
GCGAGCGCATGCTCCC-1,1.0
GCGAGGCCCGAGCAGA-1,1.0
GCGAGTTCTGCAAAGA-1,
GCGATTCTGGAAGCAG-1,1.0
GCGATTGTTAACGTTA-1,1.0
GCGCAAATATATTCAA-1,1.0
GCGCAAGAGCGCGCTG-1,
GCGCATCCAGTCAGCA-1,
GCGCCGTTCCACGATA-1,
GCGCCTCCCACTCCGA-1,
GCGCGGTCTAGTAACT-1,
GCGCTAATTGAATAGA-1,
GCGCTATGCCGAGGCA-1,
GCGCTGATCCAGACTC-1,
GCGCTGCTTTGCATTT-1,
GCGCTTAAATAATTGG-1,1.0
GCGGACCGCGTTGTGG-1,1.0
GCGGAGAAACTTCGCA-1,
GCGGAGAGGGAGAACG-1,
GCGGCAAAGTATTGCC-1,1.0
GCGGCTCTGACGTACC-1,1.0
GCGGGAACCAGGCCCT-1,1.0
GCGGTCCCTAGACGCA-1,
GCGGTGAACTGCGCTC-1,
GCGGTTCCCTATCATG-1,
GCGTAAATGGCCATAA-1,
GCGTCGAAATGTCGGT-1,
GCGTCGCCAGGGTGAT-1,
GCGTGGTACTGGGTTA-1,
GCGTTATATTTGGAAC-1,1.0
GCGTTCGGAGACCGGG-1,
GCTAAACCTGAGGTGA-1,1.0
GCTAACTGAAGTCTGA-1,
GCTAAGTAAAGGCGAT-1,1.0
GCTAAGTAGTTTCTCT-1,
GCTAATACCGAATGCC-1,
GCTACAGTACGGACCG-1,1.0
GCTACGACTTATTGGG-1,
GCTACTATAGTAGAGT-1,
GCTAGACCGTCTACTG-1,1.0
GCTAGAGTAGAGATGT-1,
GCTAGCTTGAATAGCT-1,1.0
GCTAGGCACCACGGAG-1,1.0
GCTAGTAGAGCTTGTA-1,
GCTAGTTTCATTGAGG-1,1.0
GCTATACGTCTCGGAC-1,1.0
GCTATCGCGGCGCAAC-1,
GCTCAATCCGTTTATT-1,1.0
GCTCAATGTAATACCG-1,1.0
GCTCATTACTGCATGT-1,1.0
GCTCCATGCAAAGCAA-1,
GCTCCCAGTCGGTCCA-1,
GCTCCGCTCGCTTCAG-1,
GCTCCTGACATACTGG-1,
GCTCGGAATTTAAAGC-1,
GCTCTAAACCCTGACG-1,
GCTCTATGTTACGTGC-1,
GCTCTCGGGTACCGAA-1,1.0
GCTCTTTCCGCTAGTG-1,
GCTGAATCTTCCAATC-1,1.0
GCTGAGGCGTGAGTAT-1,
GCTGCACGGTTTCTTA-1,
GCTGCTACTGCGTAGC-1,
GCTGCTCTCCGGACAC-1,
GCTGGCATATTCACCT-1,1.0
GCTGGCGGCGCATGCT-1,1.0
GCTGTATTACTGGCCC-1,
GCTGTTGCTACCGAAC-1,
GCTTAATGTAACTAAC-1,1.0
GCTTACGTAGTTAGTA-1,
GCTTATGAAGCAGGAA-1,
GCTTCCGTCCCTAGAC-1,
GCTTGATGATAATCAG-1,
GCTTGGATCGATTAGG-1,
GCTTTCAGAGGAGGTG-1,
GGAAACCTTGTTGAAT-1,1.0
GGAAAGTGCCCATGCC-1,
GGAACCGTGTAAATTG-1,
GGAACCTTGACTCTGC-1,1.0
GGAAGCTCGCTTACAG-1,
GGAATGCGCTAGCGTG-1,1.0
GGACACAAGTTTACAC-1,
GGACCAACAGGATAAC-1,
GGACCTCTAGGCCGCC-1,1.0
GGACTCGACAGCGCAT-1,1.0
GGACTCGTGAGTGGTC-1,
GGAGAAGTCATTGGCA-1,1.0
GGAGACGACACCTTTG-1,
GGAGCAACATTTCAAG-1,
GGAGCACCAAGAACTA-1,1.0
GGAGCGAGGCCTACTT-1,1.0
GGAGGGCTTGGTTGGC-1,
GGAGTGCCGCCCTGGA-1,1.0
GGATACTCATGAATTG-1,1.0
GGATCATCCCGTACGC-1,
GGATCCGGAATATACT-1,1.0
GGATCTTACTGCCCTT-1,1.0
GGATCTTGACTCAACC-1,
GGATGAAGATCGCTGA-1,1.0
GGATGACGCGAGTTTA-1,1.0
GGATGCTGGCGTTCCT-1,
GGATGTCCTTACCGCA-1,
GGATTCAGTACGGTGG-1,
GGATTCCGCTATACCC-1,
GGATTGCTGTGACTCC-1,
GGATTTCACTTCTATA-1,
GGCAAAGGCGCCAATA-1,1.0
GGCAAATTACTTTACT-1,
GGCAAGCCCATAGTGG-1,
GGCAAGGCGAAATAGC-1,
GGCAATAGTCAATGAG-1,
GGCACTCCACTGGGCA-1,
GGCAGCAAACCTATGC-1,
GGCATACAGGTAGCGG-1,
GGCATATCGGTTCTGC-1,
GGCCCTCACCCACTTA-1,
GGCCGAGACTCTGGTG-1,1.0
GGCCGGCGTCTGCTAT-1,
GGCCGTTTGGGTTTCA-1,
GGCCTTTGCAACTGGC-1,
GGCGAAATCTAACTTG-1,
GGCGCAGGACATCTTC-1,1.0
GGCGCATGAATTGATG-1,
GGCGCGGAGATCTTTC-1,1.0
GGCGCGTTCGAGTTTA-1,
GGCGCTTCATTCCCTG-1,1.0
GGCGGAGTAATATTAG-1,
GGCGGTAGGATCATTG-1,1.0
GGCGTAGGGAAAGCTG-1,
GGCGTCCTATCCGCTG-1,1.0
GGCTAAAGGGCGGGTC-1,
GGCTATTAAGTTGTAT-1,
GGCTCCTCCACCTGTT-1,1.0
GGCTCGCGTTGAGGTA-1,
GGCTCGTGCCACCAGC-1,
GGCTCTGCTCCAACGC-1,1.0
GGCTGAAATAGCAAAG-1,
GGGAACGGGAGGTTAG-1,1.0
GGGAACGGTTTCAGAT-1,
GGGAAGACGGTCTGTC-1,
GGGAAGGGCTTTCTCA-1,1.0
GGGACAGAGTTACTCC-1,1.0
GGGACTGCATAGATAG-1,1.0
GGGAGAACTCACAGTA-1,
GGGAGGATGCCCGAAA-1,
GGGAGTAATGGCTGGC-1,1.0
GGGAGTTAATGAGGCG-1,1.0
GGGATGGTCGTAACCG-1,1.0
GGGATTTACCGCACCT-1,
GGGCAACCGCACGTGC-1,1.0
GGGCCCGTCTTAAACA-1,
GGGCCCTACGAAAGGG-1,1.0
GGGCCGGCCGAAGTAC-1,
GGGCCTAAATGGGCTA-1,
GGGCGATATGTGTGAA-1,
GGGCGGCAAATGAATT-1,
GGGCGGGTTCCCTACG-1,1.0
GGGCGGTCCTATTGTC-1,1.0
GGGCGTACATTTATAT-1,
GGGCGTCACCACGTAA-1,
GGGCGTCCACTGGCTC-1,
GGGCGTGGTTTCCCAG-1,1.0
GGGCTCATCGAACCCA-1,1.0
GGGCTGCCTAGGGCGA-1,1.0
GGGTACTTCATGAACT-1,1.0
GGGTATGTATGCACTT-1,
GGGTATTCTAGCAAAC-1,
GGGTCACCGTGACGGT-1,1.0
GGGTCAGGAGCTAGAT-1,
GGGTCGTGGCAAGTGT-1,1.0
GGGTGACACCTTAACT-1,
GGGTGCATATGAAAGC-1,1.0
GGGTGTTTCAGCTATG-1,
GGGTTAACATTTGAGT-1,
GGGTTTAGGATAGGAT-1,
GGTAAATGTGCGTTAC-1,
GGTAACCGGGAGGATA-1,1.0
GGTAACTATGTATCTG-1,
GGTACAAACATGCTAT-1,1.0
GGTACATCTGGGACGA-1,1.0
GGTACCATTAAGACGG-1,1.0
GGTAGAAGACCGCCTG-1,1.0
GGTAGACCGTTGGGCG-1,1.0
GGTAGTGCTCGCACCA-1,
GGTATAGTGACACATA-1,1.0
GGTATTGCCGAGTTTA-1,
GGTCAAGACTACTTCG-1,
GGTCAGTGGGTCCCAC-1,
GGTCGGATAAACGGCG-1,1.0
GGTCGGCCAGGAGCTT-1,
GGTCGGTAATTAGACA-1,1.0
GGTCGTAAGCTCGCAC-1,
GGTCTCTGAATGGACT-1,1.0
GGTCTGAGAATCTGGA-1,1.0
GGTCTTGAGCGCTCTT-1,
GGTGAAGTACAGGGAT-1,
GGTGAGATGCAGATAA-1,1.0
GGTGATAAGGAGCAGT-1,1.0
GGTGCATAAATGATTA-1,
GGTGCGGATAAGTGGC-1,
GGTGCTGATCACAAAG-1,
GGTGCTGGTACACATT-1,
GGTGGACTGCTCTGGC-1,
GGTGTAAATCGATTGT-1,1.0
GGTGTAGGTAAGTAAA-1,
GGTTACCACCCTCGGG-1,
GGTTAGCTATATGTCT-1,
GGTTAGGCTTGGAGAA-1,1.0
GGTTAGTTACGGCGCC-1,
GGTTCGGATTATACTA-1,1.0
GGTTCTACTCGTCTGA-1,
GGTTGTGTAGCCTGGC-1,
GGTTTACAATCTCAAT-1,
GGTTTAGCCTTTCTTG-1,
GGTTTGAGTGCTGGAA-1,
GTAACTTGCGGCAGTC-1,
GTAAGCGGGCAGTCAG-1,
GTAAGGATTTGTCGGA-1,1.0
GTAAGTAACAGTCTGG-1,1.0
GTAAGTAGGGTATACC-1,
GTAATAAAGGGCTCCC-1,
GTAATCTGATTCTTCG-1,
GTACACTTACCTGAAG-1,1.0
GTACAGAGGCAAGGGT-1,1.0
GTACGAGATTGCGACA-1,
GTACGCTTCATTGCAC-1,
GTACGTTTGCCCGTCA-1,
GTACTAAGATTTGGAG-1,1.0
GTACTCCCTTATCGCT-1,1.0
GTACTCCTGGGTATGC-1,1.0
GTACTGCATGAAGCGT-1,1.0
GTACTGGAGTTAGACC-1,1.0
GTACTTGGGCACTTCT-1,1.0
GTAGACAACCGATGAA-1,1.0
GTAGACGTCGTTACAT-1,1.0
GTAGAGGGAGACAAGT-1,1.0
GTAGCCAAACATGGGA-1,1.0
GTAGCGGCTATACACT-1,
GTAGCTCCGGGAGGCT-1,
GTAGCTTCCTCTTGTT-1,1.0
GTAGGTGATCCGTGTA-1,
GTAGTCGCGGGAATCA-1,
GTAGTCTACGATATTG-1,
GTAGTTCGAAGGCGAA-1,
GTATAGGACTCAGTAG-1,
GTATCAAACGTTAGCT-1,
GTATCAGCTTGGGTTC-1,
GTATCCTTTGGTAACC-1,
GTATCTCAGTCTTGAC-1,1.0
GTATCTTTCATAACCA-1,
GTATGAAATTTCACTC-1,
GTATGTGGGTCTAGTT-1,1.0
GTATTAAGGCGTCTAA-1,1.0
GTATTCTGAGAAACGA-1,
GTCAAAGAAGTGGTGT-1,1.0
GTCAAAGTTTACATAG-1,1.0
GTCAAGCGGACTCGGG-1,1.0
GTCACAAAGTTTCCAA-1,
GTCACTCTCCAAATCT-1,1.0
GTCAGAATAGTCTATG-1,1.0
GTCAGTTGTGCTCGTT-1,1.0
GTCAGTTTGGTAGTCG-1,1.0
GTCATGCACCTCCGTT-1,
GTCATGGACATGACTA-1,1.0
GTCATTAGAGCGAACG-1,
GTCATTGCATTGACCC-1,1.0
GTCCAATATTTAGCCT-1,
GTCCATTACTGCTACG-1,1.0
GTCCCAACGTAAAGTA-1,1.0
GTCCGGACCTGAAATT-1,1.0
GTCCGGCTGAATTGCG-1,
GTCCGGGTTCACATTA-1,
GTCCTACGAATAGTCT-1,
GTCCTTCTAGTGGGTT-1,1.0
GTCGCGTAACCCGTTG-1,1.0
GTCGGATATCTCAGAC-1,
GTCGGATGTAGCGCGC-1,1.0
GTCGTACCATCTCGGG-1,
GTCGTACCTACGATTG-1,
GTCGTATTGGCGTACA-1,
GTCGTGTCTGGTCATC-1,1.0
GTCGTTATTCGCTTAT-1,1.0
GTCTACTCAATTACAA-1,
GTCTATCTGAGTTTCT-1,
GTCTATTGGTTCCGGT-1,
GTCTGGGCGGTCGAGA-1,1.0
GTCTTAGTACAGCCGG-1,
GTCTTGTAGCTATTCA-1,
GTGAAACGGCGCCACC-1,
GTGAAACGTGCTCCAC-1,
GTGAACTCCCATTCGA-1,
GTGAAGATTTCAAGTG-1,
GTGACAGCTTCCCACT-1,
GTGACCGCACACTACG-1,
GTGACGAGGGTGACCC-1,1.0
GTGACGCAGGTTTCAT-1,
GTGACTTCAGTAGTGC-1,
GTGAGCGTGCTGCACT-1,1.0
GTGAGGACACTTAAGG-1,
GTGAGGAGCGGTTGAG-1,
GTGAGTGGTACAACGC-1,1.0
GTGATCACTAACGCCT-1,
GTGATCATAGATCTGC-1,
GTGATCCTTGTCATGA-1,1.0
GTGATTCGCCGCTCAA-1,
GTGCAACAAATGTGGC-1,
GTGCACCAGCTTCAAC-1,1.0
GTGCACGAAAGTGACT-1,
GTGCCATCACACGGTG-1,
GTGCCCGTTCGGATTC-1,1.0
GTGCCGCTTCAAAGGT-1,1.0
GTGCGAAATCGAACAC-1,1.0
GTGCGGGTCTCCAAAT-1,
GTGCGTGTATATGAGC-1,1.0
GTGCTCAAGTACTGTC-1,
GTGCTGCAGATAAGGA-1,
GTGGAACCTACATGCG-1,
GTGGACCAACCCGATT-1,
GTGGACGCATTTGTCC-1,1.0
GTGGACGTGCTGAGAC-1,1.0
GTGGAGTCGGCGGTTG-1,1.0
GTGGCAAACAGCGGCA-1,
GTGGCGGTCCCAGCGT-1,
GTGGGAAGACTGAATC-1,1.0
GTGGGCTTAGACACAC-1,
GTGGTGGCCAAGTGAA-1,
GTGGTTACTTCTTTCG-1,1.0
GTGGTTTCCGCCTTTC-1,
GTGTACCTTGGCTACG-1,
GTGTCAGTGTACGTGG-1,
GTGTCGTATAGCGTTC-1,1.0
GTGTGAATAACTTAGG-1,1.0
GTGTTACTATGCGTCC-1,
GTTAAAGTAGGACTGG-1,1.0
GTTAACATCACTTAAA-1,
GTTAACTATGTTGTCA-1,
GTTAATGTCTATCTTA-1,1.0
GTTACAATTGGTGACG-1,
GTTACCTACAACTTGC-1,
GTTACTTTGGGCCTAG-1,
GTTAGCCCATGACATC-1,1.0
GTTAGCCGTAAATCAA-1,
GTTAGGCTACCCGTTT-1,
GTTATAATACGGTGAA-1,
GTTATATTATCTCCCT-1,
GTTCACAGGAGTCTAG-1,
GTTCATCGTTTGGCTG-1,
GTTCCAGTCTGACCAT-1,1.0
GTTCGCCATAAGTGCC-1,1.0
GTTCGGATCGGGAACA-1,
GTTCGGGCGTACCATT-1,1.0
GTTCGTCTAAAGAACT-1,1.0
GTTGAACCGGTTCCAT-1,
GTTGAGTCCCGCCGGT-1,1.0
GTTGCACGGAGTTTCG-1,
GTTGGATTCAGTGGCT-1,1.0
GTTGGATTGAGAACAC-1,
GTTGGATTTGCGTTGG-1,
GTTGGTCATGCTATCC-1,1.0
GTTGTCGTGTTAGTTG-1,
GTTTACGTTCCATCTG-1,
GTTTCATATCGTCGCT-1,
GTTTCCTGGAGGGTGA-1,1.0
GTTTCTGCAGTCTCCC-1,
GTTTGACCAAATCCTA-1,1.0
GTTTGGCCCAAGTTAT-1,
GTTTGGCCGCTCAGCG-1,
GTTTGGGCTTGTGAGC-1,
GTTTGGGTTTCGCCCG-1,1.0
GTTTGGTAGGGTCAAC-1,
GTTTGGTGATCGGTGC-1,1.0
TAAACCCAGGAGGGCA-1,1.0
TAAAGAGCCCGAAACC-1,
TAAAGCGTTAGGAGAA-1,
TAAAGCTGCAATAGGG-1,1.0
TAAATGAATCCGTTTC-1,1.0
TAACAAAGGGAGAAGC-1,
TAACAATATTTGTTGC-1,1.0
TAACAGCGTTTGTGCT-1,
TAACATACAATGTGGG-1,
TAACATACACGCGATC-1,1.0
TAACCGCCCGCAGTGC-1,1.0
TAACCTACCGTCCGAG-1,1.0
TAACGCTTTGAGAGCG-1,
TAACTATCGAAGGTCC-1,1.0
TAACTATTACGCCAAA-1,1.0
TAACTCATCCGCGCGG-1,
TAACTCCATGGAGGCT-1,1.0
TAAGCAGGCGACACGC-1,
TAAGGAACTTGTGGGA-1,1.0
TAAGGCAACATAAGAT-1,1.0
TAAGGCTGAATCCCTC-1,
TAAGGGCCTGTCCGAT-1,
TAAGGGCTGGGAGAGG-1,
TAAGTAACATCTTGAC-1,
TAAGTCGCCGAGTATC-1,
TAAGTTGCGACGTAGG-1,1.0
TAATAAACAAGGAGAT-1,
TAATACACAGTAGTAT-1,
TAATAGAACAGAGTTA-1,1.0
TAATAGGTCACCAGAA-1,1.0
TAATAGTGACGACCAG-1,
TAATATTGAAATTCGC-1,
TAATCGATCCGTACGT-1,1.0
TAATTAGGACATCCGT-1,
TACAAGTCTCGTGCAT-1,
TACAGAAACGGTGGGC-1,
TACATAGGCATACACC-1,1.0
TACATCCCTATCCCTG-1,
TACATTTCTAACGTGC-1,
TACCAATAAAGTACCA-1,1.0
TACCAGAAGTAGGTTC-1,1.0
TACCAGCTAGGTTTAA-1,
TACCGCGGACTTGCAG-1,1.0
TACCGGCTCACTGCCC-1,
TACCGGTCGTTTCCAT-1,
TACCGTAGGTTAACTA-1,1.0
TACCGTGCCTCGGACC-1,
TACCTCACGCTTGTAC-1,
TACCTCAGTTGTCTGT-1,
TACCTGCTGCACTGTG-1,1.0
TACCTTAAGATTTCCC-1,
TACGAACACGACTTCA-1,
TACGACGCTTGCTGCG-1,
TACGACTGCCTCTTAG-1,
TACGAGAACTTCACGT-1,
TACGATGTTGATCATC-1,
TACGCAGTTCTTTCCT-1,1.0
TACGCCATATTCTAAT-1,
TACGCCGAGGGTACCC-1,1.0
TACGCCTCCATTCCGA-1,1.0
TACGCTATAGAAACCT-1,
TACGGAAGCCAAACCA-1,1.0
TACGGGATGCTAGCAG-1,
TACGTACTAGTGCTGA-1,
TACGTGCACTATGCTG-1,
TACGTTTACCGGCAAT-1,
TACTCCTCTAGTTGAC-1,1.0
TACTCGGCACGCCGGG-1,
TACTCTCCGAACAAAT-1,
TACTGCAATCAATTAC-1,1.0
TACTGGACAGCTCGGC-1,
TACTTGTTAGTAGTCC-1,
TACTTTACTGAGCCGG-1,1.0
TACTTTCCGCACGCCA-1,1.0
TAGAAAGGTGGCGCTA-1,1.0
TAGAAATTCACGTATA-1,
TAGAATTAAGGGCAAC-1,
TAGACGAAACGCCAAT-1,
TAGACGCCCGTACCGG-1,1.0
TAGACTACCTAGCGTT-1,
TAGAGATCATGCAACT-1,
TAGAGGTTCTACTTGT-1,
TAGAGTCTAAGCGAAC-1,
TAGATATGGACTGGAA-1,
TAGATCCGAAGTCGCA-1,1.0
TAGATGGTTCCTTACT-1,
TAGATTCCTGGTTATT-1,1.0
TAGCAACCTGTCACAA-1,1.0
TAGCCATTTCAAAGTC-1,1.0
TAGCCGGCGGTCAGCG-1,
TAGCGTCCCTCGATTG-1,
TAGCGTTGGGTCTTAC-1,1.0
TAGCTAAGTCCGGGAG-1,1.0
TAGCTAGAAGGCATGA-1,1.0
TAGCTCGCCTGATAAC-1,1.0
TAGCTGATGTGAAGCG-1,
TAGGCATGTTACGCCA-1,2.0
TAGGGAGCTTGGGATG-1,1.0
TAGGGTGTTTCAAGAG-1,1.0
TAGGTCCAAGTAAGGA-1,
TAGGTCGCCGGAACTG-1,
TAGGTGACGATAACCT-1,1.0
TAGGTGAGCCCTACTC-1,1.0
TAGGTGCTCGCCTAGC-1,1.0
TAGGTTCGAGTTCGTC-1,1.0
TAGTACCTTAGTGGTC-1,1.0
TAGTAGCTTATACCAG-1,
TAGTCCGCAGAGAATG-1,
TAGTCGATCACGGGTT-1,1.0
TAGTCTAACAACGAGA-1,1.0
TAGTCTGTGACGTTGC-1,1.0
TAGTGCCCTCCAGAGT-1,
TAGTTAAGATAGGATA-1,
TAGTTTATTCTTGCTT-1,1.0
TATAAATCCACAAGCT-1,1.0
TATAAGTGAGGATAGC-1,
TATACACAGACGCCTT-1,1.0
TATACACGCAAAGTAT-1,
TATAGAGTCGCTTGAA-1,
TATAGATGGTCGCAGT-1,
TATAGGGTACTCATGA-1,1.0
TATATAGGGCTTTACG-1,
TATATATCGAGAAATG-1,
TATATTCGCGTCGATA-1,
TATCACCCAACCGACC-1,1.0
TATCACTTCGAGTAAC-1,1.0
TATCCATATCATGCGA-1,1.0
TATCCGCACCGTCGGG-1,1.0
TATCCTATCAACTGGT-1,
TATCCTGCATGGGAAT-1,1.0
TATCGATCTATGCATA-1,
TATCGATGATTAAACG-1,
TATCTACAGAGGTAAT-1,
TATCTACCACAGCGGG-1,
TATCTAGCCTAAAGGA-1,
TATCTTGCAATACAAC-1,
TATGAAGACAGGTGCG-1,1.0
TATGATCTTCTCTTTA-1,1.0
TATGCTCCCTACTTAC-1,
TATGGATGTGCTACGC-1,
TATGGCCCGGCCTCGC-1,
TATGGGACCGAGCAGG-1,1.0
TATGGGTACGTATCGT-1,
TATGGTCTGAGTAACA-1,1.0
TATGGTTAGTGGGAGA-1,1.0
TATGTAAAGTGCTTAA-1,
TATGTCAAGACCGACT-1,
TATGTCTCATTGTGCC-1,
TATTATGTTTGCCTGC-1,
TATTCAATTCTAATCC-1,
TATTCCACTCAGCTCG-1,
TATTCCTCCGCCCACT-1,
TATTCGTGCCAGAATA-1,1.0
TATTTAGTCTAGATCG-1,
TATTTATACCGAGTAG-1,
TATTTGTTACCCTTTA-1,
TCAAACAACCGCGTCG-1,
TCAAACTTAGATTGTT-1,
TCAACAAAGATAATTC-1,
TCAACACATTGGGTAA-1,
TCAACATAGCGCCCTA-1,1.0
TCAACCATGTTCGGGC-1,
TCAACGCAGGAAATAA-1,
TCAACGCGACCGGCAG-1,
TCAACTAACGTATAAC-1,1.0
TCAAGAAATACTAGCT-1,
TCAAGGTTACTACACC-1,
TCAATACGCCGTCATG-1,
TCACAAACCGAGGTAC-1,1.0
TCACAGCAAACTCGAA-1,1.0
TCACAGGGAATCGCAA-1,
TCACAGGTTATTGGGC-1,
TCACATCTTATCTGAT-1,1.0
TCACCCTCTTAAGATT-1,
TCACCGCTCGGCACTC-1,
TCACGATGTCCGTGGA-1,1.0
TCACGCATTGTAGATC-1,
TCACGGTCATCGCACA-1,
TCACGTGCCCGATTCA-1,1.0
TCACTCGTGCAACGGC-1,1.0
TCAGAACCTCCACAGG-1,1.0
TCAGACGCTATAGAAG-1,1.0
TCAGCAAATGCATCTC-1,1.0
TCAGCAGTAGGCCCTG-1,
TCAGGGTGTAACGTAA-1,
TCAGGTTCTTTGAGAA-1,1.0
TCAGTACTGACCCGCG-1,1.0
TCAGTAGGGACTATAA-1,
TCAGTGTATACGTCAT-1,1.0
TCATACTTACAGATCC-1,1.0
TCATATGAGCTTTGTT-1,
TCATCACTCGAGCTCG-1,1.0
TCATCCCAGAGGGTGG-1,
TCATCGATGGTCCCAA-1,
TCATGCAGGTTCTCAT-1,
TCCAACTTTAAATTCT-1,1.0
TCCAAGCCTAGACACA-1,
TCCACAATGGTTTACG-1,1.0
TCCACATCGTATATTG-1,1.0
TCCACCTCTAGCCTTT-1,
TCCACTTTATCTAGGT-1,1.0
TCCAGAGCACCGGTTC-1,
TCCAGGCGAGTACGGT-1,
TCCCAAAGACGAAGGA-1,1.0
TCCCACTCTCTTCCGG-1,
TCCCAGCTTTAGTCTG-1,
TCCCAGGCTTAGCTAA-1,
TCCCGCGTACTCCTGG-1,
TCCCGGGTGTGCTGCT-1,
TCCCGTCAGTCCCGCA-1,
TCCCGTGTGCAATTTG-1,1.0
TCCCTGGCGTATTAAC-1,
TCCCTGGCTCGCTGGA-1,
TCCCTTAGATTACTCG-1,
TCCGAACTTGGCTTAC-1,1.0
TCCGAATGGTCCTGAG-1,1.0
TCCGATAATTGCCATA-1,
TCCGATGACTGAGCTC-1,
TCCGATGGTGCGACAT-1,
TCCGATTACATTGCCG-1,
TCCGCGGCAGCATCTG-1,
TCCGCTGTCATCCCGG-1,1.0
TCCGCTTATCCCATTA-1,1.0
TCCGGCCTAGCGTACA-1,1.0
TCCGGTTCGTCCGGTC-1,1.0
TCCGTTAAGCTAATAT-1,
TCCGTTTAGCCTTGAA-1,1.0
TCCTAAATTGGGAAGC-1,
TCCTAACCGTCGGGCA-1,
TCCTACATCCACGGCC-1,1.0
TCCTAGCAAAGAAGCT-1,
TCCTCGGGCTGGGCTT-1,
TCCTCTACGAGATGGC-1,1.0
TCCTCTCCAGTTGTCC-1,1.0
TCCTGCCAACTGGAGA-1,1.0
TCCTGCGTTGATACTC-1,
TCCTTACGACGGTCCG-1,1.0
TCCTTCAGTGGTCGAA-1,
TCCTTGTCCTTTAATT-1,1.0
TCCTTTAAATCCGCTT-1,
TCCTTTCTTACGCTTA-1,
TCGAAATTTAGGACCA-1,1.0
TCGAAGAACCGAGCAC-1,1.0
TCGAATATCCCGCAGG-1,1.0
TCGAGACCAACACCGT-1,1.0
TCGAGCCAGGCAGGCC-1,1.0
TCGATAGGCTAGTCGC-1,1.0
TCGCAAAGATGCATTT-1,1.0
TCGCACCAGGAGGCAG-1,
TCGCATCCCTAAGTGT-1,
TCGCCGAAGTTGCGTC-1,
TCGCCGACATATTCGC-1,
TCGCCGGTCGATCCGT-1,
TCGCGTAGCAGTGTCC-1,
TCGCGTCCAGAAGGTC-1,
TCGCTAAACCGCTATC-1,
TCGCTACTGGCTTTGA-1,
TCGCTCGATATATTCC-1,1.0
TCGCTCGGCACCAGCG-1,1.0
TCGCTGCCAATGCTGT-1,1.0
TCGCTGGGCGGATTGT-1,1.0
TCGCTGTGCGTAAATC-1,1.0
TCGCTTTAAACGTTTG-1,
TCGGAATGCGCTCTGA-1,1.0
TCGGACGCCCAGCCCA-1,1.0
TCGGAGAGTATCGGGA-1,1.0
TCGGAGTACATGAGTA-1,
TCGGCGAACCCAAACC-1,1.0
TCGGCGTACTGCACAA-1,
TCGGCTTGTATCGACG-1,1.0
TCGGGAACGTGCCTAG-1,1.0
TCGGGAGACAGCGTAC-1,
TCGGGATTCAAACATA-1,1.0
TCGGGCCGTCGTGGTA-1,1.0
TCGGGTGAAACTGCTA-1,1.0
TCGGTCCCGACAATAG-1,
TCGTAAGACGACATTG-1,1.0
TCGTACCGACGTCAAG-1,1.0
TCGTATAGTGCAATTA-1,
TCGTATTACCCATTGC-1,
TCGTCAAGTACGCGCA-1,1.0
TCGTCCGCTGGCGTCT-1,
TCGTCTTAGGCGTTAA-1,1.0
TCGTGTACTATGGATG-1,1.0
TCGTGTCACGCTGACA-1,
TCGTTAGGAGTCCCTA-1,
TCGTTCGTTATTATGT-1,
TCGTTGCTATCCGGTC-1,1.0
TCTAATACTGCCTCAG-1,1.0
TCTACCGTCCACAAGC-1,
TCTAGCAATCTCCGCC-1,
TCTAGCATCTTCGATG-1,1.0
TCTAGCATGCCCAGAA-1,
TCTAGGTGGCGACGCT-1,
TCTAGTGATATCGTGG-1,
TCTATCATGCAGTTAC-1,1.0
TCTATCGGTCGCAACA-1,1.0
TCTATTACGCTGGCGA-1,1.0
TCTATTACTAGAGGAT-1,1.0
TCTCATGAGATAGGGT-1,1.0
TCTCCACAAGTTGAAT-1,
TCTCGACGTATCGCCG-1,
TCTCTAATAGCTGGTA-1,1.0
TCTCTTACCGCGAACC-1,
TCTGAACCGGTCGGCT-1,
TCTGAACTCGTACCCG-1,1.0
TCTGAATTCCGTACAA-1,
TCTGCCAGAAACTGCA-1,1.0
TCTGGGTAGCGCTCAT-1,1.0
TCTGTCATACAAGAGC-1,1.0
TCTGTGCCATCATAGT-1,1.0
TCTGTTACCCAGCATA-1,1.0
TCTTACAGAGGTACCG-1,
TCTTACCGGAACTCGT-1,
TCTTACGGCATCCGAC-1,1.0
TCTTACTTATGCCTCT-1,
TCTTAGAGCTCCAATT-1,
TCTTAGAGTGAACTCT-1,
TCTTCCCATGGGCACA-1,1.0
TCTTCGAATAGACGTT-1,
TCTTCGATACCAATAA-1,1.0
TCTTCTATAACCCGCC-1,
TCTTGATGCGTAGCGA-1,1.0
TCTTGCTCCCGATACT-1,
TCTTGGTAACACCAAA-1,1.0
TGAAACTTATGCAAGC-1,1.0
TGAAAGGACCTGACTC-1,
TGAACAAGCAGGGACT-1,1.0
TGAATACCGACGCGTA-1,
TGAATGTCAGCCGGCC-1,
TGACATCGAGCGGACC-1,
TGACATGTAACGTGAC-1,
TGACCAAATCTTAAAC-1,
TGACCCACGTTAGACA-1,
TGACGAATATTTCCCT-1,
TGACGATGCACTAGAA-1,1.0
TGACTATAATCCTTTC-1,
TGAGAATGCTTTACCG-1,
TGAGAGATTTACCACG-1,1.0
TGAGATCAAATACTCA-1,
TGAGATTAGGCCCTAA-1,1.0
TGAGCCATACAGTCTC-1,1.0
TGAGCGGAAAGTGTTC-1,1.0
TGAGTAAATTAGCGTA-1,1.0
TGAGTGCCTCTTAAAT-1,
TGAGTGGTCCGTGACG-1,
TGAGTTAAAGACATTC-1,
TGATAGCGGGATTCTA-1,1.0
TGATCAGGGAACTGCT-1,
TGATCCCAGCATTAGT-1,1.0
TGATCGGTTTGACCCT-1,
TGATCTACGCTGATCT-1,1.0
TGATCTCCGGCGCCAG-1,
TGATTCCCGGTTACCT-1,
TGATTCGTCTATCACT-1,
TGATTCTGTCGCCGGT-1,
TGATTTATTAGCTGTG-1,
TGATTTCCTCCTGACG-1,1.0
TGCAACCCATCTGCGG-1,
TGCAAGAATGACGTAA-1,1.0
TGCAATCTAACACGGT-1,
TGCAGAACTATATCGT-1,
TGCAGAGTACCGAGCA-1,1.0
TGCAGATCGTCCTAGG-1,1.0
TGCAGCTACGTACTTC-1,1.0
TGCAGGATCGGCAAAG-1,1.0
TGCAGTTTCCTCCCAT-1,1.0
TGCATATGTCTGTCAC-1,
TGCATGGATCGGATCT-1,1.0
TGCATGTGACCCATAG-1,1.0
TGCATGTGGTAATCTA-1,1.0
TGCCAAAGTCAGACTT-1,1.0
TGCCAATGGGTACTCT-1,
TGCCACCTGGCGAAAC-1,1.0
TGCCAGTACGTGGAGA-1,1.0
TGCCATTACTAAAGAA-1,
TGCCCGTACCGTTAAA-1,
TGCCGGATGTACGAGC-1,
TGCCTAATTGAAGATT-1,
TGCCTGATCAAACGAT-1,
TGCCTTGGCCAGGCAA-1,1.0
TGCGAATATGGGATTT-1,
TGCGACACCCTAGTGC-1,1.0
TGCGACGGCCGAACGT-1,1.0
TGCGAGAATATTACCC-1,1.0
TGCGCAAAGCATTTGG-1,
TGCGCGATTAACGGAG-1,
TGCGGACTTGACTCCG-1,
TGCGGAGTAAAGGTGC-1,1.0
TGCGGCATAGTTCAAC-1,1.0
TGCGGTGAAATTTCAT-1,1.0
TGCGTAAGAACCTGAT-1,
TGCGTCATGACTGAGC-1,1.0
TGCGTTTGTTGACACT-1,1.0
TGCTAAGTGTCTATTT-1,1.0
TGCTCCACAGTTCTTA-1,1.0
TGCTCGGTGGGTCACC-1,
TGCTCTTGAGAGTTTG-1,
TGCTGGTTGGACAATT-1,
TGCTGTTGAAGAACTC-1,
TGCTTAGAGAGAATGC-1,
TGCTTCCCAAGCAGTA-1,
TGGAACCACTGACACA-1,1.0
TGGAAGAAGGGAACGT-1,1.0
TGGAAGACGAACACCA-1,
TGGAAGGATAAAGATG-1,
TGGAATATCCTTGACC-1,1.0
TGGACCAATCTAAGAT-1,1.0
TGGACGCAATCCAGCC-1,1.0
TGGACTGTTCGCTCAA-1,
TGGAGTGATGCGATGA-1,1.0
TGGCAAACTAAATTAC-1,
TGGCAACTCGCGCGCC-1,
TGGCAATGGGACGGCG-1,
TGGCAGATTACGATCA-1,
TGGCAGCAGTAATAGT-1,
TGGCCAAACTGAAGTA-1,
TGGCCAATTTGGTACT-1,
TGGCCGTATATTGACC-1,
TGGCGATCAAGTTATG-1,1.0
TGGCTATGTGACATAC-1,1.0
TGGCTCTTGTCGCGTA-1,
TGGCTTTGGGTAGACA-1,1.0
TGGGAAATGCCTTTCC-1,1.0
TGGGCAATAGTTGGGT-1,
TGGGCACAAACAGAAC-1,1.0
TGGGCACGTTCTATGG-1,
TGGGCCACAAGAGCGC-1,1.0
TGGGCCCATACTAATT-1,
TGGGCGATACAATAAG-1,1.0
TGGGTAAGGTTCCCGC-1,
TGGTAAGCAGGATTGA-1,1.0
TGGTAGAATATATGGG-1,
TGGTATCGCATCCCAA-1,
TGGTATCGGTCTGTAT-1,
TGGTCCCACGCTACGG-1,
TGGTCTGTTGGGCGTA-1,1.0
TGGTGATCGTATTTGT-1,1.0
TGGTTCAACGGGTAAT-1,1.0
TGGTTCGTAGCAAAGG-1,1.0
TGTAATGACCACAATA-1,1.0
TGTACCTACACGAGGG-1,
TGTACGAACAAATCCG-1,1.0
TGTAGGAGAAATTTCC-1,
TGTAGTGATCTATAAT-1,
TGTATAACAGATCCTG-1,1.0
TGTATCCTTATTCCAT-1,1.0
TGTATGGCGCAGACAG-1,
TGTCCCGACATAGCAC-1,
TGTCCGTGGCGCCTTT-1,1.0
TGTCCTAAGTCACCGC-1,1.0
TGTCTACAGTTTCTGT-1,1.0
TGTGACTACGCCAGTC-1,1.0
TGTGCCGGTGCCGGAA-1,1.0
TGTGCTTTACGTAAGA-1,
TGTGGCAAAGCGTATG-1,
TGTGGCGGGCTTCTGG-1,
TGTGGTTGCTAAAGCT-1,
TGTGTCGCGAGTTGCA-1,1.0
TGTGTTCGTATCCAAG-1,1.0
TGTTATTGTATGTGGC-1,
TGTTCCGCTTCCATGA-1,1.0
TGTTCGTATTGCGGTG-1,1.0
TGTTCTTCCATTGACT-1,1.0
TGTTGTCAAGAAGTCT-1,
TGTTTAATACTTCATC-1,1.0
TGTTTCGGTACTTCTC-1,
TTAAACCTGGTTCCTT-1,
TTAAACTCGAATTCAT-1,1.0
TTAACACCTCGAACAT-1,1.0
TTAACCAACCCTCCCT-1,
TTAACGTCGCAAGACC-1,
TTAACTTCAGGTAGGA-1,
TTAAGATAGGATTGAC-1,1.0
TTAAGCCGACAACTTC-1,
TTAAGCGCCTGACCCA-1,1.0
TTAAGGCCCGTACTTT-1,1.0
TTAATGTAGACCAGGT-1,1.0
TTAATTGCTTTGGGTG-1,
TTAATTTCAGACGCGG-1,
TTACAACTACGCATCC-1,1.0
TTACAGACCTAAATGA-1,1.0
TTACATCGTGGCCTGG-1,
TTACATGCCACAACTA-1,
TTACCATTGATTACCC-1,
TTACCCATTGCCGGGT-1,
TTACCCTAACAGTCCT-1,
TTACCCTAGGGATTGG-1,1.0
TTACTAAAGGACTTTA-1,1.0
TTACTATCGGCTTCTC-1,
TTACTCCGGCCGGGAA-1,1.0
TTACTCTGGTACGTAC-1,
TTACTGGGATATTTCA-1,
TTAGAAGAACATGACT-1,
TTAGAATAAGGGTCGG-1,
TTAGACACGATCGTTG-1,
TTAGACGAGTCACCTC-1,1.0
TTAGAGTTTAGAAGGA-1,
TTAGCAACATGGATGT-1,1.0
TTAGCTAATACGATCT-1,
TTAGCTCTGTAATCCG-1,1.0
TTAGCTGATTTGCCGT-1,
TTAGGTCATAACCGAC-1,1.0
TTAGTAAACCTGCTCT-1,1.0
TTAGTAGGGCGGCGGG-1,1.0
TTAGTTATTCGTGGCA-1,
TTATAGGTAATTGTCT-1,
TTATATACGCTGTCAC-1,
TTATATTTGGCAATCC-1,1.0
TTATCCAATCGAACTC-1,
TTATCCGGGATCTATA-1,1.0
TTATCCTCAAGGAATA-1,
TTATCGCCTGCGAAGC-1,1.0
TTATCTGTATCATAAC-1,1.0
TTATGAATGAAAGGGA-1,
TTATGACAAACTGGAT-1,1.0
TTATGATCTTAACGAA-1,1.0
TTATTAGAGCGTGTTC-1,
TTATTAGGGAAGCATC-1,1.0
TTCAAAGTCTCTAGCC-1,
TTCAACGACCCGACCG-1,
TTCAAGCCGAGCTGAG-1,
TTCAATACTCTGAATC-1,
TTCACTCGAGCACCTA-1,
TTCACTTCCTAGAACG-1,
TTCAGCCCTGGTCCAC-1,
TTCAGCTGGCGTGCCC-1,
TTCAGGCGTCAAAGCC-1,
TTCATGGCGCAACAGG-1,1.0
TTCCAATCAGAGCTAG-1,
TTCCAATCTGGCTATC-1,
TTCCACACAGATTTGA-1,1.0
TTCCAGACGAGATTTA-1,
TTCCCGGCGCCAATAG-1,
TTCCGCAGAGAAATAT-1,
TTCCGCGTGAGGCGAT-1,
TTCCGGCCTTGAGGCT-1,1.0
TTCCGGTATCTGTGTC-1,
TTCCGGTTACCCACTT-1,
TTCCTCGAGGGTGTCT-1,1.0
TTCCTCGGACTAACCA-1,1.0
TTCCTCTGCCCGAATA-1,
TTCGACAGAGCCCGTG-1,1.0
TTCGACGGGAAGGGCG-1,
TTCGCACTCGCGTGCT-1,
TTCGCACTGTACGACA-1,
TTCGCGCGCCATACGA-1,
TTCGCTATCTGACGTG-1,1.0
TTCGGCAACCCGCTGA-1,
TTCGGCTAGAGATGGT-1,1.0
TTCGGGACTAATCGCG-1,
TTCGGGCGCTAGTCTT-1,1.0
TTCGGTACTGTAGAGG-1,1.0
TTCGTAATCCCAGCGG-1,
TTCGTACTCCAGAACG-1,
TTCGTTCAACGAAGTT-1,1.0
TTCTAACCGAAGCTTA-1,
TTCTACTTGCGAGGGC-1,
TTCTAGAAAGTCTTAT-1,
TTCTAGGCCAATTGTG-1,1.0
TTCTGCCGCGCCTAGA-1,1.0
TTCTGCGAGCGCCCTT-1,1.0
TTCTGCGGGTTAGCGG-1,1.0
TTCTGCTAGACTCCAA-1,1.0
TTCTTAGTGAACGGTG-1,
TTCTTAGTGGCTCAGA-1,
TTCTTGAGCCGCGCTA-1,1.0
TTCTTGGACGATCTGC-1,
TTCTTGGAGTAATGAG-1,1.0
TTCTTGTAACCTAATG-1,
TTCTTTGGTCGCGACG-1,1.0
TTGAACGAATCCTTTG-1,1.0
TTGAACGACGTGCTGA-1,
TTGAAGAATTCCCAGG-1,
TTGAATATGGACTTTC-1,1.0
TTGAATCGTTGTATAA-1,
TTGACAGGAGCTCCCG-1,1.0
TTGACATGAACGTGGA-1,
TTGACCAGGAACAACT-1,
TTGACCATGTTCTCCG-1,
TTGACCGTGTTAATGA-1,1.0
TTGACGATTCAGCACG-1,
TTGACGCTCCATGAGC-1,
TTGACTACCATATGGT-1,
TTGACTATTGTCCGGC-1,
TTGAGAGTACTGCTAA-1,
TTGATCTAACTTTGTC-1,
TTGATGTGTAGTCCCG-1,1.0
TTGATTAGCTGTTTCT-1,
TTGATTATGCAGATGA-1,1.0
TTGCACAATTCAGAAA-1,
TTGCACGGAGCAGCAC-1,
TTGCATGCTGATCACG-1,1.0
TTGCCAAGCAGAACCC-1,
TTGCCATAGCCCGCTC-1,1.0
TTGCCCTGATCACGGG-1,
TTGCCGCTTTCTAGTA-1,
TTGCGGCATCAGAAAG-1,1.0
TTGCGTCGGCCAACCG-1,1.0
TTGCGTGAACGCTTAG-1,1.0
TTGCTCCCATACCGGA-1,1.0
TTGCTGAAGGAACCAC-1,
TTGCTGATCATGTTCG-1,
TTGGAAGAATACAGTC-1,
TTGGACATGTGGCTTA-1,
TTGGACCATCTGGCAA-1,
TTGGACCTATAACAGT-1,1.0
TTGGAGTCTCCCTTCT-1,
TTGGATATCGTCTACG-1,1.0
TTGGATCGACTTCTGG-1,
TTGGATTGGGTACCAC-1,
TTGGCCTAGAATTTCG-1,
TTGGCTCGCATGAGAC-1,
TTGGGAAGACGAGCCG-1,1.0
TTGGGACACTGCCCGC-1,1.0
TTGGGACGTAAGAGTT-1,
TTGGGCGGCGGTTGCC-1,
TTGGTCACACTCGTAA-1,1.0
TTGGTTGCGGTGCGCG-1,1.0
TTGTAAGGACCTAAGT-1,
TTGTAAGGCCAGTTGG-1,
TTGTAATCCGTACTCG-1,
TTGTATCACACAGAAT-1,1.0
TTGTCGTTCAGTTACC-1,1.0
TTGTGAACCTAATCCG-1,1.0
TTGTGAGGCATGACGC-1,
TTGTGCAGCCACGTCA-1,
TTGTGGCCCTGACAGT-1,
TTGTGGTAGGAGGGAT-1,1.0
TTGTGTATGCCACCAA-1,1.0
TTGTGTTTCCCGAAAG-1,
TTGTTAGCAAATTCGA-1,
TTGTTCAGTGTGCTAC-1,
TTGTTGTGTGTCAAGA-1,1.0
TTGTTTCACATCCAGG-1,
TTGTTTCATTAGTCTA-1,1.0
TTGTTTCCATACAACT-1,
